<?xml version="1.0" encoding="UTF-8"?>
<gpx version="1.1" creator="komootgpx-js-server" schemaLocation="http://www.topografix.com/GPX/1/1 http://www.topografix.com/GPX/1/1/gpx.xsd http://www.garmin.com/xmlschemas/GpxExtensions/v3 http://www.garmin.com/xmlschemas/GpxExtensionsv3.xsd http://www.garmin.com/xmlschemas/TrackPointExtension/v1 http://www.garmin.com/xmlschemas/TrackPointExtensionv1.xsd http://www.garmin.com/xmlschemas/PowerExtension/v1 http://www.garmin.com/xmlschemas/PowerExtensionv1.xsd http://www.topografix.com/GPX/gpx_style/0/2 http://www.topografix.com/GPX/gpx_style/0/2/gpx_style.xsd" xmlns="http://www.topografix.com/GPX/1/1" xmlns:xsi="http://www.w3.org/2001/XMLSchema-instance" xsi:schemaLocation="http://www.topografix.com/GPX/1/1 http://www.topografix.com/GPX/1/1/gpx.xsd http://www.garmin.com/xmlschemas/GpxExtensions/v3 http://www.garmin.com/xmlschemas/GpxExtensionsv3.xsd http://www.garmin.com/xmlschemas/TrackPointExtension/v1 http://www.garmin.com/xmlschemas/TrackPointExtensionv1.xsd http://www.garmin.com/xmlschemas/PowerExtension/v1 http://www.garmin.com/xmlschemas/PowerExtensionv1.xsd http://www.topografix.com/GPX/gpx_style/0/2 http://www.topografix.com/GPX/gpx_style/0/2/gpx_style.xsd" xmlns:gpxtpx="http://www.garmin.com/xmlschemas/TrackPointExtension/v1" xmlns:gpxx="http://www.garmin.com/xmlschemas/GpxExtensions/v3" xmlns:gpxpx="http://www.garmin.com/xmlschemas/PowerExtension/v1" xmlns:gpx_style="http://www.topografix.com/GPX/gpx_style/0/2">
  <metadata>
    <name>Alè Duron!</name>
    <desc>#activity=gravel</desc>
    <author>
      <name>gpx.studio</name>
      <link href="https://gpx.studio"/>
    </author>
  </metadata>
  <wpt lat="46.310144" lon="11.659217">
    <ele>1117.995868465274</ele>
    <name>Campeggio Bellamonte</name>
    <cmt>#ico=camping</cmt>
    <desc>#ico=camping</desc>
  </wpt>
  <wpt lat="46.312838" lon="11.718195">
    <ele>1818.1365254229495</ele>
    <name>Col de Cheta</name>
    <cmt>#ico=mountain_flag</cmt>
    <desc>#ico=mountain_flag</desc>
  </wpt>
  <wpt lat="46.338612" lon="11.800252">
    <ele>1820.695064742397</ele>
    <name>Passo Valles</name>
    <cmt>#ico=landscape</cmt>
    <desc>#ico=landscape</desc>
  </wpt>
  <wpt lat="46.367467" lon="11.812537">
    <ele>2292.795695493529</ele>
    <name>Col Cavietta</name>
    <cmt>#ico=mountain_flag</cmt>
    <desc>#ico=mountain_flag</desc>
    <sym>Summit</sym>
  </wpt>
  <wpt lat="46.392637" lon="11.828025">
    <ele>1777.9558034722031</ele>
    <name>Rifugio Fuciade</name>
    <cmt>#ico=cottage</cmt>
    <desc>#ico=cottage</desc>
  </wpt>
  <wpt lat="46.378356" lon="11.791718">
    <ele>1720.5846974219637</ele>
    <name>Passo san Pellegrino</name>
    <cmt>#ico=landscape</cmt>
    <desc>#ico=landscape</desc>
  </wpt>
  <wpt lat="46.343915" lon="11.701214">
    <ele>2051.8407440730944</ele>
    <name>Passo Lusia</name>
    <cmt>#ico=landscape</cmt>
    <desc>#ico=landscape</desc>
  </wpt>
  <wpt lat="46.490687" lon="11.707317">
    <ele>1794.2654379423973</ele>
    <name>Rifugio Micheluzzi</name>
    <cmt>#ico=cottage</cmt>
    <desc>#ico=cottage</desc>
  </wpt>
  <wpt lat="46.500019" lon="11.650938">
    <ele>2288.7325332733517</ele>
    <name>Passo Duron</name>
    <cmt>#ico=landscape</cmt>
    <desc>#ico=landscape</desc>
  </wpt>
  <trk>
    <name>🚵 Giorno I</name>
    <extensions>
      <gpx_style:line>
        <gpx_style:color>f6d32d</gpx_style:color>
        <gpx_style:opacity>1</gpx_style:opacity>
        <gpx_style:width>2</gpx_style:width>
      </gpx_style:line>
    </extensions>
    <trkseg>
      <trkpt lat="46.069629" lon="11.135803">
        <ele>262.7</ele>
        <time>2024-07-14T08:00:00.000Z</time>
      </trkpt>
      <trkpt lat="46.06959" lon="11.136487">
        <ele>263.4</ele>
        <time>2024-07-14T08:00:27.259Z</time>
      </trkpt>
      <trkpt lat="46.069587" lon="11.136542">
        <ele>263.5</ele>
        <time>2024-07-14T08:00:29.571Z</time>
      </trkpt>
      <trkpt lat="46.069932" lon="11.136633">
        <ele>265</ele>
        <time>2024-07-14T08:00:51.928Z</time>
      </trkpt>
      <trkpt lat="46.069975" lon="11.136667">
        <ele>265.3</ele>
        <time>2024-07-14T08:00:55.151Z</time>
      </trkpt>
      <trkpt lat="46.070015" lon="11.136641">
        <ele>265.5</ele>
        <time>2024-07-14T08:00:58.035Z</time>
      </trkpt>
      <trkpt lat="46.070119" lon="11.136582">
        <ele>266.2</ele>
        <time>2024-07-14T08:01:05.412Z</time>
      </trkpt>
      <trkpt lat="46.070297" lon="11.136482">
        <ele>267.6</ele>
        <time>2024-07-14T08:01:18.665Z</time>
      </trkpt>
      <trkpt lat="46.070547" lon="11.136438">
        <ele>269.8</ele>
        <time>2024-07-14T08:01:36.139Z</time>
      </trkpt>
      <trkpt lat="46.071157" lon="11.136449">
        <ele>276</ele>
        <time>2024-07-14T08:02:20.125Z</time>
      </trkpt>
      <trkpt lat="46.071196" lon="11.136461">
        <ele>276.3</ele>
        <time>2024-07-14T08:02:23.002Z</time>
      </trkpt>
      <trkpt lat="46.071586" lon="11.136566">
        <ele>279.6</ele>
        <time>2024-07-14T08:02:51.033Z</time>
      </trkpt>
      <trkpt lat="46.071696" lon="11.136539">
        <ele>280.4</ele>
        <time>2024-07-14T08:02:58.855Z</time>
      </trkpt>
      <trkpt lat="46.071768" lon="11.136421">
        <ele>281.3</ele>
        <time>2024-07-14T08:03:06.435Z</time>
      </trkpt>
      <trkpt lat="46.071864" lon="11.136416">
        <ele>282</ele>
        <time>2024-07-14T08:03:13.017Z</time>
      </trkpt>
      <trkpt lat="46.07196" lon="11.136406">
        <ele>282.7</ele>
        <time>2024-07-14T08:03:19.611Z</time>
      </trkpt>
      <trkpt lat="46.072158" lon="11.136512">
        <ele>283.9</ele>
        <time>2024-07-14T08:03:34.084Z</time>
      </trkpt>
      <trkpt lat="46.072381" lon="11.136636">
        <ele>284.6</ele>
        <time>2024-07-14T08:03:49.532Z</time>
      </trkpt>
      <trkpt lat="46.072537" lon="11.136797">
        <ele>285.3</ele>
        <time>2024-07-14T08:04:01.354Z</time>
      </trkpt>
      <trkpt lat="46.072671" lon="11.136996">
        <ele>286</ele>
        <time>2024-07-14T08:04:13.247Z</time>
      </trkpt>
      <trkpt lat="46.072769" lon="11.137038">
        <ele>286.4</ele>
        <time>2024-07-14T08:04:19.693Z</time>
      </trkpt>
      <trkpt lat="46.072794" lon="11.137051">
        <ele>286.5</ele>
        <time>2024-07-14T08:04:21.374Z</time>
      </trkpt>
      <trkpt lat="46.072799" lon="11.136837">
        <ele>287.2</ele>
        <time>2024-07-14T08:04:30.777Z</time>
      </trkpt>
      <trkpt lat="46.072788" lon="11.136728">
        <ele>287.5</ele>
        <time>2024-07-14T08:04:35.825Z</time>
      </trkpt>
      <trkpt lat="46.072758" lon="11.136659">
        <ele>287.8</ele>
        <time>2024-07-14T08:04:39.557Z</time>
      </trkpt>
      <trkpt lat="46.072544" lon="11.136446">
        <ele>289.7</ele>
        <time>2024-07-14T08:04:56.737Z</time>
      </trkpt>
      <trkpt lat="46.073128" lon="11.136565">
        <ele>295.5</ele>
        <time>2024-07-14T08:05:38.575Z</time>
      </trkpt>
      <trkpt lat="46.073694" lon="11.13662">
        <ele>301.6</ele>
        <time>2024-07-14T08:06:20.147Z</time>
      </trkpt>
      <trkpt lat="46.074043" lon="11.136683">
        <ele>305.1</ele>
        <time>2024-07-14T08:06:45.866Z</time>
      </trkpt>
      <trkpt lat="46.073978" lon="11.13658">
        <ele>305.8</ele>
        <time>2024-07-14T08:06:52.673Z</time>
      </trkpt>
      <trkpt lat="46.073946" lon="11.136418">
        <ele>306.6</ele>
        <time>2024-07-14T08:07:00.850Z</time>
      </trkpt>
      <trkpt lat="46.073969" lon="11.13625">
        <ele>307.3</ele>
        <time>2024-07-14T08:07:08.853Z</time>
      </trkpt>
      <trkpt lat="46.074008" lon="11.136149">
        <ele>307.8</ele>
        <time>2024-07-14T08:07:14.183Z</time>
      </trkpt>
      <trkpt lat="46.074101" lon="11.13604">
        <ele>308.5</ele>
        <time>2024-07-14T08:07:22.151Z</time>
      </trkpt>
      <trkpt lat="46.074127" lon="11.135934">
        <ele>308.9</ele>
        <time>2024-07-14T08:07:27.211Z</time>
      </trkpt>
      <trkpt lat="46.074074" lon="11.135749">
        <ele>309.4</ele>
        <time>2024-07-14T08:07:36.135Z</time>
      </trkpt>
      <trkpt lat="46.074077" lon="11.135531">
        <ele>309.9</ele>
        <time>2024-07-14T08:07:45.779Z</time>
      </trkpt>
      <trkpt lat="46.074063" lon="11.135462">
        <ele>310</ele>
        <time>2024-07-14T08:07:48.793Z</time>
      </trkpt>
      <trkpt lat="46.07425" lon="11.135219">
        <ele>310.4</ele>
        <time>2024-07-14T08:08:04.008Z</time>
      </trkpt>
      <trkpt lat="46.074548" lon="11.134956">
        <ele>310.6</ele>
        <time>2024-07-14T08:08:23.684Z</time>
      </trkpt>
      <trkpt lat="46.074853" lon="11.134704">
        <ele>310.3</ele>
        <time>2024-07-14T08:08:42.450Z</time>
      </trkpt>
      <trkpt lat="46.075073" lon="11.134462">
        <ele>310.3</ele>
        <time>2024-07-14T08:08:57.128Z</time>
      </trkpt>
      <trkpt lat="46.075145" lon="11.134412">
        <ele>310.4</ele>
        <time>2024-07-14T08:09:01.495Z</time>
      </trkpt>
      <trkpt lat="46.075288" lon="11.134272">
        <ele>310.5</ele>
        <time>2024-07-14T08:09:10.938Z</time>
      </trkpt>
      <trkpt lat="46.075754" lon="11.133973">
        <ele>309.7</ele>
        <time>2024-07-14T08:09:37.374Z</time>
      </trkpt>
      <trkpt lat="46.075905" lon="11.134084">
        <ele>309.1</ele>
        <time>2024-07-14T08:09:45.520Z</time>
      </trkpt>
      <trkpt lat="46.076013" lon="11.134099">
        <ele>308.8</ele>
        <time>2024-07-14T08:09:50.429Z</time>
      </trkpt>
      <trkpt lat="46.076105" lon="11.134066">
        <ele>308.4</ele>
        <time>2024-07-14T08:09:54.720Z</time>
      </trkpt>
      <trkpt lat="46.076197" lon="11.133948">
        <ele>307.9</ele>
        <time>2024-07-14T08:10:00.292Z</time>
      </trkpt>
      <trkpt lat="46.076915" lon="11.132478">
        <ele>300</ele>
        <time>2024-07-14T08:10:51.288Z</time>
      </trkpt>
      <trkpt lat="46.077043" lon="11.132067">
        <ele>298.2</ele>
        <time>2024-07-14T08:11:03.859Z</time>
      </trkpt>
      <trkpt lat="46.077044" lon="11.132025">
        <ele>298.1</ele>
        <time>2024-07-14T08:11:05.099Z</time>
      </trkpt>
      <trkpt lat="46.077016" lon="11.131988">
        <ele>297.9</ele>
        <time>2024-07-14T08:11:06.715Z</time>
      </trkpt>
      <trkpt lat="46.077043" lon="11.131874">
        <ele>297.5</ele>
        <time>2024-07-14T08:11:10.271Z</time>
      </trkpt>
      <trkpt lat="46.0771" lon="11.131753">
        <ele>297.1</ele>
        <time>2024-07-14T08:11:14.743Z</time>
      </trkpt>
      <trkpt lat="46.077127" lon="11.131604">
        <ele>296.7</ele>
        <time>2024-07-14T08:11:19.451Z</time>
      </trkpt>
      <trkpt lat="46.077266" lon="11.130516">
        <ele>293.9</ele>
        <time>2024-07-14T08:11:53.869Z</time>
      </trkpt>
      <trkpt lat="46.077279" lon="11.130445">
        <ele>293.8</ele>
        <time>2024-07-14T08:11:56.190Z</time>
      </trkpt>
      <trkpt lat="46.077303" lon="11.13031">
        <ele>293.5</ele>
        <time>2024-07-14T08:12:00.692Z</time>
      </trkpt>
      <trkpt lat="46.077356" lon="11.130109">
        <ele>293</ele>
        <time>2024-07-14T08:12:07.638Z</time>
      </trkpt>
      <trkpt lat="46.077497" lon="11.129248">
        <ele>290.7</ele>
        <time>2024-07-14T08:12:35.565Z</time>
      </trkpt>
      <trkpt lat="46.077592" lon="11.128939">
        <ele>289.6</ele>
        <time>2024-07-14T08:12:45.981Z</time>
      </trkpt>
      <trkpt lat="46.077722" lon="11.128659">
        <ele>288.6</ele>
        <time>2024-07-14T08:12:56.055Z</time>
      </trkpt>
      <trkpt lat="46.077857" lon="11.12845">
        <ele>287.6</ele>
        <time>2024-07-14T08:13:04.601Z</time>
      </trkpt>
      <trkpt lat="46.078072" lon="11.128188">
        <ele>286.5</ele>
        <time>2024-07-14T08:13:16.911Z</time>
      </trkpt>
      <trkpt lat="46.079517" lon="11.127144">
        <ele>281.6</ele>
        <time>2024-07-14T08:14:31.723Z</time>
      </trkpt>
      <trkpt lat="46.079861" lon="11.126841">
        <ele>279.6</ele>
        <time>2024-07-14T08:14:50.155Z</time>
      </trkpt>
      <trkpt lat="46.080076" lon="11.126594">
        <ele>278.3</ele>
        <time>2024-07-14T08:15:01.906Z</time>
      </trkpt>
      <trkpt lat="46.080108" lon="11.126588">
        <ele>278.2</ele>
        <time>2024-07-14T08:15:03.295Z</time>
      </trkpt>
      <trkpt lat="46.080139" lon="11.126582">
        <ele>278</ele>
        <time>2024-07-14T08:15:04.644Z</time>
      </trkpt>
      <trkpt lat="46.080174" lon="11.126576">
        <ele>277.9</ele>
        <time>2024-07-14T08:15:06.161Z</time>
      </trkpt>
      <trkpt lat="46.080207" lon="11.126518">
        <ele>277.6</ele>
        <time>2024-07-14T08:15:08.405Z</time>
      </trkpt>
      <trkpt lat="46.080231" lon="11.126477">
        <ele>277.5</ele>
        <time>2024-07-14T08:15:10.009Z</time>
      </trkpt>
      <trkpt lat="46.08025" lon="11.126441">
        <ele>277.3</ele>
        <time>2024-07-14T08:15:11.365Z</time>
      </trkpt>
      <trkpt lat="46.081793" lon="11.125986">
        <ele>272.3</ele>
        <time>2024-07-14T08:16:23.627Z</time>
      </trkpt>
      <trkpt lat="46.085169" lon="11.125158">
        <ele>261</ele>
        <time>2024-07-14T08:19:01.380Z</time>
      </trkpt>
      <trkpt lat="46.085592" lon="11.125086">
        <ele>259.3</ele>
        <time>2024-07-14T08:19:20.893Z</time>
      </trkpt>
      <trkpt lat="46.087061" lon="11.124986">
        <ele>252.7</ele>
        <time>2024-07-14T08:20:25.110Z</time>
      </trkpt>
      <trkpt lat="46.087323" lon="11.124926">
        <ele>251.2</ele>
        <time>2024-07-14T08:20:36.535Z</time>
      </trkpt>
      <trkpt lat="46.087646" lon="11.124794">
        <ele>249</ele>
        <time>2024-07-14T08:20:50.031Z</time>
      </trkpt>
      <trkpt lat="46.087967" lon="11.124604">
        <ele>246.5</ele>
        <time>2024-07-14T08:21:03.542Z</time>
      </trkpt>
      <trkpt lat="46.08897" lon="11.123869">
        <ele>236.9</ele>
        <time>2024-07-14T08:21:44.987Z</time>
      </trkpt>
      <trkpt lat="46.088995" lon="11.123798">
        <ele>236.5</ele>
        <time>2024-07-14T08:21:46.999Z</time>
      </trkpt>
      <trkpt lat="46.088966" lon="11.123668">
        <ele>235.7</ele>
        <time>2024-07-14T08:21:50.482Z</time>
      </trkpt>
      <trkpt lat="46.089008" lon="11.123591">
        <ele>235.1</ele>
        <time>2024-07-14T08:21:52.979Z</time>
      </trkpt>
      <trkpt lat="46.089461" lon="11.123276">
        <ele>230.9</ele>
        <time>2024-07-14T08:22:11.429Z</time>
      </trkpt>
      <trkpt lat="46.08969" lon="11.12322">
        <ele>228.2</ele>
        <time>2024-07-14T08:22:19.614Z</time>
      </trkpt>
      <trkpt lat="46.090034" lon="11.123062">
        <ele>223.8</ele>
        <time>2024-07-14T08:22:31.331Z</time>
      </trkpt>
      <trkpt lat="46.09043" lon="11.122773">
        <ele>219.1</ele>
        <time>2024-07-14T08:22:46.011Z</time>
      </trkpt>
      <trkpt lat="46.090192" lon="11.12245">
        <ele>215.8</ele>
        <time>2024-07-14T08:22:57.142Z</time>
      </trkpt>
      <trkpt lat="46.090647" lon="11.122244">
        <ele>211</ele>
        <time>2024-07-14T08:23:13.547Z</time>
      </trkpt>
      <trkpt lat="46.090912" lon="11.122184">
        <ele>208.5</ele>
        <time>2024-07-14T08:23:22.864Z</time>
      </trkpt>
      <trkpt lat="46.091113" lon="11.1221">
        <ele>207</ele>
        <time>2024-07-14T08:23:30.526Z</time>
      </trkpt>
      <trkpt lat="46.0914" lon="11.12195">
        <ele>206</ele>
        <time>2024-07-14T08:23:43.553Z</time>
      </trkpt>
      <trkpt lat="46.091529" lon="11.121776">
        <ele>205.7</ele>
        <time>2024-07-14T08:23:51.914Z</time>
      </trkpt>
      <trkpt lat="46.091802" lon="11.121667">
        <ele>205.1</ele>
        <time>2024-07-14T08:24:05.807Z</time>
      </trkpt>
      <trkpt lat="46.092513" lon="11.121625">
        <ele>203.5</ele>
        <time>2024-07-14T08:24:40.284Z</time>
      </trkpt>
      <trkpt lat="46.092792" lon="11.121607">
        <ele>202.9</ele>
        <time>2024-07-14T08:24:53.808Z</time>
      </trkpt>
      <trkpt lat="46.093717" lon="11.121398">
        <ele>200</ele>
        <time>2024-07-14T08:25:37.739Z</time>
      </trkpt>
      <trkpt lat="46.094331" lon="11.121099">
        <ele>196.8</ele>
        <time>2024-07-14T08:26:06.758Z</time>
      </trkpt>
      <trkpt lat="46.094542" lon="11.121046">
        <ele>195.9</ele>
        <time>2024-07-14T08:26:16.005Z</time>
      </trkpt>
      <trkpt lat="46.094598" lon="11.120966">
        <ele>195.6</ele>
        <time>2024-07-14T08:26:19.520Z</time>
      </trkpt>
      <trkpt lat="46.094627" lon="11.120796">
        <ele>195.1</ele>
        <time>2024-07-14T08:26:24.931Z</time>
      </trkpt>
      <trkpt lat="46.094622" lon="11.12064">
        <ele>194.7</ele>
        <time>2024-07-14T08:26:29.759Z</time>
      </trkpt>
      <trkpt lat="46.094712" lon="11.120604">
        <ele>194.4</ele>
        <time>2024-07-14T08:26:33.948Z</time>
      </trkpt>
      <trkpt lat="46.094754" lon="11.120587">
        <ele>194.2</ele>
        <time>2024-07-14T08:26:35.903Z</time>
      </trkpt>
      <trkpt lat="46.095566" lon="11.120265">
        <ele>192.4</ele>
        <time>2024-07-14T08:27:15.725Z</time>
      </trkpt>
      <trkpt lat="46.095726" lon="11.120235">
        <ele>192.3</ele>
        <time>2024-07-14T08:27:23.783Z</time>
      </trkpt>
      <trkpt lat="46.095725" lon="11.120181">
        <ele>192.3</ele>
        <time>2024-07-14T08:27:25.761Z</time>
      </trkpt>
      <trkpt lat="46.095952" lon="11.120143">
        <ele>192.2</ele>
        <time>2024-07-14T08:27:37.830Z</time>
      </trkpt>
      <trkpt lat="46.09595" lon="11.12009">
        <ele>192.2</ele>
        <time>2024-07-14T08:27:39.774Z</time>
      </trkpt>
      <trkpt lat="46.096001" lon="11.120024">
        <ele>192.2</ele>
        <time>2024-07-14T08:27:43.409Z</time>
      </trkpt>
      <trkpt lat="46.096244" lon="11.119124">
        <ele>192.1</ele>
        <time>2024-07-14T08:28:19.081Z</time>
      </trkpt>
      <trkpt lat="46.096409" lon="11.118702">
        <ele>191.9</ele>
        <time>2024-07-14T08:28:36.836Z</time>
      </trkpt>
      <trkpt lat="46.096468" lon="11.118629">
        <ele>191.9</ele>
        <time>2024-07-14T08:28:40.894Z</time>
      </trkpt>
      <trkpt lat="46.096469" lon="11.118586">
        <ele>191.8</ele>
        <time>2024-07-14T08:28:42.452Z</time>
      </trkpt>
      <trkpt lat="46.096469" lon="11.118569">
        <ele>191.8</ele>
        <time>2024-07-14T08:28:43.067Z</time>
      </trkpt>
      <trkpt lat="46.096481" lon="11.118319">
        <ele>191.7</ele>
        <time>2024-07-14T08:28:52.117Z</time>
      </trkpt>
      <trkpt lat="46.096641" lon="11.117676">
        <ele>191.5</ele>
        <time>2024-07-14T08:29:16.970Z</time>
      </trkpt>
      <trkpt lat="46.096766" lon="11.116525">
        <ele>191.4</ele>
        <time>2024-07-14T08:29:59.916Z</time>
      </trkpt>
      <trkpt lat="46.096906" lon="11.115905">
        <ele>191.4</ele>
        <time>2024-07-14T08:30:24.122Z</time>
      </trkpt>
      <trkpt lat="46.096943" lon="11.11584">
        <ele>191.5</ele>
        <time>2024-07-14T08:30:27.278Z</time>
      </trkpt>
      <trkpt lat="46.096958" lon="11.115735">
        <ele>191.5</ele>
        <time>2024-07-14T08:30:31.342Z</time>
      </trkpt>
      <trkpt lat="46.097018" lon="11.115211">
        <ele>191.6</ele>
        <time>2024-07-14T08:30:51.481Z</time>
      </trkpt>
      <trkpt lat="46.097003" lon="11.114785">
        <ele>191.8</ele>
        <time>2024-07-14T08:31:07.663Z</time>
      </trkpt>
      <trkpt lat="46.096975" lon="11.114547">
        <ele>191.8</ele>
        <time>2024-07-14T08:31:16.847Z</time>
      </trkpt>
      <trkpt lat="46.097" lon="11.11442">
        <ele>191.9</ele>
        <time>2024-07-14T08:31:21.805Z</time>
      </trkpt>
      <trkpt lat="46.09705" lon="11.114332">
        <ele>191.9</ele>
        <time>2024-07-14T08:31:26.072Z</time>
      </trkpt>
      <trkpt lat="46.097246" lon="11.11421">
        <ele>191.9</ele>
        <time>2024-07-14T08:31:37.621Z</time>
      </trkpt>
      <trkpt lat="46.097323" lon="11.114118">
        <ele>191.9</ele>
        <time>2024-07-14T08:31:43.058Z</time>
      </trkpt>
      <trkpt lat="46.097408" lon="11.113938">
        <ele>191.9</ele>
        <time>2024-07-14T08:31:51.217Z</time>
      </trkpt>
      <trkpt lat="46.097434" lon="11.113886">
        <ele>192</ele>
        <time>2024-07-14T08:31:53.627Z</time>
      </trkpt>
      <trkpt lat="46.097469" lon="11.113845">
        <ele>192</ele>
        <time>2024-07-14T08:31:56.070Z</time>
      </trkpt>
      <trkpt lat="46.097614" lon="11.113774">
        <ele>192</ele>
        <time>2024-07-14T08:32:04.372Z</time>
      </trkpt>
      <trkpt lat="46.098014" lon="11.113781">
        <ele>192</ele>
        <time>2024-07-14T08:32:25.984Z</time>
      </trkpt>
      <trkpt lat="46.098247" lon="11.113697">
        <ele>192.1</ele>
        <time>2024-07-14T08:32:38.961Z</time>
      </trkpt>
      <trkpt lat="46.098375" lon="11.113694">
        <ele>192.1</ele>
        <time>2024-07-14T08:32:45.840Z</time>
      </trkpt>
      <trkpt lat="46.098521" lon="11.113789">
        <ele>192.1</ele>
        <time>2024-07-14T08:32:54.445Z</time>
      </trkpt>
      <trkpt lat="46.098589" lon="11.113778">
        <ele>192</ele>
        <time>2024-07-14T08:32:58.091Z</time>
      </trkpt>
      <trkpt lat="46.098631" lon="11.113769">
        <ele>192</ele>
        <time>2024-07-14T08:33:00.353Z</time>
      </trkpt>
      <trkpt lat="46.098605" lon="11.11353">
        <ele>192</ele>
        <time>2024-07-14T08:33:09.293Z</time>
      </trkpt>
      <trkpt lat="46.098558" lon="11.113094">
        <ele>191.9</ele>
        <time>2024-07-14T08:33:25.532Z</time>
      </trkpt>
      <trkpt lat="46.098544" lon="11.112853">
        <ele>192</ele>
        <time>2024-07-14T08:33:34.543Z</time>
      </trkpt>
      <trkpt lat="46.098721" lon="11.112858">
        <ele>192</ele>
        <time>2024-07-14T08:33:44.154Z</time>
      </trkpt>
      <trkpt lat="46.098722" lon="11.112749">
        <ele>192</ele>
        <time>2024-07-14T08:33:48.258Z</time>
      </trkpt>
      <trkpt lat="46.099204" lon="11.112757">
        <ele>192.3</ele>
        <time>2024-07-14T08:34:14.670Z</time>
      </trkpt>
      <trkpt lat="46.099471" lon="11.112762">
        <ele>192.4</ele>
        <time>2024-07-14T08:34:29.359Z</time>
      </trkpt>
      <trkpt lat="46.100304" lon="11.112784">
        <ele>192.7</ele>
        <time>2024-07-14T08:35:14.850Z</time>
      </trkpt>
      <trkpt lat="46.100763" lon="11.112793">
        <ele>193</ele>
        <time>2024-07-14T08:35:40.025Z</time>
      </trkpt>
      <trkpt lat="46.100933" lon="11.112796">
        <ele>193</ele>
        <time>2024-07-14T08:35:49.355Z</time>
      </trkpt>
      <trkpt lat="46.101284" lon="11.112803">
        <ele>193</ele>
        <time>2024-07-14T08:36:08.214Z</time>
      </trkpt>
      <trkpt lat="46.101755" lon="11.112804">
        <ele>192.9</ele>
        <time>2024-07-14T08:36:33.379Z</time>
      </trkpt>
      <trkpt lat="46.101786" lon="11.112804">
        <ele>192.9</ele>
        <time>2024-07-14T08:36:35.030Z</time>
      </trkpt>
      <trkpt lat="46.101822" lon="11.112804">
        <ele>192.9</ele>
        <time>2024-07-14T08:36:36.965Z</time>
      </trkpt>
      <trkpt lat="46.102404" lon="11.112815">
        <ele>192.9</ele>
        <time>2024-07-14T08:37:08.235Z</time>
      </trkpt>
      <trkpt lat="46.102894" lon="11.112824">
        <ele>192.8</ele>
        <time>2024-07-14T08:37:34.449Z</time>
      </trkpt>
      <trkpt lat="46.10292" lon="11.112825">
        <ele>192.8</ele>
        <time>2024-07-14T08:37:35.837Z</time>
      </trkpt>
      <trkpt lat="46.102957" lon="11.112827">
        <ele>192.8</ele>
        <time>2024-07-14T08:37:37.825Z</time>
      </trkpt>
      <trkpt lat="46.102993" lon="11.112827">
        <ele>192.8</ele>
        <time>2024-07-14T08:37:39.758Z</time>
      </trkpt>
      <trkpt lat="46.103709" lon="11.112839">
        <ele>192.9</ele>
        <time>2024-07-14T08:38:18.440Z</time>
      </trkpt>
      <trkpt lat="46.103745" lon="11.11284">
        <ele>192.9</ele>
        <time>2024-07-14T08:38:20.389Z</time>
      </trkpt>
      <trkpt lat="46.103773" lon="11.112841">
        <ele>192.9</ele>
        <time>2024-07-14T08:38:21.912Z</time>
      </trkpt>
      <trkpt lat="46.103856" lon="11.112842">
        <ele>192.9</ele>
        <time>2024-07-14T08:38:26.423Z</time>
      </trkpt>
      <trkpt lat="46.10409" lon="11.112844">
        <ele>193</ele>
        <time>2024-07-14T08:38:39.143Z</time>
      </trkpt>
      <trkpt lat="46.104444" lon="11.11277">
        <ele>193.3</ele>
        <time>2024-07-14T08:38:58.827Z</time>
      </trkpt>
      <trkpt lat="46.104911" lon="11.112622">
        <ele>193.7</ele>
        <time>2024-07-14T08:39:25.479Z</time>
      </trkpt>
      <trkpt lat="46.105253" lon="11.112517">
        <ele>194.1</ele>
        <time>2024-07-14T08:39:45.078Z</time>
      </trkpt>
      <trkpt lat="46.105977" lon="11.112284">
        <ele>195.4</ele>
        <time>2024-07-14T08:40:27.704Z</time>
      </trkpt>
      <trkpt lat="46.106162" lon="11.112227">
        <ele>195.7</ele>
        <time>2024-07-14T08:40:38.665Z</time>
      </trkpt>
      <trkpt lat="46.106364" lon="11.112168">
        <ele>196.1</ele>
        <time>2024-07-14T08:40:50.657Z</time>
      </trkpt>
      <trkpt lat="46.106502" lon="11.112128">
        <ele>196.4</ele>
        <time>2024-07-14T08:40:58.797Z</time>
      </trkpt>
      <trkpt lat="46.106656" lon="11.112055">
        <ele>196.6</ele>
        <time>2024-07-14T08:41:08.194Z</time>
      </trkpt>
      <trkpt lat="46.106654" lon="11.111951">
        <ele>196.7</ele>
        <time>2024-07-14T08:41:12.393Z</time>
      </trkpt>
      <trkpt lat="46.1067" lon="11.111936">
        <ele>196.8</ele>
        <time>2024-07-14T08:41:15.135Z</time>
      </trkpt>
      <trkpt lat="46.106744" lon="11.111922">
        <ele>196.9</ele>
        <time>2024-07-14T08:41:17.753Z</time>
      </trkpt>
      <trkpt lat="46.106765" lon="11.111985">
        <ele>197</ele>
        <time>2024-07-14T08:41:20.567Z</time>
      </trkpt>
      <trkpt lat="46.106826" lon="11.112023">
        <ele>197.1</ele>
        <time>2024-07-14T08:41:24.424Z</time>
      </trkpt>
      <trkpt lat="46.106988" lon="11.111972">
        <ele>197.5</ele>
        <time>2024-07-14T08:41:34.049Z</time>
      </trkpt>
      <trkpt lat="46.106997" lon="11.112021">
        <ele>197.5</ele>
        <time>2024-07-14T08:41:36.103Z</time>
      </trkpt>
      <trkpt lat="46.107002" lon="11.112054">
        <ele>197.6</ele>
        <time>2024-07-14T08:41:37.476Z</time>
      </trkpt>
      <trkpt lat="46.107014" lon="11.112098">
        <ele>197.6</ele>
        <time>2024-07-14T08:41:39.397Z</time>
      </trkpt>
      <trkpt lat="46.107037" lon="11.112119">
        <ele>197.7</ele>
        <time>2024-07-14T08:41:40.993Z</time>
      </trkpt>
      <trkpt lat="46.107071" lon="11.112069">
        <ele>197.8</ele>
        <time>2024-07-14T08:41:43.839Z</time>
      </trkpt>
      <trkpt lat="46.107192" lon="11.111966">
        <ele>198.1</ele>
        <time>2024-07-14T08:41:52.070Z</time>
      </trkpt>
      <trkpt lat="46.107546" lon="11.111855">
        <ele>198.9</ele>
        <time>2024-07-14T08:42:13.408Z</time>
      </trkpt>
      <trkpt lat="46.107567" lon="11.111846">
        <ele>199</ele>
        <time>2024-07-14T08:42:14.696Z</time>
      </trkpt>
      <trkpt lat="46.107911" lon="11.111726">
        <ele>199.7</ele>
        <time>2024-07-14T08:42:35.540Z</time>
      </trkpt>
      <trkpt lat="46.108165" lon="11.111657">
        <ele>200.1</ele>
        <time>2024-07-14T08:42:50.593Z</time>
      </trkpt>
      <trkpt lat="46.108219" lon="11.111646">
        <ele>200.2</ele>
        <time>2024-07-14T08:42:53.702Z</time>
      </trkpt>
      <trkpt lat="46.10848" lon="11.11158">
        <ele>200.5</ele>
        <time>2024-07-14T08:43:08.820Z</time>
      </trkpt>
      <trkpt lat="46.108781" lon="11.11146">
        <ele>200.7</ele>
        <time>2024-07-14T08:43:26.311Z</time>
      </trkpt>
      <trkpt lat="46.108913" lon="11.111363">
        <ele>200.7</ele>
        <time>2024-07-14T08:43:34.324Z</time>
      </trkpt>
      <trkpt lat="46.108939" lon="11.111344">
        <ele>200.7</ele>
        <time>2024-07-14T08:43:35.869Z</time>
      </trkpt>
      <trkpt lat="46.109061" lon="11.111231">
        <ele>200.6</ele>
        <time>2024-07-14T08:43:43.556Z</time>
      </trkpt>
      <trkpt lat="46.109081" lon="11.111216">
        <ele>200.6</ele>
        <time>2024-07-14T08:43:44.728Z</time>
      </trkpt>
      <trkpt lat="46.109389" lon="11.11097">
        <ele>200.2</ele>
        <time>2024-07-14T08:44:03.032Z</time>
      </trkpt>
      <trkpt lat="46.10954" lon="11.110827">
        <ele>200</ele>
        <time>2024-07-14T08:44:12.207Z</time>
      </trkpt>
      <trkpt lat="46.109605" lon="11.110758">
        <ele>199.9</ele>
        <time>2024-07-14T08:44:16.279Z</time>
      </trkpt>
      <trkpt lat="46.109754" lon="11.110598">
        <ele>199.6</ele>
        <time>2024-07-14T08:44:25.691Z</time>
      </trkpt>
      <trkpt lat="46.109808" lon="11.110539">
        <ele>199.5</ele>
        <time>2024-07-14T08:44:29.134Z</time>
      </trkpt>
      <trkpt lat="46.109964" lon="11.11037">
        <ele>199.3</ele>
        <time>2024-07-14T08:44:39.038Z</time>
      </trkpt>
      <trkpt lat="46.110061" lon="11.110265">
        <ele>199.2</ele>
        <time>2024-07-14T08:44:45.194Z</time>
      </trkpt>
      <trkpt lat="46.11051" lon="11.1099">
        <ele>198.9</ele>
        <time>2024-07-14T08:45:11.917Z</time>
      </trkpt>
      <trkpt lat="46.110536" lon="11.10988">
        <ele>198.9</ele>
        <time>2024-07-14T08:45:13.473Z</time>
      </trkpt>
      <trkpt lat="46.110554" lon="11.109934">
        <ele>198.9</ele>
        <time>2024-07-14T08:45:15.704Z</time>
      </trkpt>
      <trkpt lat="46.110581" lon="11.109915">
        <ele>198.9</ele>
        <time>2024-07-14T08:45:17.317Z</time>
      </trkpt>
      <trkpt lat="46.110753" lon="11.10981">
        <ele>198.9</ele>
        <time>2024-07-14T08:45:27.350Z</time>
      </trkpt>
      <trkpt lat="46.110782" lon="11.109792">
        <ele>198.9</ele>
        <time>2024-07-14T08:45:29.047Z</time>
      </trkpt>
      <trkpt lat="46.111314" lon="11.109457">
        <ele>199.3</ele>
        <time>2024-07-14T08:46:00.857Z</time>
      </trkpt>
      <trkpt lat="46.111674" lon="11.109236">
        <ele>199.5</ele>
        <time>2024-07-14T08:46:22.457Z</time>
      </trkpt>
      <trkpt lat="46.112026" lon="11.108974">
        <ele>199.6</ele>
        <time>2024-07-14T08:46:44.101Z</time>
      </trkpt>
      <trkpt lat="46.113378" lon="11.107739">
        <ele>199.1</ele>
        <time>2024-07-14T08:48:09.302Z</time>
      </trkpt>
      <trkpt lat="46.113548" lon="11.1076">
        <ele>199</ele>
        <time>2024-07-14T08:48:19.641Z</time>
      </trkpt>
      <trkpt lat="46.113867" lon="11.107388">
        <ele>199</ele>
        <time>2024-07-14T08:48:38.356Z</time>
      </trkpt>
      <trkpt lat="46.113945" lon="11.107301">
        <ele>199</ele>
        <time>2024-07-14T08:48:43.653Z</time>
      </trkpt>
      <trkpt lat="46.114003" lon="11.107307">
        <ele>199</ele>
        <time>2024-07-14T08:48:46.777Z</time>
      </trkpt>
      <trkpt lat="46.114059" lon="11.107425">
        <ele>199</ele>
        <time>2024-07-14T08:48:52.102Z</time>
      </trkpt>
      <trkpt lat="46.114098" lon="11.107425">
        <ele>199</ele>
        <time>2024-07-14T08:48:54.213Z</time>
      </trkpt>
      <trkpt lat="46.114134" lon="11.107425">
        <ele>199</ele>
        <time>2024-07-14T08:48:56.159Z</time>
      </trkpt>
      <trkpt lat="46.114154" lon="11.10731">
        <ele>199</ele>
        <time>2024-07-14T08:49:00.605Z</time>
      </trkpt>
      <trkpt lat="46.114184" lon="11.107281">
        <ele>199</ele>
        <time>2024-07-14T08:49:02.558Z</time>
      </trkpt>
      <trkpt lat="46.114381" lon="11.107271">
        <ele>199.1</ele>
        <time>2024-07-14T08:49:13.221Z</time>
      </trkpt>
      <trkpt lat="46.114756" lon="11.107457">
        <ele>199.3</ele>
        <time>2024-07-14T08:49:34.869Z</time>
      </trkpt>
      <trkpt lat="46.114799" lon="11.10743">
        <ele>199.3</ele>
        <time>2024-07-14T08:49:37.445Z</time>
      </trkpt>
      <trkpt lat="46.114955" lon="11.107296">
        <ele>199.4</ele>
        <time>2024-07-14T08:49:47.418Z</time>
      </trkpt>
      <trkpt lat="46.115132" lon="11.107306">
        <ele>199.5</ele>
        <time>2024-07-14T08:49:57.145Z</time>
      </trkpt>
      <trkpt lat="46.115849" lon="11.10737">
        <ele>200</ele>
        <time>2024-07-14T08:50:36.818Z</time>
      </trkpt>
      <trkpt lat="46.11623" lon="11.107507">
        <ele>200.8</ele>
        <time>2024-07-14T08:50:59.019Z</time>
      </trkpt>
      <trkpt lat="46.116553" lon="11.107743">
        <ele>201.4</ele>
        <time>2024-07-14T08:51:20.078Z</time>
      </trkpt>
      <trkpt lat="46.116848" lon="11.108011">
        <ele>202</ele>
        <time>2024-07-14T08:51:40.205Z</time>
      </trkpt>
      <trkpt lat="46.116915" lon="11.108018">
        <ele>202.1</ele>
        <time>2024-07-14T08:51:44.038Z</time>
      </trkpt>
      <trkpt lat="46.116964" lon="11.107961">
        <ele>202.1</ele>
        <time>2024-07-14T08:51:47.627Z</time>
      </trkpt>
      <trkpt lat="46.116993" lon="11.107917">
        <ele>202.2</ele>
        <time>2024-07-14T08:51:49.999Z</time>
      </trkpt>
      <trkpt lat="46.117111" lon="11.107877">
        <ele>202.3</ele>
        <time>2024-07-14T08:51:56.831Z</time>
      </trkpt>
      <trkpt lat="46.117273" lon="11.107868">
        <ele>202.5</ele>
        <time>2024-07-14T08:52:05.968Z</time>
      </trkpt>
      <trkpt lat="46.11841" lon="11.107952">
        <ele>203</ele>
        <time>2024-07-14T08:53:08.751Z</time>
      </trkpt>
      <trkpt lat="46.119322" lon="11.10801">
        <ele>203.4</ele>
        <time>2024-07-14T08:53:58.763Z</time>
      </trkpt>
      <trkpt lat="46.119515" lon="11.108151">
        <ele>203.7</ele>
        <time>2024-07-14T08:54:10.709Z</time>
      </trkpt>
      <trkpt lat="46.120886" lon="11.108425">
        <ele>206.1</ele>
        <time>2024-07-14T08:55:30.666Z</time>
      </trkpt>
      <trkpt lat="46.123159" lon="11.108925">
        <ele>210.5</ele>
        <time>2024-07-14T08:57:44.353Z</time>
      </trkpt>
      <trkpt lat="46.123753" lon="11.109094">
        <ele>212.4</ele>
        <time>2024-07-14T08:58:20.013Z</time>
      </trkpt>
      <trkpt lat="46.124133" lon="11.10922">
        <ele>213.7</ele>
        <time>2024-07-14T08:58:43.907Z</time>
      </trkpt>
      <trkpt lat="46.125006" lon="11.109221">
        <ele>217.4</ele>
        <time>2024-07-14T08:59:38.821Z</time>
      </trkpt>
      <trkpt lat="46.124404" lon="11.109473">
        <ele>221.2</ele>
        <time>2024-07-14T09:00:19.597Z</time>
      </trkpt>
      <trkpt lat="46.123893" lon="11.109878">
        <ele>226.4</ele>
        <time>2024-07-14T09:01:00.071Z</time>
      </trkpt>
      <trkpt lat="46.123844" lon="11.110015">
        <ele>227.5</ele>
        <time>2024-07-14T09:01:07.778Z</time>
      </trkpt>
      <trkpt lat="46.123868" lon="11.110094">
        <ele>228.2</ele>
        <time>2024-07-14T09:01:12.193Z</time>
      </trkpt>
      <trkpt lat="46.124385" lon="11.110284">
        <ele>234.7</ele>
        <time>2024-07-14T09:01:52.148Z</time>
      </trkpt>
      <trkpt lat="46.124492" lon="11.110278">
        <ele>236.1</ele>
        <time>2024-07-14T09:02:00.264Z</time>
      </trkpt>
      <trkpt lat="46.124689" lon="11.110203">
        <ele>239.1</ele>
        <time>2024-07-14T09:02:15.913Z</time>
      </trkpt>
      <trkpt lat="46.124857" lon="11.110237">
        <ele>241.6</ele>
        <time>2024-07-14T09:02:28.943Z</time>
      </trkpt>
      <trkpt lat="46.125292" lon="11.110683">
        <ele>249.9</ele>
        <time>2024-07-14T09:03:10.201Z</time>
      </trkpt>
      <trkpt lat="46.125332" lon="11.110772">
        <ele>251</ele>
        <time>2024-07-14T09:03:15.895Z</time>
      </trkpt>
      <trkpt lat="46.125276" lon="11.111055">
        <ele>254.1</ele>
        <time>2024-07-14T09:03:31.634Z</time>
      </trkpt>
      <trkpt lat="46.125096" lon="11.111231">
        <ele>257.3</ele>
        <time>2024-07-14T09:03:48.414Z</time>
      </trkpt>
      <trkpt lat="46.124759" lon="11.111573">
        <ele>263</ele>
        <time>2024-07-14T09:04:20.071Z</time>
      </trkpt>
      <trkpt lat="46.124379" lon="11.111838">
        <ele>268.2</ele>
        <time>2024-07-14T09:04:52.110Z</time>
      </trkpt>
      <trkpt lat="46.124312" lon="11.111909">
        <ele>269.1</ele>
        <time>2024-07-14T09:04:58.307Z</time>
      </trkpt>
      <trkpt lat="46.124205" lon="11.112129">
        <ele>271.1</ele>
        <time>2024-07-14T09:05:12.024Z</time>
      </trkpt>
      <trkpt lat="46.124181" lon="11.112183">
        <ele>271.5</ele>
        <time>2024-07-14T09:05:15.297Z</time>
      </trkpt>
      <trkpt lat="46.124203" lon="11.112212">
        <ele>271.8</ele>
        <time>2024-07-14T09:05:17.491Z</time>
      </trkpt>
      <trkpt lat="46.124165" lon="11.112241">
        <ele>272.3</ele>
        <time>2024-07-14T09:05:20.655Z</time>
      </trkpt>
      <trkpt lat="46.123384" lon="11.112758">
        <ele>281.8</ele>
        <time>2024-07-14T09:06:24.217Z</time>
      </trkpt>
      <trkpt lat="46.123322" lon="11.112883">
        <ele>283.2</ele>
        <time>2024-07-14T09:06:32.138Z</time>
      </trkpt>
      <trkpt lat="46.122976" lon="11.113554">
        <ele>292.2</ele>
        <time>2024-07-14T09:07:16.937Z</time>
      </trkpt>
      <trkpt lat="46.122855" lon="11.11389">
        <ele>297</ele>
        <time>2024-07-14T09:07:37.384Z</time>
      </trkpt>
      <trkpt lat="46.123019" lon="11.11436">
        <ele>304.1</ele>
        <time>2024-07-14T09:08:06.149Z</time>
      </trkpt>
      <trkpt lat="46.123248" lon="11.114598">
        <ele>310.2</ele>
        <time>2024-07-14T09:08:28.515Z</time>
      </trkpt>
      <trkpt lat="46.12355" lon="11.114914">
        <ele>318.4</ele>
        <time>2024-07-14T09:08:58.196Z</time>
      </trkpt>
      <trkpt lat="46.123584" lon="11.114989">
        <ele>319.8</ele>
        <time>2024-07-14T09:09:03.127Z</time>
      </trkpt>
      <trkpt lat="46.123608" lon="11.115121">
        <ele>321.7</ele>
        <time>2024-07-14T09:09:10.636Z</time>
      </trkpt>
      <trkpt lat="46.123601" lon="11.115321">
        <ele>324.3</ele>
        <time>2024-07-14T09:09:21.620Z</time>
      </trkpt>
      <trkpt lat="46.12327" lon="11.115937">
        <ele>333.5</ele>
        <time>2024-07-14T09:10:04.073Z</time>
      </trkpt>
      <trkpt lat="46.123138" lon="11.116171">
        <ele>336.4</ele>
        <time>2024-07-14T09:10:20.317Z</time>
      </trkpt>
      <trkpt lat="46.123106" lon="11.116276">
        <ele>337.5</ele>
        <time>2024-07-14T09:10:26.365Z</time>
      </trkpt>
      <trkpt lat="46.122828" lon="11.116569">
        <ele>341.9</ele>
        <time>2024-07-14T09:10:52.552Z</time>
      </trkpt>
      <trkpt lat="46.122713" lon="11.116777">
        <ele>344.1</ele>
        <time>2024-07-14T09:11:06.398Z</time>
      </trkpt>
      <trkpt lat="46.122703" lon="11.116948">
        <ele>345.3</ele>
        <time>2024-07-14T09:11:15.040Z</time>
      </trkpt>
      <trkpt lat="46.122688" lon="11.117007">
        <ele>345.7</ele>
        <time>2024-07-14T09:11:18.206Z</time>
      </trkpt>
      <trkpt lat="46.122642" lon="11.117197">
        <ele>346.9</ele>
        <time>2024-07-14T09:11:28.288Z</time>
      </trkpt>
      <trkpt lat="46.122647" lon="11.117293">
        <ele>347.4</ele>
        <time>2024-07-14T09:11:33.046Z</time>
      </trkpt>
      <trkpt lat="46.122651" lon="11.117382">
        <ele>347.9</ele>
        <time>2024-07-14T09:11:37.451Z</time>
      </trkpt>
      <trkpt lat="46.122611" lon="11.117617">
        <ele>349.3</ele>
        <time>2024-07-14T09:11:49.406Z</time>
      </trkpt>
      <trkpt lat="46.122455" lon="11.118009">
        <ele>352.5</ele>
        <time>2024-07-14T09:12:11.903Z</time>
      </trkpt>
      <trkpt lat="46.122336" lon="11.118201">
        <ele>354.5</ele>
        <time>2024-07-14T09:12:25.140Z</time>
      </trkpt>
      <trkpt lat="46.122266" lon="11.118276">
        <ele>355.5</ele>
        <time>2024-07-14T09:12:31.680Z</time>
      </trkpt>
      <trkpt lat="46.122186" lon="11.11829">
        <ele>356.5</ele>
        <time>2024-07-14T09:12:37.737Z</time>
      </trkpt>
      <trkpt lat="46.12209" lon="11.118263">
        <ele>357.7</ele>
        <time>2024-07-14T09:12:45.091Z</time>
      </trkpt>
      <trkpt lat="46.122128" lon="11.118494">
        <ele>359.8</ele>
        <time>2024-07-14T09:12:57.475Z</time>
      </trkpt>
      <trkpt lat="46.1222" lon="11.118571">
        <ele>361</ele>
        <time>2024-07-14T09:13:04.219Z</time>
      </trkpt>
      <trkpt lat="46.122284" lon="11.118654">
        <ele>362.3</ele>
        <time>2024-07-14T09:13:11.893Z</time>
      </trkpt>
      <trkpt lat="46.122302" lon="11.118717">
        <ele>362.9</ele>
        <time>2024-07-14T09:13:15.453Z</time>
      </trkpt>
      <trkpt lat="46.122269" lon="11.118957">
        <ele>364.8</ele>
        <time>2024-07-14T09:13:28.232Z</time>
      </trkpt>
      <trkpt lat="46.122304" lon="11.119386">
        <ele>368.2</ele>
        <time>2024-07-14T09:13:50.659Z</time>
      </trkpt>
      <trkpt lat="46.122236" lon="11.119636">
        <ele>370.3</ele>
        <time>2024-07-14T09:14:04.507Z</time>
      </trkpt>
      <trkpt lat="46.122005" lon="11.119976">
        <ele>374.2</ele>
        <time>2024-07-14T09:14:29.149Z</time>
      </trkpt>
      <trkpt lat="46.121838" lon="11.120307">
        <ele>377.3</ele>
        <time>2024-07-14T09:14:50.279Z</time>
      </trkpt>
      <trkpt lat="46.121789" lon="11.120714">
        <ele>380.2</ele>
        <time>2024-07-14T09:15:11.341Z</time>
      </trkpt>
      <trkpt lat="46.12182" lon="11.121076">
        <ele>382.6</ele>
        <time>2024-07-14T09:15:29.734Z</time>
      </trkpt>
      <trkpt lat="46.12207" lon="11.121643">
        <ele>387.2</ele>
        <time>2024-07-14T09:16:03.571Z</time>
      </trkpt>
      <trkpt lat="46.122228" lon="11.121864">
        <ele>389.6</ele>
        <time>2024-07-14T09:16:19.677Z</time>
      </trkpt>
      <trkpt lat="46.12254" lon="11.122468">
        <ele>395.8</ele>
        <time>2024-07-14T09:16:58.650Z</time>
      </trkpt>
      <trkpt lat="46.122649" lon="11.122886">
        <ele>399.7</ele>
        <time>2024-07-14T09:17:21.913Z</time>
      </trkpt>
      <trkpt lat="46.122672" lon="11.12313">
        <ele>401.9</ele>
        <time>2024-07-14T09:17:34.809Z</time>
      </trkpt>
      <trkpt lat="46.122645" lon="11.123371">
        <ele>404</ele>
        <time>2024-07-14T09:17:47.588Z</time>
      </trkpt>
      <trkpt lat="46.122729" lon="11.123479">
        <ele>405.4</ele>
        <time>2024-07-14T09:17:56.087Z</time>
      </trkpt>
      <trkpt lat="46.123147" lon="11.123763">
        <ele>410.9</ele>
        <time>2024-07-14T09:18:30.792Z</time>
      </trkpt>
      <trkpt lat="46.123318" lon="11.123879">
        <ele>412.8</ele>
        <time>2024-07-14T09:18:44.856Z</time>
      </trkpt>
      <trkpt lat="46.123577" lon="11.123964">
        <ele>415.2</ele>
        <time>2024-07-14T09:19:04.058Z</time>
      </trkpt>
      <trkpt lat="46.124007" lon="11.124222">
        <ele>418.3</ele>
        <time>2024-07-14T09:19:36.447Z</time>
      </trkpt>
      <trkpt lat="46.124043" lon="11.124131">
        <ele>418.6</ele>
        <time>2024-07-14T09:19:41.351Z</time>
      </trkpt>
      <trkpt lat="46.124502" lon="11.124003">
        <ele>420.6</ele>
        <time>2024-07-14T09:20:11.052Z</time>
      </trkpt>
      <trkpt lat="46.124703" lon="11.123921">
        <ele>421.4</ele>
        <time>2024-07-14T09:20:24.243Z</time>
      </trkpt>
      <trkpt lat="46.12489" lon="11.123793">
        <ele>422.2</ele>
        <time>2024-07-14T09:20:37.167Z</time>
      </trkpt>
      <trkpt lat="46.12498" lon="11.124004">
        <ele>422.8</ele>
        <time>2024-07-14T09:20:47.889Z</time>
      </trkpt>
      <trkpt lat="46.125386" lon="11.12413">
        <ele>424.6</ele>
        <time>2024-07-14T09:21:14.076Z</time>
      </trkpt>
      <trkpt lat="46.126119" lon="11.12459">
        <ele>430.5</ele>
        <time>2024-07-14T09:22:08.086Z</time>
      </trkpt>
      <trkpt lat="46.126413" lon="11.124996">
        <ele>433.9</ele>
        <time>2024-07-14T09:22:36.509Z</time>
      </trkpt>
      <trkpt lat="46.126683" lon="11.125647">
        <ele>438</ele>
        <time>2024-07-14T09:23:13.497Z</time>
      </trkpt>
      <trkpt lat="46.127044" lon="11.126103">
        <ele>441.1</ele>
        <time>2024-07-14T09:23:46.588Z</time>
      </trkpt>
      <trkpt lat="46.127222" lon="11.126276">
        <ele>442.1</ele>
        <time>2024-07-14T09:24:00.726Z</time>
      </trkpt>
      <trkpt lat="46.127428" lon="11.126331">
        <ele>442.9</ele>
        <time>2024-07-14T09:24:14.030Z</time>
      </trkpt>
      <trkpt lat="46.127709" lon="11.126302">
        <ele>443.3</ele>
        <time>2024-07-14T09:24:31.231Z</time>
      </trkpt>
      <trkpt lat="46.128059" lon="11.126201">
        <ele>443.4</ele>
        <time>2024-07-14T09:24:51.081Z</time>
      </trkpt>
      <trkpt lat="46.129137" lon="11.125342">
        <ele>439.8</ele>
        <time>2024-07-14T09:25:50.770Z</time>
      </trkpt>
      <trkpt lat="46.129367" lon="11.12526">
        <ele>438.8</ele>
        <time>2024-07-14T09:26:01.752Z</time>
      </trkpt>
      <trkpt lat="46.129611" lon="11.125283">
        <ele>437.8</ele>
        <time>2024-07-14T09:26:12.541Z</time>
      </trkpt>
      <trkpt lat="46.130038" lon="11.125388">
        <ele>435.9</ele>
        <time>2024-07-14T09:26:31.543Z</time>
      </trkpt>
      <trkpt lat="46.130158" lon="11.125527">
        <ele>435.4</ele>
        <time>2024-07-14T09:26:38.510Z</time>
      </trkpt>
      <trkpt lat="46.130186" lon="11.125834">
        <ele>434.9</ele>
        <time>2024-07-14T09:26:48.691Z</time>
      </trkpt>
      <trkpt lat="46.130267" lon="11.125799">
        <ele>434.7</ele>
        <time>2024-07-14T09:26:52.782Z</time>
      </trkpt>
      <trkpt lat="46.130414" lon="11.125859">
        <ele>434.5</ele>
        <time>2024-07-14T09:27:00.307Z</time>
      </trkpt>
      <trkpt lat="46.13052" lon="11.125976">
        <ele>434.2</ele>
        <time>2024-07-14T09:27:06.952Z</time>
      </trkpt>
      <trkpt lat="46.130557" lon="11.126054">
        <ele>434.1</ele>
        <time>2024-07-14T09:27:10.213Z</time>
      </trkpt>
      <trkpt lat="46.13057" lon="11.126118">
        <ele>434.1</ele>
        <time>2024-07-14T09:27:12.592Z</time>
      </trkpt>
      <trkpt lat="46.130666" lon="11.126241">
        <ele>433.9</ele>
        <time>2024-07-14T09:27:19.249Z</time>
      </trkpt>
      <trkpt lat="46.13053" lon="11.126546">
        <ele>434.1</ele>
        <time>2024-07-14T09:27:32.596Z</time>
      </trkpt>
      <trkpt lat="46.130493" lon="11.126763">
        <ele>434.3</ele>
        <time>2024-07-14T09:27:41.141Z</time>
      </trkpt>
      <trkpt lat="46.130497" lon="11.126971">
        <ele>434.4</ele>
        <time>2024-07-14T09:27:49.245Z</time>
      </trkpt>
      <trkpt lat="46.130533" lon="11.127122">
        <ele>434.6</ele>
        <time>2024-07-14T09:27:55.495Z</time>
      </trkpt>
      <trkpt lat="46.130594" lon="11.127263">
        <ele>434.7</ele>
        <time>2024-07-14T09:28:02.079Z</time>
      </trkpt>
      <trkpt lat="46.130825" lon="11.127573">
        <ele>435.3</ele>
        <time>2024-07-14T09:28:20.283Z</time>
      </trkpt>
      <trkpt lat="46.130854" lon="11.127604">
        <ele>435.5</ele>
        <time>2024-07-14T09:28:22.389Z</time>
      </trkpt>
      <trkpt lat="46.131367" lon="11.128196">
        <ele>436.8</ele>
        <time>2024-07-14T09:29:00.944Z</time>
      </trkpt>
      <trkpt lat="46.131481" lon="11.128293">
        <ele>437.1</ele>
        <time>2024-07-14T09:29:08.675Z</time>
      </trkpt>
      <trkpt lat="46.131592" lon="11.128385">
        <ele>437.3</ele>
        <time>2024-07-14T09:29:16.203Z</time>
      </trkpt>
      <trkpt lat="46.131872" lon="11.128543">
        <ele>438</ele>
        <time>2024-07-14T09:29:33.891Z</time>
      </trkpt>
      <trkpt lat="46.132585" lon="11.128815">
        <ele>438.6</ele>
        <time>2024-07-14T09:30:15.793Z</time>
      </trkpt>
      <trkpt lat="46.132769" lon="11.128839">
        <ele>438.6</ele>
        <time>2024-07-14T09:30:25.971Z</time>
      </trkpt>
      <trkpt lat="46.132904" lon="11.128819">
        <ele>438.6</ele>
        <time>2024-07-14T09:30:33.261Z</time>
      </trkpt>
      <trkpt lat="46.133797" lon="11.12847">
        <ele>438.7</ele>
        <time>2024-07-14T09:31:23.143Z</time>
      </trkpt>
      <trkpt lat="46.134072" lon="11.128425">
        <ele>438.9</ele>
        <time>2024-07-14T09:31:38.179Z</time>
      </trkpt>
      <trkpt lat="46.134353" lon="11.128475">
        <ele>439.4</ele>
        <time>2024-07-14T09:31:54.426Z</time>
      </trkpt>
      <trkpt lat="46.13442" lon="11.128573">
        <ele>439.7</ele>
        <time>2024-07-14T09:32:00.066Z</time>
      </trkpt>
      <trkpt lat="46.134505" lon="11.128596">
        <ele>439.9</ele>
        <time>2024-07-14T09:32:05.181Z</time>
      </trkpt>
      <trkpt lat="46.134581" lon="11.128552">
        <ele>440.2</ele>
        <time>2024-07-14T09:32:10.102Z</time>
      </trkpt>
      <trkpt lat="46.134625" lon="11.128474">
        <ele>440.3</ele>
        <time>2024-07-14T09:32:14.408Z</time>
      </trkpt>
      <trkpt lat="46.134929" lon="11.128523">
        <ele>441.6</ele>
        <time>2024-07-14T09:32:33.457Z</time>
      </trkpt>
      <trkpt lat="46.135047" lon="11.128579">
        <ele>442.2</ele>
        <time>2024-07-14T09:32:41.281Z</time>
      </trkpt>
      <trkpt lat="46.136353" lon="11.130031">
        <ele>452.5</ele>
        <time>2024-07-14T09:34:31.275Z</time>
      </trkpt>
      <trkpt lat="46.136565" lon="11.130304">
        <ele>454.4</ele>
        <time>2024-07-14T09:34:50.459Z</time>
      </trkpt>
      <trkpt lat="46.136749" lon="11.130615">
        <ele>456.3</ele>
        <time>2024-07-14T09:35:09.781Z</time>
      </trkpt>
      <trkpt lat="46.136993" lon="11.13103">
        <ele>458.9</ele>
        <time>2024-07-14T09:35:35.575Z</time>
      </trkpt>
      <trkpt lat="46.137207" lon="11.131264">
        <ele>460.6</ele>
        <time>2024-07-14T09:35:53.883Z</time>
      </trkpt>
      <trkpt lat="46.137325" lon="11.131347">
        <ele>461.5</ele>
        <time>2024-07-14T09:36:02.791Z</time>
      </trkpt>
      <trkpt lat="46.138397" lon="11.131677">
        <ele>468.9</ele>
        <time>2024-07-14T09:37:17.516Z</time>
      </trkpt>
      <trkpt lat="46.138763" lon="11.131678">
        <ele>471.7</ele>
        <time>2024-07-14T09:37:42.649Z</time>
      </trkpt>
      <trkpt lat="46.138865" lon="11.131674">
        <ele>472.5</ele>
        <time>2024-07-14T09:37:49.771Z</time>
      </trkpt>
      <trkpt lat="46.139225" lon="11.131657">
        <ele>475.1</ele>
        <time>2024-07-14T09:38:14.728Z</time>
      </trkpt>
      <trkpt lat="46.140031" lon="11.131828">
        <ele>478.5</ele>
        <time>2024-07-14T09:39:07.895Z</time>
      </trkpt>
      <trkpt lat="46.140749" lon="11.131808">
        <ele>478.8</ele>
        <time>2024-07-14T09:39:50.598Z</time>
      </trkpt>
      <trkpt lat="46.141207" lon="11.131862">
        <ele>479.3</ele>
        <time>2024-07-14T09:40:16.038Z</time>
      </trkpt>
      <trkpt lat="46.141628" lon="11.132053">
        <ele>481</ele>
        <time>2024-07-14T09:40:42.308Z</time>
      </trkpt>
      <trkpt lat="46.141865" lon="11.132258">
        <ele>482.3</ele>
        <time>2024-07-14T09:40:59.820Z</time>
      </trkpt>
      <trkpt lat="46.142335" lon="11.132772">
        <ele>485.5</ele>
        <time>2024-07-14T09:41:38.407Z</time>
      </trkpt>
      <trkpt lat="46.142983" lon="11.133533">
        <ele>490.1</ele>
        <time>2024-07-14T09:42:33.520Z</time>
      </trkpt>
      <trkpt lat="46.143361" lon="11.133836">
        <ele>489.4</ele>
        <time>2024-07-14T09:42:59.883Z</time>
      </trkpt>
      <trkpt lat="46.143664" lon="11.13396">
        <ele>488.4</ele>
        <time>2024-07-14T09:43:14.998Z</time>
      </trkpt>
      <trkpt lat="46.143745" lon="11.133982">
        <ele>488.1</ele>
        <time>2024-07-14T09:43:18.855Z</time>
      </trkpt>
      <trkpt lat="46.144098" lon="11.133969">
        <ele>487.2</ele>
        <time>2024-07-14T09:43:35.381Z</time>
      </trkpt>
      <trkpt lat="46.144722" lon="11.13391">
        <ele>485.9</ele>
        <time>2024-07-14T09:44:05.469Z</time>
      </trkpt>
      <trkpt lat="46.145002" lon="11.134039">
        <ele>485.7</ele>
        <time>2024-07-14T09:44:20.108Z</time>
      </trkpt>
      <trkpt lat="46.145878" lon="11.134732">
        <ele>490</ele>
        <time>2024-07-14T09:45:21.227Z</time>
      </trkpt>
      <trkpt lat="46.14631" lon="11.135152">
        <ele>493.6</ele>
        <time>2024-07-14T09:45:55.313Z</time>
      </trkpt>
      <trkpt lat="46.146484" lon="11.135404">
        <ele>495.3</ele>
        <time>2024-07-14T09:46:12.209Z</time>
      </trkpt>
      <trkpt lat="46.14664" lon="11.135696">
        <ele>496.9</ele>
        <time>2024-07-14T09:46:29.575Z</time>
      </trkpt>
      <trkpt lat="46.146829" lon="11.136172">
        <ele>499.6</ele>
        <time>2024-07-14T09:46:55.541Z</time>
      </trkpt>
      <trkpt lat="46.146913" lon="11.136525">
        <ele>501.5</ele>
        <time>2024-07-14T09:47:13.393Z</time>
      </trkpt>
      <trkpt lat="46.146962" lon="11.136863">
        <ele>503.2</ele>
        <time>2024-07-14T09:47:29.919Z</time>
      </trkpt>
      <trkpt lat="46.14693" lon="11.137383">
        <ele>505.8</ele>
        <time>2024-07-14T09:47:54.863Z</time>
      </trkpt>
      <trkpt lat="46.146837" lon="11.138091">
        <ele>509</ele>
        <time>2024-07-14T09:48:28.942Z</time>
      </trkpt>
      <trkpt lat="46.146835" lon="11.138251">
        <ele>509.7</ele>
        <time>2024-07-14T09:48:36.421Z</time>
      </trkpt>
      <trkpt lat="46.146817" lon="11.138588">
        <ele>511.1</ele>
        <time>2024-07-14T09:48:52.137Z</time>
      </trkpt>
      <trkpt lat="46.146925" lon="11.141488">
        <ele>514.4</ele>
        <time>2024-07-14T09:50:51.213Z</time>
      </trkpt>
      <trkpt lat="46.146966" lon="11.142248">
        <ele>513.5</ele>
        <time>2024-07-14T09:51:20.789Z</time>
      </trkpt>
      <trkpt lat="46.146965" lon="11.142896">
        <ele>512.4</ele>
        <time>2024-07-14T09:51:42.713Z</time>
      </trkpt>
      <trkpt lat="46.146834" lon="11.14391">
        <ele>510.8</ele>
        <time>2024-07-14T09:52:17.157Z</time>
      </trkpt>
      <trkpt lat="46.146834" lon="11.144575">
        <ele>510.4</ele>
        <time>2024-07-14T09:52:40.029Z</time>
      </trkpt>
      <trkpt lat="46.146845" lon="11.14502">
        <ele>509.8</ele>
        <time>2024-07-14T09:52:55.638Z</time>
      </trkpt>
      <trkpt lat="46.146817" lon="11.145332">
        <ele>509.1</ele>
        <time>2024-07-14T09:53:06.067Z</time>
      </trkpt>
      <trkpt lat="46.146686" lon="11.145876">
        <ele>507.4</ele>
        <time>2024-07-14T09:53:23.900Z</time>
      </trkpt>
      <trkpt lat="46.146356" lon="11.146957">
        <ele>502.3</ele>
        <time>2024-07-14T09:53:57.669Z</time>
      </trkpt>
      <trkpt lat="46.146236" lon="11.147129">
        <ele>500.9</ele>
        <time>2024-07-14T09:54:04.341Z</time>
      </trkpt>
      <trkpt lat="46.14529" lon="11.147907">
        <ele>493.4</ele>
        <time>2024-07-14T09:54:46.385Z</time>
      </trkpt>
      <trkpt lat="46.145151" lon="11.147974">
        <ele>493</ele>
        <time>2024-07-14T09:54:52.394Z</time>
      </trkpt>
      <trkpt lat="46.144991" lon="11.148005">
        <ele>492.9</ele>
        <time>2024-07-14T09:55:00.438Z</time>
      </trkpt>
      <trkpt lat="46.144349" lon="11.147942">
        <ele>494.5</ele>
        <time>2024-07-14T09:55:36.799Z</time>
      </trkpt>
      <trkpt lat="46.144254" lon="11.147936">
        <ele>494.9</ele>
        <time>2024-07-14T09:55:42.517Z</time>
      </trkpt>
      <trkpt lat="46.143677" lon="11.147906">
        <ele>498.3</ele>
        <time>2024-07-14T09:56:20.803Z</time>
      </trkpt>
      <trkpt lat="46.143519" lon="11.147922">
        <ele>499.3</ele>
        <time>2024-07-14T09:56:31.392Z</time>
      </trkpt>
      <trkpt lat="46.143358" lon="11.148012">
        <ele>500.3</ele>
        <time>2024-07-14T09:56:42.963Z</time>
      </trkpt>
      <trkpt lat="46.143064" lon="11.148309">
        <ele>502.3</ele>
        <time>2024-07-14T09:57:06.859Z</time>
      </trkpt>
      <trkpt lat="46.142162" lon="11.14922">
        <ele>505.7</ele>
        <time>2024-07-14T09:58:15.496Z</time>
      </trkpt>
      <trkpt lat="46.141605" lon="11.149487">
        <ele>504.7</ele>
        <time>2024-07-14T09:58:49.033Z</time>
      </trkpt>
      <trkpt lat="46.141371" lon="11.149686">
        <ele>504</ele>
        <time>2024-07-14T09:59:02.218Z</time>
      </trkpt>
      <trkpt lat="46.141294" lon="11.149796">
        <ele>503.6</ele>
        <time>2024-07-14T09:59:07.259Z</time>
      </trkpt>
      <trkpt lat="46.141269" lon="11.149969">
        <ele>503.2</ele>
        <time>2024-07-14T09:59:12.855Z</time>
      </trkpt>
      <trkpt lat="46.141309" lon="11.150135">
        <ele>502.8</ele>
        <time>2024-07-14T09:59:18.296Z</time>
      </trkpt>
      <trkpt lat="46.141444" lon="11.150271">
        <ele>502</ele>
        <time>2024-07-14T09:59:25.550Z</time>
      </trkpt>
      <trkpt lat="46.141529" lon="11.150344">
        <ele>501.6</ele>
        <time>2024-07-14T09:59:29.891Z</time>
      </trkpt>
      <trkpt lat="46.141674" lon="11.15039">
        <ele>500.8</ele>
        <time>2024-07-14T09:59:36.337Z</time>
      </trkpt>
      <trkpt lat="46.142493" lon="11.150474">
        <ele>498.9</ele>
        <time>2024-07-14T10:00:14.339Z</time>
      </trkpt>
      <trkpt lat="46.142806" lon="11.150551">
        <ele>499.9</ele>
        <time>2024-07-14T10:00:30.790Z</time>
      </trkpt>
      <trkpt lat="46.142998" lon="11.150655">
        <ele>501</ele>
        <time>2024-07-14T10:00:43.937Z</time>
      </trkpt>
      <trkpt lat="46.143159" lon="11.150779">
        <ele>502.1</ele>
        <time>2024-07-14T10:00:56.048Z</time>
      </trkpt>
      <trkpt lat="46.143829" lon="11.15187">
        <ele>509.2</ele>
        <time>2024-07-14T10:02:04.855Z</time>
      </trkpt>
      <trkpt lat="46.143956" lon="11.152002">
        <ele>510.4</ele>
        <time>2024-07-14T10:02:15.637Z</time>
      </trkpt>
      <trkpt lat="46.144326" lon="11.15223">
        <ele>513.3</ele>
        <time>2024-07-14T10:02:43.500Z</time>
      </trkpt>
      <trkpt lat="46.144602" lon="11.152466">
        <ele>515.8</ele>
        <time>2024-07-14T10:03:05.783Z</time>
      </trkpt>
      <trkpt lat="46.14483" lon="11.152784">
        <ele>518.4</ele>
        <time>2024-07-14T10:03:28.066Z</time>
      </trkpt>
      <trkpt lat="46.14501" lon="11.15327">
        <ele>522.2</ele>
        <time>2024-07-14T10:03:55.523Z</time>
      </trkpt>
      <trkpt lat="46.145645" lon="11.155196">
        <ele>539.1</ele>
        <time>2024-07-14T10:05:45.165Z</time>
      </trkpt>
      <trkpt lat="46.145645" lon="11.155196">
        <ele>539.1</ele>
        <time>2024-07-14T10:05:45.165Z</time>
      </trkpt>
      <trkpt lat="46.14576" lon="11.156051">
        <ele>540.9</ele>
        <time>2024-07-14T10:06:21.830Z</time>
      </trkpt>
      <trkpt lat="46.146011" lon="11.157221">
        <ele>539</ele>
        <time>2024-07-14T10:07:07.278Z</time>
      </trkpt>
      <trkpt lat="46.146098" lon="11.157526">
        <ele>538</ele>
        <time>2024-07-14T10:07:18.097Z</time>
      </trkpt>
      <trkpt lat="46.146526" lon="11.158442">
        <ele>535.8</ele>
        <time>2024-07-14T10:07:53.429Z</time>
      </trkpt>
      <trkpt lat="46.146654" lon="11.158873">
        <ele>536.1</ele>
        <time>2024-07-14T10:08:09.526Z</time>
      </trkpt>
      <trkpt lat="46.14703" lon="11.160585">
        <ele>539.3</ele>
        <time>2024-07-14T10:09:22.988Z</time>
      </trkpt>
      <trkpt lat="46.147217" lon="11.161172">
        <ele>541.5</ele>
        <time>2024-07-14T10:09:50.396Z</time>
      </trkpt>
      <trkpt lat="46.147651" lon="11.162098">
        <ele>546.4</ele>
        <time>2024-07-14T10:10:41.987Z</time>
      </trkpt>
      <trkpt lat="46.147746" lon="11.162394">
        <ele>548</ele>
        <time>2024-07-14T10:10:57.319Z</time>
      </trkpt>
      <trkpt lat="46.14781" lon="11.162775">
        <ele>550</ele>
        <time>2024-07-14T10:11:16.085Z</time>
      </trkpt>
      <trkpt lat="46.147888" lon="11.163797">
        <ele>553.9</ele>
        <time>2024-07-14T10:12:03.775Z</time>
      </trkpt>
      <trkpt lat="46.147938" lon="11.1642">
        <ele>554.9</ele>
        <time>2024-07-14T10:12:22.182Z</time>
      </trkpt>
      <trkpt lat="46.148082" lon="11.164913">
        <ele>556.7</ele>
        <time>2024-07-14T10:12:54.046Z</time>
      </trkpt>
      <trkpt lat="46.148218" lon="11.165605">
        <ele>558.6</ele>
        <time>2024-07-14T10:13:25.064Z</time>
      </trkpt>
      <trkpt lat="46.148247" lon="11.166229">
        <ele>560.6</ele>
        <time>2024-07-14T10:13:52.527Z</time>
      </trkpt>
      <trkpt lat="46.148126" lon="11.167582">
        <ele>567.5</ele>
        <time>2024-07-14T10:14:56.585Z</time>
      </trkpt>
      <trkpt lat="46.148126" lon="11.167908">
        <ele>569.3</ele>
        <time>2024-07-14T10:15:12.260Z</time>
      </trkpt>
      <trkpt lat="46.148653" lon="11.170617">
        <ele>584.7</ele>
        <time>2024-07-14T10:17:29.001Z</time>
      </trkpt>
      <trkpt lat="46.148745" lon="11.171276">
        <ele>587</ele>
        <time>2024-07-14T10:18:01.250Z</time>
      </trkpt>
      <trkpt lat="46.148837" lon="11.172372">
        <ele>588.9</ele>
        <time>2024-07-14T10:18:48.457Z</time>
      </trkpt>
      <trkpt lat="46.149413" lon="11.174091">
        <ele>590.6</ele>
        <time>2024-07-14T10:20:04.995Z</time>
      </trkpt>
      <trkpt lat="46.149463" lon="11.174283">
        <ele>591.1</ele>
        <time>2024-07-14T10:20:13.274Z</time>
      </trkpt>
      <trkpt lat="46.149513" lon="11.17467">
        <ele>592.2</ele>
        <time>2024-07-14T10:20:30.586Z</time>
      </trkpt>
      <trkpt lat="46.149487" lon="11.174887">
        <ele>593</ele>
        <time>2024-07-14T10:20:40.268Z</time>
      </trkpt>
      <trkpt lat="46.149266" lon="11.175936">
        <ele>597.9</ele>
        <time>2024-07-14T10:21:30.763Z</time>
      </trkpt>
      <trkpt lat="46.148966" lon="11.177014">
        <ele>604.1</ele>
        <time>2024-07-14T10:22:26.184Z</time>
      </trkpt>
      <trkpt lat="46.14848" lon="11.178345">
        <ele>608</ele>
        <time>2024-07-14T10:23:34.941Z</time>
      </trkpt>
      <trkpt lat="46.148354" lon="11.178924">
        <ele>606.9</ele>
        <time>2024-07-14T10:23:59.453Z</time>
      </trkpt>
      <trkpt lat="46.148151" lon="11.180303">
        <ele>601.1</ele>
        <time>2024-07-14T10:24:40.985Z</time>
      </trkpt>
      <trkpt lat="46.148058" lon="11.180679">
        <ele>599.3</ele>
        <time>2024-07-14T10:24:52.149Z</time>
      </trkpt>
      <trkpt lat="46.147971" lon="11.180955">
        <ele>598.2</ele>
        <time>2024-07-14T10:25:00.672Z</time>
      </trkpt>
      <trkpt lat="46.147578" lon="11.181837">
        <ele>597.5</ele>
        <time>2024-07-14T10:25:36.363Z</time>
      </trkpt>
      <trkpt lat="46.147428" lon="11.182363">
        <ele>599.1</ele>
        <time>2024-07-14T10:25:58.300Z</time>
      </trkpt>
      <trkpt lat="46.147422" lon="11.182795">
        <ele>601.1</ele>
        <time>2024-07-14T10:26:18.246Z</time>
      </trkpt>
      <trkpt lat="46.147427" lon="11.183008">
        <ele>602.4</ele>
        <time>2024-07-14T10:26:28.589Z</time>
      </trkpt>
      <trkpt lat="46.147481" lon="11.183328">
        <ele>604.4</ele>
        <time>2024-07-14T10:26:44.576Z</time>
      </trkpt>
      <trkpt lat="46.147601" lon="11.183689">
        <ele>606.8</ele>
        <time>2024-07-14T10:27:04.363Z</time>
      </trkpt>
      <trkpt lat="46.147748" lon="11.183971">
        <ele>608.8</ele>
        <time>2024-07-14T10:27:21.701Z</time>
      </trkpt>
      <trkpt lat="46.148058" lon="11.184338">
        <ele>611.8</ele>
        <time>2024-07-14T10:27:49.726Z</time>
      </trkpt>
      <trkpt lat="46.14851" lon="11.184698">
        <ele>614.3</ele>
        <time>2024-07-14T10:28:24.289Z</time>
      </trkpt>
      <trkpt lat="46.149088" lon="11.185042">
        <ele>614.6</ele>
        <time>2024-07-14T10:29:01.523Z</time>
      </trkpt>
      <trkpt lat="46.149599" lon="11.185389">
        <ele>613.4</ele>
        <time>2024-07-14T10:29:30.832Z</time>
      </trkpt>
      <trkpt lat="46.150118" lon="11.185987">
        <ele>612.1</ele>
        <time>2024-07-14T10:30:03.281Z</time>
      </trkpt>
      <trkpt lat="46.150186" lon="11.18677">
        <ele>610.9</ele>
        <time>2024-07-14T10:30:29.955Z</time>
      </trkpt>
      <trkpt lat="46.150056" lon="11.187542">
        <ele>609.7</ele>
        <time>2024-07-14T10:30:56.652Z</time>
      </trkpt>
      <trkpt lat="46.149704" lon="11.188281">
        <ele>608.3</ele>
        <time>2024-07-14T10:31:26.744Z</time>
      </trkpt>
      <trkpt lat="46.148852" lon="11.189352">
        <ele>605.8</ele>
        <time>2024-07-14T10:32:21.441Z</time>
      </trkpt>
      <trkpt lat="46.148583" lon="11.189681">
        <ele>605.3</ele>
        <time>2024-07-14T10:32:38.679Z</time>
      </trkpt>
      <trkpt lat="46.147313" lon="11.190703">
        <ele>604.1</ele>
        <time>2024-07-14T10:33:53.499Z</time>
      </trkpt>
      <trkpt lat="46.147091" lon="11.190946">
        <ele>603.6</ele>
        <time>2024-07-14T10:34:07.745Z</time>
      </trkpt>
      <trkpt lat="46.147008" lon="11.191088">
        <ele>603.3</ele>
        <time>2024-07-14T10:34:14.012Z</time>
      </trkpt>
      <trkpt lat="46.146889" lon="11.191336">
        <ele>602.8</ele>
        <time>2024-07-14T10:34:24.054Z</time>
      </trkpt>
      <trkpt lat="46.146794" lon="11.191626">
        <ele>602.1</ele>
        <time>2024-07-14T10:34:34.459Z</time>
      </trkpt>
      <trkpt lat="46.146754" lon="11.191898">
        <ele>601.4</ele>
        <time>2024-07-14T10:34:43.359Z</time>
      </trkpt>
      <trkpt lat="46.146747" lon="11.192125">
        <ele>600.8</ele>
        <time>2024-07-14T10:34:50.529Z</time>
      </trkpt>
      <trkpt lat="46.146885" lon="11.193635">
        <ele>596.5</ele>
        <time>2024-07-14T10:35:37.475Z</time>
      </trkpt>
      <trkpt lat="46.147146" lon="11.195045">
        <ele>594.3</ele>
        <time>2024-07-14T10:36:24.311Z</time>
      </trkpt>
      <trkpt lat="46.14719" lon="11.195563">
        <ele>594</ele>
        <time>2024-07-14T10:36:42.159Z</time>
      </trkpt>
      <trkpt lat="46.147178" lon="11.195802">
        <ele>593.9</ele>
        <time>2024-07-14T10:36:50.773Z</time>
      </trkpt>
      <trkpt lat="46.147004" lon="11.19681">
        <ele>593.8</ele>
        <time>2024-07-14T10:37:29.046Z</time>
      </trkpt>
      <trkpt lat="46.146983" lon="11.197216">
        <ele>593.8</ele>
        <time>2024-07-14T10:37:44.131Z</time>
      </trkpt>
      <trkpt lat="46.147018" lon="11.197659">
        <ele>593.5</ele>
        <time>2024-07-14T10:38:00.348Z</time>
      </trkpt>
      <trkpt lat="46.147148" lon="11.198131">
        <ele>593.4</ele>
        <time>2024-07-14T10:38:18.739Z</time>
      </trkpt>
      <trkpt lat="46.147621" lon="11.199162">
        <ele>595.1</ele>
        <time>2024-07-14T10:39:07.491Z</time>
      </trkpt>
      <trkpt lat="46.147827" lon="11.199611">
        <ele>596.7</ele>
        <time>2024-07-14T10:39:29.907Z</time>
      </trkpt>
      <trkpt lat="46.147977" lon="11.200042">
        <ele>598.5</ele>
        <time>2024-07-14T10:39:51.513Z</time>
      </trkpt>
      <trkpt lat="46.148144" lon="11.200643">
        <ele>601.4</ele>
        <time>2024-07-14T10:40:21.557Z</time>
      </trkpt>
      <trkpt lat="46.148237" lon="11.201224">
        <ele>604.1</ele>
        <time>2024-07-14T10:40:49.586Z</time>
      </trkpt>
      <trkpt lat="46.148406" lon="11.201798">
        <ele>606.6</ele>
        <time>2024-07-14T10:41:18.637Z</time>
      </trkpt>
      <trkpt lat="46.148547" lon="11.202027">
        <ele>607.8</ele>
        <time>2024-07-14T10:41:32.747Z</time>
      </trkpt>
      <trkpt lat="46.148833" lon="11.202384">
        <ele>609.6</ele>
        <time>2024-07-14T10:41:57.404Z</time>
      </trkpt>
      <trkpt lat="46.149303" lon="11.203049">
        <ele>612.7</ele>
        <time>2024-07-14T10:42:39.855Z</time>
      </trkpt>
      <trkpt lat="46.149811" lon="11.204056">
        <ele>616.9</ele>
        <time>2024-07-14T10:43:35.646Z</time>
      </trkpt>
      <trkpt lat="46.150008" lon="11.204505">
        <ele>618.9</ele>
        <time>2024-07-14T10:43:59.622Z</time>
      </trkpt>
      <trkpt lat="46.150079" lon="11.204751">
        <ele>620</ele>
        <time>2024-07-14T10:44:11.850Z</time>
      </trkpt>
      <trkpt lat="46.150171" lon="11.205282">
        <ele>622.7</ele>
        <time>2024-07-14T10:44:37.736Z</time>
      </trkpt>
      <trkpt lat="46.150129" lon="11.205611">
        <ele>624.4</ele>
        <time>2024-07-14T10:44:53.736Z</time>
      </trkpt>
      <trkpt lat="46.150027" lon="11.205925">
        <ele>626.3</ele>
        <time>2024-07-14T10:45:10.484Z</time>
      </trkpt>
      <trkpt lat="46.149819" lon="11.206176">
        <ele>628.3</ele>
        <time>2024-07-14T10:45:29.384Z</time>
      </trkpt>
      <trkpt lat="46.14961" lon="11.206282">
        <ele>629.7</ele>
        <time>2024-07-14T10:45:44.418Z</time>
      </trkpt>
      <trkpt lat="46.149444" lon="11.20632">
        <ele>630.6</ele>
        <time>2024-07-14T10:45:55.324Z</time>
      </trkpt>
      <trkpt lat="46.149183" lon="11.206316">
        <ele>631.5</ele>
        <time>2024-07-14T10:46:12.137Z</time>
      </trkpt>
      <trkpt lat="46.149172" lon="11.206239">
        <ele>631.7</ele>
        <time>2024-07-14T10:46:15.466Z</time>
      </trkpt>
      <trkpt lat="46.149127" lon="11.206174">
        <ele>631.9</ele>
        <time>2024-07-14T10:46:19.279Z</time>
      </trkpt>
      <trkpt lat="46.149034" lon="11.206163">
        <ele>632.1</ele>
        <time>2024-07-14T10:46:24.819Z</time>
      </trkpt>
      <trkpt lat="46.148983" lon="11.206216">
        <ele>632.2</ele>
        <time>2024-07-14T10:46:28.473Z</time>
      </trkpt>
      <trkpt lat="46.14896" lon="11.206298">
        <ele>632.3</ele>
        <time>2024-07-14T10:46:32.037Z</time>
      </trkpt>
      <trkpt lat="46.148987" lon="11.206425">
        <ele>632.4</ele>
        <time>2024-07-14T10:46:37.389Z</time>
      </trkpt>
      <trkpt lat="46.148935" lon="11.206568">
        <ele>632.5</ele>
        <time>2024-07-14T10:46:43.897Z</time>
      </trkpt>
      <trkpt lat="46.148812" lon="11.207391">
        <ele>632.1</ele>
        <time>2024-07-14T10:47:15.514Z</time>
      </trkpt>
      <trkpt lat="46.148276" lon="11.208786">
        <ele>632.9</ele>
        <time>2024-07-14T10:48:15.518Z</time>
      </trkpt>
      <trkpt lat="46.148116" lon="11.209293">
        <ele>634.8</ele>
        <time>2024-07-14T10:48:37.927Z</time>
      </trkpt>
      <trkpt lat="46.147762" lon="11.210639">
        <ele>640.2</ele>
        <time>2024-07-14T10:49:43.353Z</time>
      </trkpt>
      <trkpt lat="46.147349" lon="11.211946">
        <ele>645</ele>
        <time>2024-07-14T10:50:48.327Z</time>
      </trkpt>
      <trkpt lat="46.146975" lon="11.212891">
        <ele>640.9</ele>
        <time>2024-07-14T10:51:29.561Z</time>
      </trkpt>
      <trkpt lat="46.146894" lon="11.213312">
        <ele>637.5</ele>
        <time>2024-07-14T10:51:41.241Z</time>
      </trkpt>
      <trkpt lat="46.147073" lon="11.213743">
        <ele>633.7</ele>
        <time>2024-07-14T10:51:52.841Z</time>
      </trkpt>
      <trkpt lat="46.147364" lon="11.214335">
        <ele>628.5</ele>
        <time>2024-07-14T10:52:09.857Z</time>
      </trkpt>
      <trkpt lat="46.14677" lon="11.215845">
        <ele>625.7</ele>
        <time>2024-07-14T10:53:01.614Z</time>
      </trkpt>
      <trkpt lat="46.146665" lon="11.216319">
        <ele>627.9</ele>
        <time>2024-07-14T10:53:19.813Z</time>
      </trkpt>
      <trkpt lat="46.146735" lon="11.216668">
        <ele>629.5</ele>
        <time>2024-07-14T10:53:36.835Z</time>
      </trkpt>
      <trkpt lat="46.146812" lon="11.216952">
        <ele>630.8</ele>
        <time>2024-07-14T10:53:51.040Z</time>
      </trkpt>
      <trkpt lat="46.146935" lon="11.217087">
        <ele>631.7</ele>
        <time>2024-07-14T10:54:01.390Z</time>
      </trkpt>
      <trkpt lat="46.146982" lon="11.217195">
        <ele>632.3</ele>
        <time>2024-07-14T10:54:07.308Z</time>
      </trkpt>
      <trkpt lat="46.147007" lon="11.217401">
        <ele>633.1</ele>
        <time>2024-07-14T10:54:17.043Z</time>
      </trkpt>
      <trkpt lat="46.147033" lon="11.217757">
        <ele>634.7</ele>
        <time>2024-07-14T10:54:33.710Z</time>
      </trkpt>
      <trkpt lat="46.147095" lon="11.218244">
        <ele>636.8</ele>
        <time>2024-07-14T10:54:56.752Z</time>
      </trkpt>
      <trkpt lat="46.147249" lon="11.218724">
        <ele>639.4</ele>
        <time>2024-07-14T10:55:21.697Z</time>
      </trkpt>
      <trkpt lat="46.14741" lon="11.219106">
        <ele>641.2</ele>
        <time>2024-07-14T10:55:42.720Z</time>
      </trkpt>
      <trkpt lat="46.147674" lon="11.218946">
        <ele>642.8</ele>
        <time>2024-07-14T10:56:01.735Z</time>
      </trkpt>
      <trkpt lat="46.147958" lon="11.218775">
        <ele>643.9</ele>
        <time>2024-07-14T10:56:21.468Z</time>
      </trkpt>
      <trkpt lat="46.148334" lon="11.218569">
        <ele>644.3</ele>
        <time>2024-07-14T10:56:45.102Z</time>
      </trkpt>
      <trkpt lat="46.148512" lon="11.218556">
        <ele>644.3</ele>
        <time>2024-07-14T10:56:54.892Z</time>
      </trkpt>
      <trkpt lat="46.148543" lon="11.218614">
        <ele>644.3</ele>
        <time>2024-07-14T10:56:57.618Z</time>
      </trkpt>
      <trkpt lat="46.148709" lon="11.218622">
        <ele>644.3</ele>
        <time>2024-07-14T10:57:06.541Z</time>
      </trkpt>
      <trkpt lat="46.148815" lon="11.218538">
        <ele>644.3</ele>
        <time>2024-07-14T10:57:13.073Z</time>
      </trkpt>
      <trkpt lat="46.149009" lon="11.218199">
        <ele>644.4</ele>
        <time>2024-07-14T10:57:29.535Z</time>
      </trkpt>
      <trkpt lat="46.14907" lon="11.21805">
        <ele>644.4</ele>
        <time>2024-07-14T10:57:36.029Z</time>
      </trkpt>
      <trkpt lat="46.149397" lon="11.217706">
        <ele>644.9</ele>
        <time>2024-07-14T10:57:58.473Z</time>
      </trkpt>
      <trkpt lat="46.149961" lon="11.217348">
        <ele>646.3</ele>
        <time>2024-07-14T10:58:34.320Z</time>
      </trkpt>
      <trkpt lat="46.150064" lon="11.217314">
        <ele>646.7</ele>
        <time>2024-07-14T10:58:40.830Z</time>
      </trkpt>
      <trkpt lat="46.150373" lon="11.217409">
        <ele>648.4</ele>
        <time>2024-07-14T10:59:01.369Z</time>
      </trkpt>
      <trkpt lat="46.150933" lon="11.217717">
        <ele>652.3</ele>
        <time>2024-07-14T10:59:41.361Z</time>
      </trkpt>
      <trkpt lat="46.151345" lon="11.218694">
        <ele>656.3</ele>
        <time>2024-07-14T11:00:33.941Z</time>
      </trkpt>
      <trkpt lat="46.151933" lon="11.219402">
        <ele>659.9</ele>
        <time>2024-07-14T11:01:23.561Z</time>
      </trkpt>
      <trkpt lat="46.15212" lon="11.219373">
        <ele>660.7</ele>
        <time>2024-07-14T11:01:35.651Z</time>
      </trkpt>
      <trkpt lat="46.152997" lon="11.222059">
        <ele>671.8</ele>
        <time>2024-07-14T11:03:50.673Z</time>
      </trkpt>
      <trkpt lat="46.152629" lon="11.222212">
        <ele>673.4</ele>
        <time>2024-07-14T11:04:15.739Z</time>
      </trkpt>
      <trkpt lat="46.152277" lon="11.222714">
        <ele>674.9</ele>
        <time>2024-07-14T11:04:46.408Z</time>
      </trkpt>
      <trkpt lat="46.15161" lon="11.223507">
        <ele>676.6</ele>
        <time>2024-07-14T11:05:37.673Z</time>
      </trkpt>
      <trkpt lat="46.151031" lon="11.22362">
        <ele>676.9</ele>
        <time>2024-07-14T11:06:11.001Z</time>
      </trkpt>
      <trkpt lat="46.150841" lon="11.2237">
        <ele>677.1</ele>
        <time>2024-07-14T11:06:21.938Z</time>
      </trkpt>
      <trkpt lat="46.151039" lon="11.224085">
        <ele>677.5</ele>
        <time>2024-07-14T11:06:40.690Z</time>
      </trkpt>
      <trkpt lat="46.151434" lon="11.224617">
        <ele>678.2</ele>
        <time>2024-07-14T11:07:11.351Z</time>
      </trkpt>
      <trkpt lat="46.153004" lon="11.226361">
        <ele>681</ele>
        <time>2024-07-14T11:09:04.391Z</time>
      </trkpt>
      <trkpt lat="46.153575" lon="11.227073">
        <ele>683.3</ele>
        <time>2024-07-14T11:09:48.294Z</time>
      </trkpt>
      <trkpt lat="46.153689" lon="11.227236">
        <ele>684.1</ele>
        <time>2024-07-14T11:09:58.187Z</time>
      </trkpt>
      <trkpt lat="46.154067" lon="11.228208">
        <ele>689.1</ele>
        <time>2024-07-14T11:10:50.197Z</time>
      </trkpt>
      <trkpt lat="46.154345" lon="11.228719">
        <ele>692.9</ele>
        <time>2024-07-14T11:11:21.268Z</time>
      </trkpt>
      <trkpt lat="46.154458" lon="11.228869">
        <ele>694.1</ele>
        <time>2024-07-14T11:11:32.122Z</time>
      </trkpt>
      <trkpt lat="46.15496" lon="11.229537">
        <ele>698.8</ele>
        <time>2024-07-14T11:12:19.093Z</time>
      </trkpt>
      <trkpt lat="46.155273" lon="11.229845">
        <ele>700.3</ele>
        <time>2024-07-14T11:12:44.345Z</time>
      </trkpt>
      <trkpt lat="46.155755" lon="11.230319">
        <ele>700.8</ele>
        <time>2024-07-14T11:13:18.573Z</time>
      </trkpt>
      <trkpt lat="46.156062" lon="11.230527">
        <ele>700.3</ele>
        <time>2024-07-14T11:13:36.793Z</time>
      </trkpt>
      <trkpt lat="46.156247" lon="11.230414">
        <ele>699.9</ele>
        <time>2024-07-14T11:13:46.893Z</time>
      </trkpt>
      <trkpt lat="46.156475" lon="11.230449">
        <ele>699.7</ele>
        <time>2024-07-14T11:13:58.337Z</time>
      </trkpt>
      <trkpt lat="46.156661" lon="11.230552">
        <ele>699.3</ele>
        <time>2024-07-14T11:14:08.281Z</time>
      </trkpt>
      <trkpt lat="46.157119" lon="11.231109">
        <ele>698.3</ele>
        <time>2024-07-14T11:14:38.215Z</time>
      </trkpt>
      <trkpt lat="46.157149" lon="11.231264">
        <ele>698.3</ele>
        <time>2024-07-14T11:14:43.826Z</time>
      </trkpt>
      <trkpt lat="46.158229" lon="11.232043">
        <ele>699.1</ele>
        <time>2024-07-14T11:15:50.455Z</time>
      </trkpt>
      <trkpt lat="46.158509" lon="11.232319">
        <ele>698.6</ele>
        <time>2024-07-14T11:16:08.828Z</time>
      </trkpt>
      <trkpt lat="46.158683" lon="11.232539">
        <ele>698.2</ele>
        <time>2024-07-14T11:16:20.437Z</time>
      </trkpt>
      <trkpt lat="46.158815" lon="11.232714">
        <ele>698</ele>
        <time>2024-07-14T11:16:29.437Z</time>
      </trkpt>
      <trkpt lat="46.159254" lon="11.233282">
        <ele>697.2</ele>
        <time>2024-07-14T11:16:59.123Z</time>
      </trkpt>
      <trkpt lat="46.160003" lon="11.234202">
        <ele>695.4</ele>
        <time>2024-07-14T11:17:48.057Z</time>
      </trkpt>
      <trkpt lat="46.160216" lon="11.234413">
        <ele>695.4</ele>
        <time>2024-07-14T11:18:01.033Z</time>
      </trkpt>
      <trkpt lat="46.160355" lon="11.2347">
        <ele>695.5</ele>
        <time>2024-07-14T11:18:14.325Z</time>
      </trkpt>
      <trkpt lat="46.16042" lon="11.234932">
        <ele>695.7</ele>
        <time>2024-07-14T11:18:23.939Z</time>
      </trkpt>
      <trkpt lat="46.160544" lon="11.235928">
        <ele>697.5</ele>
        <time>2024-07-14T11:19:04.749Z</time>
      </trkpt>
      <trkpt lat="46.16057" lon="11.236309">
        <ele>698.5</ele>
        <time>2024-07-14T11:19:20.811Z</time>
      </trkpt>
      <trkpt lat="46.160529" lon="11.236637">
        <ele>699.5</ele>
        <time>2024-07-14T11:19:35.342Z</time>
      </trkpt>
      <trkpt lat="46.160429" lon="11.236858">
        <ele>700.2</ele>
        <time>2024-07-14T11:19:46.901Z</time>
      </trkpt>
      <trkpt lat="46.160239" lon="11.237169">
        <ele>701.4</ele>
        <time>2024-07-14T11:20:05.053Z</time>
      </trkpt>
      <trkpt lat="46.160192" lon="11.237304">
        <ele>701.8</ele>
        <time>2024-07-14T11:20:11.570Z</time>
      </trkpt>
      <trkpt lat="46.160186" lon="11.237532">
        <ele>702.3</ele>
        <time>2024-07-14T11:20:21.413Z</time>
      </trkpt>
      <trkpt lat="46.160199" lon="11.237641">
        <ele>702.5</ele>
        <time>2024-07-14T11:20:26.112Z</time>
      </trkpt>
      <trkpt lat="46.16039" lon="11.238507">
        <ele>702.4</ele>
        <time>2024-07-14T11:21:01.496Z</time>
      </trkpt>
      <trkpt lat="46.160524" lon="11.238768">
        <ele>701.8</ele>
        <time>2024-07-14T11:21:12.959Z</time>
      </trkpt>
      <trkpt lat="46.160605" lon="11.238845">
        <ele>701.4</ele>
        <time>2024-07-14T11:21:17.460Z</time>
      </trkpt>
      <trkpt lat="46.160972" lon="11.239061">
        <ele>700.2</ele>
        <time>2024-07-14T11:21:35.892Z</time>
      </trkpt>
      <trkpt lat="46.161154" lon="11.239215">
        <ele>699.6</ele>
        <time>2024-07-14T11:21:45.820Z</time>
      </trkpt>
      <trkpt lat="46.161336" lon="11.239368">
        <ele>699.1</ele>
        <time>2024-07-14T11:21:55.831Z</time>
      </trkpt>
      <trkpt lat="46.161764" lon="11.239905">
        <ele>698.9</ele>
        <time>2024-07-14T11:22:24.501Z</time>
      </trkpt>
      <trkpt lat="46.161971" lon="11.240125">
        <ele>699.4</ele>
        <time>2024-07-14T11:22:38.536Z</time>
      </trkpt>
      <trkpt lat="46.162817" lon="11.240935">
        <ele>701.6</ele>
        <time>2024-07-14T11:23:38.215Z</time>
      </trkpt>
      <trkpt lat="46.163101" lon="11.241129">
        <ele>702.4</ele>
        <time>2024-07-14T11:23:56.783Z</time>
      </trkpt>
      <trkpt lat="46.163656" lon="11.241509">
        <ele>703.8</ele>
        <time>2024-07-14T11:24:33.246Z</time>
      </trkpt>
      <trkpt lat="46.164159" lon="11.241955">
        <ele>706.2</ele>
        <time>2024-07-14T11:25:09.340Z</time>
      </trkpt>
      <trkpt lat="46.164346" lon="11.242204">
        <ele>707.6</ele>
        <time>2024-07-14T11:25:25.628Z</time>
      </trkpt>
      <trkpt lat="46.164833" lon="11.243023">
        <ele>711.4</ele>
        <time>2024-07-14T11:26:14.540Z</time>
      </trkpt>
      <trkpt lat="46.164926" lon="11.243096">
        <ele>711.8</ele>
        <time>2024-07-14T11:26:21.409Z</time>
      </trkpt>
      <trkpt lat="46.165678" lon="11.243642">
        <ele>712.8</ele>
        <time>2024-07-14T11:27:09.615Z</time>
      </trkpt>
      <trkpt lat="46.165843" lon="11.243716">
        <ele>712.8</ele>
        <time>2024-07-14T11:27:19.308Z</time>
      </trkpt>
      <trkpt lat="46.166148" lon="11.243851">
        <ele>712.9</ele>
        <time>2024-07-14T11:27:36.602Z</time>
      </trkpt>
      <trkpt lat="46.166308" lon="11.243965">
        <ele>713.1</ele>
        <time>2024-07-14T11:27:46.447Z</time>
      </trkpt>
      <trkpt lat="46.166578" lon="11.244222">
        <ele>713.5</ele>
        <time>2024-07-14T11:28:04.752Z</time>
      </trkpt>
      <trkpt lat="46.166694" lon="11.244462">
        <ele>713.7</ele>
        <time>2024-07-14T11:28:16.197Z</time>
      </trkpt>
      <trkpt lat="46.166905" lon="11.245121">
        <ele>715.3</ele>
        <time>2024-07-14T11:28:46.256Z</time>
      </trkpt>
      <trkpt lat="46.167062" lon="11.24551">
        <ele>716.7</ele>
        <time>2024-07-14T11:29:05.685Z</time>
      </trkpt>
      <trkpt lat="46.167293" lon="11.246139">
        <ele>715.3</ele>
        <time>2024-07-14T11:29:32.173Z</time>
      </trkpt>
      <trkpt lat="46.16752" lon="11.246688">
        <ele>711.8</ele>
        <time>2024-07-14T11:29:50.743Z</time>
      </trkpt>
      <trkpt lat="46.167693" lon="11.246906">
        <ele>709.7</ele>
        <time>2024-07-14T11:29:59.085Z</time>
      </trkpt>
      <trkpt lat="46.167867" lon="11.247056">
        <ele>707.8</ele>
        <time>2024-07-14T11:30:06.286Z</time>
      </trkpt>
      <trkpt lat="46.168066" lon="11.247097">
        <ele>706</ele>
        <time>2024-07-14T11:30:13.385Z</time>
      </trkpt>
      <trkpt lat="46.168247" lon="11.247123">
        <ele>704.2</ele>
        <time>2024-07-14T11:30:19.795Z</time>
      </trkpt>
      <trkpt lat="46.16924" lon="11.247267">
        <ele>694.1</ele>
        <time>2024-07-14T11:30:54.311Z</time>
      </trkpt>
      <trkpt lat="46.169853" lon="11.246987">
        <ele>694.4</ele>
        <time>2024-07-14T11:31:20.376Z</time>
      </trkpt>
      <trkpt lat="46.170118" lon="11.247063">
        <ele>695.3</ele>
        <time>2024-07-14T11:31:35.872Z</time>
      </trkpt>
      <trkpt lat="46.170248" lon="11.247151">
        <ele>695.7</ele>
        <time>2024-07-14T11:31:44.648Z</time>
      </trkpt>
      <trkpt lat="46.170629" lon="11.247533">
        <ele>698.1</ele>
        <time>2024-07-14T11:32:14.076Z</time>
      </trkpt>
      <trkpt lat="46.170702" lon="11.247639">
        <ele>699</ele>
        <time>2024-07-14T11:32:21.166Z</time>
      </trkpt>
      <trkpt lat="46.170793" lon="11.247854">
        <ele>700.8</ele>
        <time>2024-07-14T11:32:33.792Z</time>
      </trkpt>
      <trkpt lat="46.170972" lon="11.248001">
        <ele>702.7</ele>
        <time>2024-07-14T11:32:48.490Z</time>
      </trkpt>
      <trkpt lat="46.171171" lon="11.248108">
        <ele>704.2</ele>
        <time>2024-07-14T11:33:03.650Z</time>
      </trkpt>
      <trkpt lat="46.171506" lon="11.248536">
        <ele>706.7</ele>
        <time>2024-07-14T11:33:34.244Z</time>
      </trkpt>
      <trkpt lat="46.171594" lon="11.248669">
        <ele>707.3</ele>
        <time>2024-07-14T11:33:42.627Z</time>
      </trkpt>
      <trkpt lat="46.172052" lon="11.249021">
        <ele>708.5</ele>
        <time>2024-07-14T11:34:13.920Z</time>
      </trkpt>
      <trkpt lat="46.172314" lon="11.249304">
        <ele>709.2</ele>
        <time>2024-07-14T11:34:33.250Z</time>
      </trkpt>
      <trkpt lat="46.172408" lon="11.24945">
        <ele>709.1</ele>
        <time>2024-07-14T11:34:40.759Z</time>
      </trkpt>
      <trkpt lat="46.172584" lon="11.249538">
        <ele>708.9</ele>
        <time>2024-07-14T11:34:50.214Z</time>
      </trkpt>
      <trkpt lat="46.172623" lon="11.249469">
        <ele>708.7</ele>
        <time>2024-07-14T11:34:53.344Z</time>
      </trkpt>
      <trkpt lat="46.172739" lon="11.249433">
        <ele>708.5</ele>
        <time>2024-07-14T11:34:59.367Z</time>
      </trkpt>
      <trkpt lat="46.172791" lon="11.249488">
        <ele>708.5</ele>
        <time>2024-07-14T11:35:02.613Z</time>
      </trkpt>
      <trkpt lat="46.17312" lon="11.250108">
        <ele>708.2</ele>
        <time>2024-07-14T11:35:30.465Z</time>
      </trkpt>
      <trkpt lat="46.173269" lon="11.250217">
        <ele>708</ele>
        <time>2024-07-14T11:35:39.152Z</time>
      </trkpt>
      <trkpt lat="46.173738" lon="11.250427">
        <ele>707.4</ele>
        <time>2024-07-14T11:36:04.096Z</time>
      </trkpt>
      <trkpt lat="46.173869" lon="11.250515">
        <ele>707.4</ele>
        <time>2024-07-14T11:36:11.546Z</time>
      </trkpt>
      <trkpt lat="46.173989" lon="11.250639">
        <ele>707.3</ele>
        <time>2024-07-14T11:36:19.260Z</time>
      </trkpt>
      <trkpt lat="46.174108" lon="11.250888">
        <ele>707.1</ele>
        <time>2024-07-14T11:36:29.899Z</time>
      </trkpt>
      <trkpt lat="46.174199" lon="11.250996">
        <ele>706.8</ele>
        <time>2024-07-14T11:36:35.797Z</time>
      </trkpt>
      <trkpt lat="46.174185" lon="11.251164">
        <ele>706.5</ele>
        <time>2024-07-14T11:36:41.585Z</time>
      </trkpt>
      <trkpt lat="46.174311" lon="11.251743">
        <ele>704.2</ele>
        <time>2024-07-14T11:37:00.645Z</time>
      </trkpt>
      <trkpt lat="46.1744" lon="11.251786">
        <ele>703.4</ele>
        <time>2024-07-14T11:37:04.235Z</time>
      </trkpt>
      <trkpt lat="46.174415" lon="11.251915">
        <ele>702.6</ele>
        <time>2024-07-14T11:37:07.401Z</time>
      </trkpt>
      <trkpt lat="46.174497" lon="11.252119">
        <ele>700.9</ele>
        <time>2024-07-14T11:37:13.111Z</time>
      </trkpt>
      <trkpt lat="46.17466" lon="11.252269">
        <ele>699</ele>
        <time>2024-07-14T11:37:19.901Z</time>
      </trkpt>
      <trkpt lat="46.174831" lon="11.252333">
        <ele>697.4</ele>
        <time>2024-07-14T11:37:25.926Z</time>
      </trkpt>
      <trkpt lat="46.174987" lon="11.25228">
        <ele>695.3</ele>
        <time>2024-07-14T11:37:31.350Z</time>
      </trkpt>
      <trkpt lat="46.175217" lon="11.252011">
        <ele>690.8</ele>
        <time>2024-07-14T11:37:40.710Z</time>
      </trkpt>
      <trkpt lat="46.175373" lon="11.252026">
        <ele>688.1</ele>
        <time>2024-07-14T11:37:45.305Z</time>
      </trkpt>
      <trkpt lat="46.175588" lon="11.252202">
        <ele>683.6</ele>
        <time>2024-07-14T11:37:52.441Z</time>
      </trkpt>
      <trkpt lat="46.17564" lon="11.252186">
        <ele>682.5</ele>
        <time>2024-07-14T11:37:53.973Z</time>
      </trkpt>
      <trkpt lat="46.17573" lon="11.252215">
        <ele>680.9</ele>
        <time>2024-07-14T11:37:56.622Z</time>
      </trkpt>
      <trkpt lat="46.175861" lon="11.252012">
        <ele>677.3</ele>
        <time>2024-07-14T11:38:02.142Z</time>
      </trkpt>
      <trkpt lat="46.176203" lon="11.251739">
        <ele>670.9</ele>
        <time>2024-07-14T11:38:13.511Z</time>
      </trkpt>
      <trkpt lat="46.176293" lon="11.251548">
        <ele>668.8</ele>
        <time>2024-07-14T11:38:18.312Z</time>
      </trkpt>
      <trkpt lat="46.176581" lon="11.25144">
        <ele>664.8</ele>
        <time>2024-07-14T11:38:27.637Z</time>
      </trkpt>
      <trkpt lat="46.176775" lon="11.25142">
        <ele>662.1</ele>
        <time>2024-07-14T11:38:33.691Z</time>
      </trkpt>
      <trkpt lat="46.177069" lon="11.251489">
        <ele>658.9</ele>
        <time>2024-07-14T11:38:43.407Z</time>
      </trkpt>
      <trkpt lat="46.177144" lon="11.251546">
        <ele>658</ele>
        <time>2024-07-14T11:38:46.242Z</time>
      </trkpt>
      <trkpt lat="46.177355" lon="11.251876">
        <ele>654.5</ele>
        <time>2024-07-14T11:38:56.643Z</time>
      </trkpt>
      <trkpt lat="46.17734" lon="11.252047">
        <ele>653.2</ele>
        <time>2024-07-14T11:39:00.632Z</time>
      </trkpt>
      <trkpt lat="46.177387" lon="11.252162">
        <ele>652.2</ele>
        <time>2024-07-14T11:39:03.717Z</time>
      </trkpt>
      <trkpt lat="46.177477" lon="11.252237">
        <ele>651.1</ele>
        <time>2024-07-14T11:39:07.222Z</time>
      </trkpt>
      <trkpt lat="46.177741" lon="11.252204">
        <ele>648.3</ele>
        <time>2024-07-14T11:39:16.159Z</time>
      </trkpt>
      <trkpt lat="46.178108" lon="11.252328">
        <ele>644.5</ele>
        <time>2024-07-14T11:39:29.017Z</time>
      </trkpt>
      <trkpt lat="46.178664" lon="11.253033">
        <ele>638</ele>
        <time>2024-07-14T11:39:55.248Z</time>
      </trkpt>
      <trkpt lat="46.179178" lon="11.253676">
        <ele>634.8</ele>
        <time>2024-07-14T11:40:21.785Z</time>
      </trkpt>
      <trkpt lat="46.17968" lon="11.254373">
        <ele>634.9</ele>
        <time>2024-07-14T11:40:55.458Z</time>
      </trkpt>
      <trkpt lat="46.179851" lon="11.254637">
        <ele>635.7</ele>
        <time>2024-07-14T11:41:09.479Z</time>
      </trkpt>
      <trkpt lat="46.179975" lon="11.254971">
        <ele>636.8</ele>
        <time>2024-07-14T11:41:25.842Z</time>
      </trkpt>
      <trkpt lat="46.180065" lon="11.255546">
        <ele>639</ele>
        <time>2024-07-14T11:41:52.330Z</time>
      </trkpt>
      <trkpt lat="46.180057" lon="11.255905">
        <ele>640.3</ele>
        <time>2024-07-14T11:42:08.667Z</time>
      </trkpt>
      <trkpt lat="46.180018" lon="11.256198">
        <ele>641.6</ele>
        <time>2024-07-14T11:42:22.389Z</time>
      </trkpt>
      <trkpt lat="46.179881" lon="11.256656">
        <ele>643.6</ele>
        <time>2024-07-14T11:42:45.506Z</time>
      </trkpt>
      <trkpt lat="46.179821" lon="11.257328">
        <ele>644.7</ele>
        <time>2024-07-14T11:43:14.862Z</time>
      </trkpt>
      <trkpt lat="46.179992" lon="11.25802">
        <ele>643.4</ele>
        <time>2024-07-14T11:43:41.943Z</time>
      </trkpt>
      <trkpt lat="46.180093" lon="11.258214">
        <ele>642.4</ele>
        <time>2024-07-14T11:43:49.632Z</time>
      </trkpt>
      <trkpt lat="46.180539" lon="11.25946">
        <ele>634.6</ele>
        <time>2024-07-14T11:44:26.130Z</time>
      </trkpt>
      <trkpt lat="46.180852" lon="11.259917">
        <ele>631.7</ele>
        <time>2024-07-14T11:44:42.974Z</time>
      </trkpt>
      <trkpt lat="46.180924" lon="11.260089">
        <ele>630.9</ele>
        <time>2024-07-14T11:44:48.570Z</time>
      </trkpt>
      <trkpt lat="46.18097" lon="11.260317">
        <ele>630</ele>
        <time>2024-07-14T11:44:55.508Z</time>
      </trkpt>
      <trkpt lat="46.180944" lon="11.260583">
        <ele>629.2</ele>
        <time>2024-07-14T11:45:03.355Z</time>
      </trkpt>
      <trkpt lat="46.180426" lon="11.262395">
        <ele>622.1</ele>
        <time>2024-07-14T11:46:00.494Z</time>
      </trkpt>
      <trkpt lat="46.18039" lon="11.26291">
        <ele>617.5</ele>
        <time>2024-07-14T11:46:14.488Z</time>
      </trkpt>
      <trkpt lat="46.180433" lon="11.263103">
        <ele>615.8</ele>
        <time>2024-07-14T11:46:18.983Z</time>
      </trkpt>
      <trkpt lat="46.180554" lon="11.263253">
        <ele>613.9</ele>
        <time>2024-07-14T11:46:24.152Z</time>
      </trkpt>
      <trkpt lat="46.180928" lon="11.263493">
        <ele>608.6</ele>
        <time>2024-07-14T11:46:37.227Z</time>
      </trkpt>
      <trkpt lat="46.180993" lon="11.263536">
        <ele>607.6</ele>
        <time>2024-07-14T11:46:39.510Z</time>
      </trkpt>
      <trkpt lat="46.18124" lon="11.263602">
        <ele>604.7</ele>
        <time>2024-07-14T11:46:47.634Z</time>
      </trkpt>
      <trkpt lat="46.181466" lon="11.26355">
        <ele>602.1</ele>
        <time>2024-07-14T11:46:55.203Z</time>
      </trkpt>
      <trkpt lat="46.181626" lon="11.263452">
        <ele>600.4</ele>
        <time>2024-07-14T11:47:01.119Z</time>
      </trkpt>
      <trkpt lat="46.181714" lon="11.263364">
        <ele>599.4</ele>
        <time>2024-07-14T11:47:05.059Z</time>
      </trkpt>
      <trkpt lat="46.181858" lon="11.263103">
        <ele>598.6</ele>
        <time>2024-07-14T11:47:14.073Z</time>
      </trkpt>
      <trkpt lat="46.182135" lon="11.262225">
        <ele>601.4</ele>
        <time>2024-07-14T11:47:51.563Z</time>
      </trkpt>
      <trkpt lat="46.182246" lon="11.262055">
        <ele>602.4</ele>
        <time>2024-07-14T11:48:02.068Z</time>
      </trkpt>
      <trkpt lat="46.182449" lon="11.261923">
        <ele>603.8</ele>
        <time>2024-07-14T11:48:17.072Z</time>
      </trkpt>
      <trkpt lat="46.182823" lon="11.261798">
        <ele>606.3</ele>
        <time>2024-07-14T11:48:43.037Z</time>
      </trkpt>
      <trkpt lat="46.182985" lon="11.261686">
        <ele>607.4</ele>
        <time>2024-07-14T11:48:55.165Z</time>
      </trkpt>
      <trkpt lat="46.183117" lon="11.261509">
        <ele>608.5</ele>
        <time>2024-07-14T11:49:07.073Z</time>
      </trkpt>
      <trkpt lat="46.183182" lon="11.261375">
        <ele>609.1</ele>
        <time>2024-07-14T11:49:14.563Z</time>
      </trkpt>
      <trkpt lat="46.183223" lon="11.261182">
        <ele>609.7</ele>
        <time>2024-07-14T11:49:23.740Z</time>
      </trkpt>
      <trkpt lat="46.183182" lon="11.260544">
        <ele>611.5</ele>
        <time>2024-07-14T11:49:52.308Z</time>
      </trkpt>
      <trkpt lat="46.183218" lon="11.259496">
        <ele>613.9</ele>
        <time>2024-07-14T11:50:37.427Z</time>
      </trkpt>
      <trkpt lat="46.183243" lon="11.258894">
        <ele>616.5</ele>
        <time>2024-07-14T11:51:04.053Z</time>
      </trkpt>
      <trkpt lat="46.183308" lon="11.258603">
        <ele>617.9</ele>
        <time>2024-07-14T11:51:18.341Z</time>
      </trkpt>
      <trkpt lat="46.183387" lon="11.258448">
        <ele>618.7</ele>
        <time>2024-07-14T11:51:27.408Z</time>
      </trkpt>
      <trkpt lat="46.183526" lon="11.258309">
        <ele>619.9</ele>
        <time>2024-07-14T11:51:38.912Z</time>
      </trkpt>
      <trkpt lat="46.183846" lon="11.25809">
        <ele>623</ele>
        <time>2024-07-14T11:52:03.677Z</time>
      </trkpt>
      <trkpt lat="46.183903" lon="11.257956">
        <ele>624.1</ele>
        <time>2024-07-14T11:52:11.544Z</time>
      </trkpt>
      <trkpt lat="46.183929" lon="11.257793">
        <ele>625.3</ele>
        <time>2024-07-14T11:52:20.007Z</time>
      </trkpt>
      <trkpt lat="46.183945" lon="11.257619">
        <ele>626.5</ele>
        <time>2024-07-14T11:52:28.855Z</time>
      </trkpt>
      <trkpt lat="46.183925" lon="11.257287">
        <ele>628.7</ele>
        <time>2024-07-14T11:52:45.623Z</time>
      </trkpt>
      <trkpt lat="46.183991" lon="11.257143">
        <ele>629.8</ele>
        <time>2024-07-14T11:52:54.297Z</time>
      </trkpt>
      <trkpt lat="46.184075" lon="11.257008">
        <ele>631</ele>
        <time>2024-07-14T11:53:03.452Z</time>
      </trkpt>
      <trkpt lat="46.184186" lon="11.256892">
        <ele>632.4</ele>
        <time>2024-07-14T11:53:13.471Z</time>
      </trkpt>
      <trkpt lat="46.184325" lon="11.256839">
        <ele>634</ele>
        <time>2024-07-14T11:53:23.981Z</time>
      </trkpt>
      <trkpt lat="46.184387" lon="11.25687">
        <ele>634.7</ele>
        <time>2024-07-14T11:53:28.794Z</time>
      </trkpt>
      <trkpt lat="46.184683" lon="11.256731">
        <ele>637.9</ele>
        <time>2024-07-14T11:53:51.675Z</time>
      </trkpt>
      <trkpt lat="46.185029" lon="11.256561">
        <ele>642.6</ele>
        <time>2024-07-14T11:54:18.954Z</time>
      </trkpt>
      <trkpt lat="46.185208" lon="11.256582">
        <ele>645</ele>
        <time>2024-07-14T11:54:32.529Z</time>
      </trkpt>
      <trkpt lat="46.185425" lon="11.256745">
        <ele>647.9</ele>
        <time>2024-07-14T11:54:50.982Z</time>
      </trkpt>
      <trkpt lat="46.185615" lon="11.256968">
        <ele>650.6</ele>
        <time>2024-07-14T11:55:09.311Z</time>
      </trkpt>
      <trkpt lat="46.185726" lon="11.257097">
        <ele>652.2</ele>
        <time>2024-07-14T11:55:19.875Z</time>
      </trkpt>
      <trkpt lat="46.18594" lon="11.257267">
        <ele>654.9</ele>
        <time>2024-07-14T11:55:37.967Z</time>
      </trkpt>
      <trkpt lat="46.186109" lon="11.257338">
        <ele>656.8</ele>
        <time>2024-07-14T11:55:50.923Z</time>
      </trkpt>
      <trkpt lat="46.186249" lon="11.257465">
        <ele>658.3</ele>
        <time>2024-07-14T11:56:03.062Z</time>
      </trkpt>
      <trkpt lat="46.186475" lon="11.257872">
        <ele>661</ele>
        <time>2024-07-14T11:56:28.805Z</time>
      </trkpt>
      <trkpt lat="46.186675" lon="11.258136">
        <ele>663</ele>
        <time>2024-07-14T11:56:47.611Z</time>
      </trkpt>
      <trkpt lat="46.187417" lon="11.258371">
        <ele>669</ele>
        <time>2024-07-14T11:57:40.729Z</time>
      </trkpt>
      <trkpt lat="46.187554" lon="11.258442">
        <ele>670</ele>
        <time>2024-07-14T11:57:50.814Z</time>
      </trkpt>
      <trkpt lat="46.187723" lon="11.25862">
        <ele>671.2</ele>
        <time>2024-07-14T11:58:04.895Z</time>
      </trkpt>
      <trkpt lat="46.187937" lon="11.25889">
        <ele>672.4</ele>
        <time>2024-07-14T11:58:23.344Z</time>
      </trkpt>
      <trkpt lat="46.188062" lon="11.258944">
        <ele>672.8</ele>
        <time>2024-07-14T11:58:31.590Z</time>
      </trkpt>
      <trkpt lat="46.188232" lon="11.258928">
        <ele>673.6</ele>
        <time>2024-07-14T11:58:42.463Z</time>
      </trkpt>
      <trkpt lat="46.188435" lon="11.258842">
        <ele>674.7</ele>
        <time>2024-07-14T11:58:56.117Z</time>
      </trkpt>
      <trkpt lat="46.188596" lon="11.258732">
        <ele>675.7</ele>
        <time>2024-07-14T11:59:07.743Z</time>
      </trkpt>
      <trkpt lat="46.188633" lon="11.258692">
        <ele>675.9</ele>
        <time>2024-07-14T11:59:10.732Z</time>
      </trkpt>
      <trkpt lat="46.188864" lon="11.258436">
        <ele>677.1</ele>
        <time>2024-07-14T11:59:29.562Z</time>
      </trkpt>
      <trkpt lat="46.189103" lon="11.258297">
        <ele>678</ele>
        <time>2024-07-14T11:59:45.788Z</time>
      </trkpt>
      <trkpt lat="46.189209" lon="11.258307">
        <ele>678.5</ele>
        <time>2024-07-14T11:59:52.450Z</time>
      </trkpt>
      <trkpt lat="46.189386" lon="11.258324">
        <ele>679.2</ele>
        <time>2024-07-14T12:00:03.706Z</time>
      </trkpt>
      <trkpt lat="46.189579" lon="11.258342">
        <ele>680.2</ele>
        <time>2024-07-14T12:00:16.136Z</time>
      </trkpt>
      <trkpt lat="46.190177" lon="11.258458">
        <ele>684.8</ele>
        <time>2024-07-14T12:00:57.041Z</time>
      </trkpt>
      <trkpt lat="46.191168" lon="11.258635">
        <ele>694.4</ele>
        <time>2024-07-14T12:02:08.456Z</time>
      </trkpt>
      <trkpt lat="46.191422" lon="11.258775">
        <ele>696.8</ele>
        <time>2024-07-14T12:02:28.087Z</time>
      </trkpt>
      <trkpt lat="46.191527" lon="11.258899">
        <ele>698</ele>
        <time>2024-07-14T12:02:37.767Z</time>
      </trkpt>
      <trkpt lat="46.191589" lon="11.259018">
        <ele>698.9</ele>
        <time>2024-07-14T12:02:45.126Z</time>
      </trkpt>
      <trkpt lat="46.191639" lon="11.259113">
        <ele>699.6</ele>
        <time>2024-07-14T12:02:51.087Z</time>
      </trkpt>
      <trkpt lat="46.191805" lon="11.259526">
        <ele>702.9</ele>
        <time>2024-07-14T12:03:14.945Z</time>
      </trkpt>
      <trkpt lat="46.191955" lon="11.259797">
        <ele>705.2</ele>
        <time>2024-07-14T12:03:32.267Z</time>
      </trkpt>
      <trkpt lat="46.192104" lon="11.259925">
        <ele>706.6</ele>
        <time>2024-07-14T12:03:44.381Z</time>
      </trkpt>
      <trkpt lat="46.192317" lon="11.260102">
        <ele>708</ele>
        <time>2024-07-14T12:04:01.552Z</time>
      </trkpt>
      <trkpt lat="46.192661" lon="11.260341">
        <ele>709.3</ele>
        <time>2024-07-14T12:04:26.474Z</time>
      </trkpt>
      <trkpt lat="46.192745" lon="11.260375">
        <ele>709.5</ele>
        <time>2024-07-14T12:04:31.651Z</time>
      </trkpt>
      <trkpt lat="46.19285" lon="11.260388">
        <ele>709.6</ele>
        <time>2024-07-14T12:04:37.673Z</time>
      </trkpt>
      <trkpt lat="46.19297" lon="11.260358">
        <ele>709.8</ele>
        <time>2024-07-14T12:04:44.697Z</time>
      </trkpt>
      <trkpt lat="46.193072" lon="11.260314">
        <ele>709.9</ele>
        <time>2024-07-14T12:04:50.917Z</time>
      </trkpt>
      <trkpt lat="46.193179" lon="11.260222">
        <ele>710.2</ele>
        <time>2024-07-14T12:04:58.287Z</time>
      </trkpt>
      <trkpt lat="46.193263" lon="11.260107">
        <ele>710.6</ele>
        <time>2024-07-14T12:05:05.201Z</time>
      </trkpt>
      <trkpt lat="46.193324" lon="11.259954">
        <ele>711.1</ele>
        <time>2024-07-14T12:05:12.698Z</time>
      </trkpt>
      <trkpt lat="46.193403" lon="11.259579">
        <ele>712.2</ele>
        <time>2024-07-14T12:05:29.510Z</time>
      </trkpt>
      <trkpt lat="46.193449" lon="11.259356">
        <ele>712.7</ele>
        <time>2024-07-14T12:05:39.568Z</time>
      </trkpt>
      <trkpt lat="46.193603" lon="11.259078">
        <ele>713.6</ele>
        <time>2024-07-14T12:05:54.923Z</time>
      </trkpt>
      <trkpt lat="46.193793" lon="11.258896">
        <ele>714.9</ele>
        <time>2024-07-14T12:06:09.403Z</time>
      </trkpt>
      <trkpt lat="46.194028" lon="11.258831">
        <ele>716.9</ele>
        <time>2024-07-14T12:06:25.867Z</time>
      </trkpt>
      <trkpt lat="46.195529" lon="11.258742">
        <ele>732</ele>
        <time>2024-07-14T12:08:15.142Z</time>
      </trkpt>
      <trkpt lat="46.195991" lon="11.25865">
        <ele>735.6</ele>
        <time>2024-07-14T12:08:48.883Z</time>
      </trkpt>
      <trkpt lat="46.196488" lon="11.25855">
        <ele>738.4</ele>
        <time>2024-07-14T12:09:23.028Z</time>
      </trkpt>
      <trkpt lat="46.197578" lon="11.258398">
        <ele>741.1</ele>
        <time>2024-07-14T12:10:30.690Z</time>
      </trkpt>
      <trkpt lat="46.197945" lon="11.258347">
        <ele>741.4</ele>
        <time>2024-07-14T12:10:52.302Z</time>
      </trkpt>
      <trkpt lat="46.198532" lon="11.258413">
        <ele>741.3</ele>
        <time>2024-07-14T12:11:24.231Z</time>
      </trkpt>
      <trkpt lat="46.198858" lon="11.258498">
        <ele>741.5</ele>
        <time>2024-07-14T12:11:42.114Z</time>
      </trkpt>
      <trkpt lat="46.199017" lon="11.258598">
        <ele>742</ele>
        <time>2024-07-14T12:11:52.294Z</time>
      </trkpt>
      <trkpt lat="46.199149" lon="11.258743">
        <ele>742.7</ele>
        <time>2024-07-14T12:12:02.646Z</time>
      </trkpt>
      <trkpt lat="46.199245" lon="11.258895">
        <ele>743.3</ele>
        <time>2024-07-14T12:12:11.536Z</time>
      </trkpt>
      <trkpt lat="46.199371" lon="11.259323">
        <ele>744.8</ele>
        <time>2024-07-14T12:12:32.113Z</time>
      </trkpt>
      <trkpt lat="46.199363" lon="11.259849">
        <ele>746.8</ele>
        <time>2024-07-14T12:12:55.875Z</time>
      </trkpt>
      <trkpt lat="46.199346" lon="11.261879">
        <ele>757.5</ele>
        <time>2024-07-14T12:14:32.831Z</time>
      </trkpt>
      <trkpt lat="46.199328" lon="11.262542">
        <ele>761.3</ele>
        <time>2024-07-14T12:15:04.955Z</time>
      </trkpt>
      <trkpt lat="46.199271" lon="11.262791">
        <ele>762.7</ele>
        <time>2024-07-14T12:15:17.744Z</time>
      </trkpt>
      <trkpt lat="46.198812" lon="11.263746">
        <ele>766.8</ele>
        <time>2024-07-14T12:16:10.994Z</time>
      </trkpt>
      <trkpt lat="46.198754" lon="11.263972">
        <ele>767.3</ele>
        <time>2024-07-14T12:16:21.756Z</time>
      </trkpt>
      <trkpt lat="46.19867" lon="11.26474">
        <ele>767.9</ele>
        <time>2024-07-14T12:16:52.684Z</time>
      </trkpt>
      <trkpt lat="46.198585" lon="11.265576">
        <ele>767.4</ele>
        <time>2024-07-14T12:17:24.232Z</time>
      </trkpt>
      <trkpt lat="46.198543" lon="11.266129">
        <ele>766.4</ele>
        <time>2024-07-14T12:17:43.489Z</time>
      </trkpt>
      <trkpt lat="46.198546" lon="11.266473">
        <ele>765.6</ele>
        <time>2024-07-14T12:17:54.656Z</time>
      </trkpt>
      <trkpt lat="46.198586" lon="11.266835">
        <ele>764.8</ele>
        <time>2024-07-14T12:18:06.348Z</time>
      </trkpt>
      <trkpt lat="46.198726" lon="11.267409">
        <ele>763.6</ele>
        <time>2024-07-14T12:18:26.033Z</time>
      </trkpt>
      <trkpt lat="46.198877" lon="11.267837">
        <ele>762.8</ele>
        <time>2024-07-14T12:18:41.804Z</time>
      </trkpt>
      <trkpt lat="46.199037" lon="11.268289">
        <ele>762.2</ele>
        <time>2024-07-14T12:18:58.964Z</time>
      </trkpt>
      <trkpt lat="46.199361" lon="11.269111">
        <ele>762.7</ele>
        <time>2024-07-14T12:19:33.982Z</time>
      </trkpt>
      <trkpt lat="46.199416" lon="11.269311">
        <ele>763.3</ele>
        <time>2024-07-14T12:19:42.473Z</time>
      </trkpt>
      <trkpt lat="46.199613" lon="11.270946">
        <ele>767.8</ele>
        <time>2024-07-14T12:20:54.659Z</time>
      </trkpt>
      <trkpt lat="46.199696" lon="11.27169">
        <ele>770.4</ele>
        <time>2024-07-14T12:21:27.792Z</time>
      </trkpt>
      <trkpt lat="46.199672" lon="11.272149">
        <ele>772.5</ele>
        <time>2024-07-14T12:21:48.883Z</time>
      </trkpt>
      <trkpt lat="46.199619" lon="11.272415">
        <ele>773.2</ele>
        <time>2024-07-14T12:22:01.527Z</time>
      </trkpt>
      <trkpt lat="46.199545" lon="11.272787">
        <ele>773.6</ele>
        <time>2024-07-14T12:22:17.446Z</time>
      </trkpt>
      <trkpt lat="46.199409" lon="11.273203">
        <ele>773.7</ele>
        <time>2024-07-14T12:22:35.209Z</time>
      </trkpt>
      <trkpt lat="46.19933" lon="11.273532">
        <ele>773.8</ele>
        <time>2024-07-14T12:22:48.365Z</time>
      </trkpt>
      <trkpt lat="46.199355" lon="11.273843">
        <ele>773.6</ele>
        <time>2024-07-14T12:22:59.855Z</time>
      </trkpt>
      <trkpt lat="46.19947" lon="11.274133">
        <ele>773.5</ele>
        <time>2024-07-14T12:23:11.909Z</time>
      </trkpt>
      <trkpt lat="46.199768" lon="11.274342">
        <ele>772</ele>
        <time>2024-07-14T12:23:27.883Z</time>
      </trkpt>
      <trkpt lat="46.200227" lon="11.274551">
        <ele>767.8</ele>
        <time>2024-07-14T12:23:46.515Z</time>
      </trkpt>
      <trkpt lat="46.200628" lon="11.274774">
        <ele>764.8</ele>
        <time>2024-07-14T12:24:02.545Z</time>
      </trkpt>
      <trkpt lat="46.200919" lon="11.275013">
        <ele>763.4</ele>
        <time>2024-07-14T12:24:16.249Z</time>
      </trkpt>
      <trkpt lat="46.201041" lon="11.275203">
        <ele>762.9</ele>
        <time>2024-07-14T12:24:24.340Z</time>
      </trkpt>
      <trkpt lat="46.201346" lon="11.275988">
        <ele>762.4</ele>
        <time>2024-07-14T12:24:55.947Z</time>
      </trkpt>
      <trkpt lat="46.202014" lon="11.276927">
        <ele>762.4</ele>
        <time>2024-07-14T12:25:45.293Z</time>
      </trkpt>
      <trkpt lat="46.202377" lon="11.278258">
        <ele>761.7</ele>
        <time>2024-07-14T12:26:37.616Z</time>
      </trkpt>
      <trkpt lat="46.202629" lon="11.278706">
        <ele>760.9</ele>
        <time>2024-07-14T12:26:58.042Z</time>
      </trkpt>
      <trkpt lat="46.203283" lon="11.279208">
        <ele>763</ele>
        <time>2024-07-14T12:27:39.861Z</time>
      </trkpt>
      <trkpt lat="46.203672" lon="11.28024">
        <ele>763.6</ele>
        <time>2024-07-14T12:28:26.942Z</time>
      </trkpt>
      <trkpt lat="46.203952" lon="11.280654">
        <ele>762.5</ele>
        <time>2024-07-14T12:28:48.066Z</time>
      </trkpt>
      <trkpt lat="46.204187" lon="11.280833">
        <ele>761.3</ele>
        <time>2024-07-14T12:29:00.191Z</time>
      </trkpt>
      <trkpt lat="46.20484" lon="11.281243">
        <ele>756.4</ele>
        <time>2024-07-14T12:29:28.711Z</time>
      </trkpt>
      <trkpt lat="46.204992" lon="11.281432">
        <ele>755.4</ele>
        <time>2024-07-14T12:29:36.886Z</time>
      </trkpt>
      <trkpt lat="46.205083" lon="11.281631">
        <ele>755</ele>
        <time>2024-07-14T12:29:44.626Z</time>
      </trkpt>
      <trkpt lat="46.205138" lon="11.28189">
        <ele>754.8</ele>
        <time>2024-07-14T12:29:54.014Z</time>
      </trkpt>
      <trkpt lat="46.205138" lon="11.282232">
        <ele>755.2</ele>
        <time>2024-07-14T12:30:06.880Z</time>
      </trkpt>
      <trkpt lat="46.205091" lon="11.282477">
        <ele>755.6</ele>
        <time>2024-07-14T12:30:16.756Z</time>
      </trkpt>
      <trkpt lat="46.204897" lon="11.283497">
        <ele>758.2</ele>
        <time>2024-07-14T12:31:01.219Z</time>
      </trkpt>
      <trkpt lat="46.204811" lon="11.283948">
        <ele>760.2</ele>
        <time>2024-07-14T12:31:21.856Z</time>
      </trkpt>
      <trkpt lat="46.204592" lon="11.28449">
        <ele>762.9</ele>
        <time>2024-07-14T12:31:51.096Z</time>
      </trkpt>
      <trkpt lat="46.203876" lon="11.286191">
        <ele>774.2</ele>
        <time>2024-07-14T12:33:27.368Z</time>
      </trkpt>
      <trkpt lat="46.203619" lon="11.286875">
        <ele>773.1</ele>
        <time>2024-07-14T12:34:02.748Z</time>
      </trkpt>
      <trkpt lat="46.203576" lon="11.287186">
        <ele>771</ele>
        <time>2024-07-14T12:34:11.568Z</time>
      </trkpt>
      <trkpt lat="46.203619" lon="11.287466">
        <ele>768.3</ele>
        <time>2024-07-14T12:34:17.799Z</time>
      </trkpt>
      <trkpt lat="46.203736" lon="11.287674">
        <ele>765.1</ele>
        <time>2024-07-14T12:34:23.459Z</time>
      </trkpt>
      <trkpt lat="46.203893" lon="11.287778">
        <ele>761.8</ele>
        <time>2024-07-14T12:34:28.478Z</time>
      </trkpt>
      <trkpt lat="46.203991" lon="11.287805">
        <ele>759.9</ele>
        <time>2024-07-14T12:34:31.327Z</time>
      </trkpt>
      <trkpt lat="46.204142" lon="11.287764">
        <ele>756.8</ele>
        <time>2024-07-14T12:34:35.690Z</time>
      </trkpt>
      <trkpt lat="46.204283" lon="11.287638">
        <ele>753.5</ele>
        <time>2024-07-14T12:34:40.397Z</time>
      </trkpt>
      <trkpt lat="46.20465" lon="11.287216">
        <ele>744.2</ele>
        <time>2024-07-14T12:34:53.689Z</time>
      </trkpt>
      <trkpt lat="46.205362" lon="11.286539">
        <ele>733</ele>
        <time>2024-07-14T12:35:19.233Z</time>
      </trkpt>
      <trkpt lat="46.205634" lon="11.286219">
        <ele>731.3</ele>
        <time>2024-07-14T12:35:31.046Z</time>
      </trkpt>
      <trkpt lat="46.205972" lon="11.285981">
        <ele>729.8</ele>
        <time>2024-07-14T12:35:47.444Z</time>
      </trkpt>
      <trkpt lat="46.206604" lon="11.285525">
        <ele>729.4</ele>
        <time>2024-07-14T12:36:22.423Z</time>
      </trkpt>
      <trkpt lat="46.207017" lon="11.285262">
        <ele>732.7</ele>
        <time>2024-07-14T12:36:49.356Z</time>
      </trkpt>
      <trkpt lat="46.207228" lon="11.285222">
        <ele>735</ele>
        <time>2024-07-14T12:37:04.746Z</time>
      </trkpt>
      <trkpt lat="46.207342" lon="11.285259">
        <ele>736.4</ele>
        <time>2024-07-14T12:37:13.530Z</time>
      </trkpt>
      <trkpt lat="46.207445" lon="11.285336">
        <ele>737.9</ele>
        <time>2024-07-14T12:37:22.291Z</time>
      </trkpt>
      <trkpt lat="46.207543" lon="11.285474">
        <ele>739.8</ele>
        <time>2024-07-14T12:37:32.630Z</time>
      </trkpt>
      <trkpt lat="46.207624" lon="11.285664">
        <ele>742</ele>
        <time>2024-07-14T12:37:44.387Z</time>
      </trkpt>
      <trkpt lat="46.207703" lon="11.28639">
        <ele>750</ele>
        <time>2024-07-14T12:38:23.604Z</time>
      </trkpt>
      <trkpt lat="46.20787" lon="11.287017">
        <ele>756.5</ele>
        <time>2024-07-14T12:38:59.466Z</time>
      </trkpt>
      <trkpt lat="46.208175" lon="11.288282">
        <ele>763.1</ele>
        <time>2024-07-14T12:40:06.433Z</time>
      </trkpt>
      <trkpt lat="46.20842" lon="11.289039">
        <ele>765</ele>
        <time>2024-07-14T12:40:44.777Z</time>
      </trkpt>
      <trkpt lat="46.208496" lon="11.289415">
        <ele>766.5</ele>
        <time>2024-07-14T12:41:01.853Z</time>
      </trkpt>
      <trkpt lat="46.208598" lon="11.290329">
        <ele>767.9</ele>
        <time>2024-07-14T12:41:41.067Z</time>
      </trkpt>
      <trkpt lat="46.208703" lon="11.290707">
        <ele>767.9</ele>
        <time>2024-07-14T12:41:57.237Z</time>
      </trkpt>
      <trkpt lat="46.209364" lon="11.291849">
        <ele>767.7</ele>
        <time>2024-07-14T12:42:52.209Z</time>
      </trkpt>
      <trkpt lat="46.20954" lon="11.292254">
        <ele>767.7</ele>
        <time>2024-07-14T12:43:09.871Z</time>
      </trkpt>
      <trkpt lat="46.209633" lon="11.292766">
        <ele>769.3</ele>
        <time>2024-07-14T12:43:31.553Z</time>
      </trkpt>
      <trkpt lat="46.209631" lon="11.293412">
        <ele>773.3</ele>
        <time>2024-07-14T12:44:02.183Z</time>
      </trkpt>
      <trkpt lat="46.209786" lon="11.294618">
        <ele>779.7</ele>
        <time>2024-07-14T12:45:01.877Z</time>
      </trkpt>
      <trkpt lat="46.209898" lon="11.295288">
        <ele>779.8</ele>
        <time>2024-07-14T12:45:32.812Z</time>
      </trkpt>
      <trkpt lat="46.210029" lon="11.29565">
        <ele>778.9</ele>
        <time>2024-07-14T12:45:47.281Z</time>
      </trkpt>
      <trkpt lat="46.210356" lon="11.296215">
        <ele>775.7</ele>
        <time>2024-07-14T12:46:08.717Z</time>
      </trkpt>
      <trkpt lat="46.211" lon="11.297209">
        <ele>773.6</ele>
        <time>2024-07-14T12:46:51.318Z</time>
      </trkpt>
      <trkpt lat="46.211119" lon="11.297501">
        <ele>773.8</ele>
        <time>2024-07-14T12:47:03.007Z</time>
      </trkpt>
      <trkpt lat="46.211153" lon="11.297904">
        <ele>773.7</ele>
        <time>2024-07-14T12:47:18.233Z</time>
      </trkpt>
      <trkpt lat="46.211226" lon="11.298677">
        <ele>772.3</ele>
        <time>2024-07-14T12:47:44.874Z</time>
      </trkpt>
      <trkpt lat="46.21129" lon="11.298815">
        <ele>771.8</ele>
        <time>2024-07-14T12:47:50.212Z</time>
      </trkpt>
      <trkpt lat="46.211387" lon="11.298917">
        <ele>771.3</ele>
        <time>2024-07-14T12:47:55.479Z</time>
      </trkpt>
      <trkpt lat="46.212218" lon="11.299166">
        <ele>765.3</ele>
        <time>2024-07-14T12:48:29.142Z</time>
      </trkpt>
      <trkpt lat="46.212559" lon="11.299321">
        <ele>762.8</ele>
        <time>2024-07-14T12:48:42.962Z</time>
      </trkpt>
      <trkpt lat="46.212892" lon="11.299569">
        <ele>760.9</ele>
        <time>2024-07-14T12:48:58.124Z</time>
      </trkpt>
      <trkpt lat="46.213121" lon="11.299834">
        <ele>760.8</ele>
        <time>2024-07-14T12:49:11.813Z</time>
      </trkpt>
      <trkpt lat="46.213771" lon="11.30064">
        <ele>766.9</ele>
        <time>2024-07-14T12:50:07.894Z</time>
      </trkpt>
      <trkpt lat="46.214014" lon="11.300897">
        <ele>768.6</ele>
        <time>2024-07-14T12:50:28.449Z</time>
      </trkpt>
      <trkpt lat="46.214136" lon="11.301627">
        <ele>769.7</ele>
        <time>2024-07-14T12:51:00.520Z</time>
      </trkpt>
      <trkpt lat="46.214231" lon="11.301987">
        <ele>769.7</ele>
        <time>2024-07-14T12:51:15.738Z</time>
      </trkpt>
      <trkpt lat="46.214382" lon="11.302222">
        <ele>769.2</ele>
        <time>2024-07-14T12:51:26.403Z</time>
      </trkpt>
      <trkpt lat="46.21454" lon="11.302359">
        <ele>768.1</ele>
        <time>2024-07-14T12:51:34.618Z</time>
      </trkpt>
      <trkpt lat="46.21543" lon="11.302615">
        <ele>764.6</ele>
        <time>2024-07-14T12:52:15.190Z</time>
      </trkpt>
      <trkpt lat="46.215666" lon="11.302745">
        <ele>765.6</ele>
        <time>2024-07-14T12:52:27.459Z</time>
      </trkpt>
      <trkpt lat="46.215835" lon="11.302917">
        <ele>767.3</ele>
        <time>2024-07-14T12:52:41.253Z</time>
      </trkpt>
      <trkpt lat="46.216628" lon="11.304095">
        <ele>779.1</ele>
        <time>2024-07-14T12:54:04.281Z</time>
      </trkpt>
      <trkpt lat="46.217457" lon="11.304859">
        <ele>779.9</ele>
        <time>2024-07-14T12:55:10.010Z</time>
      </trkpt>
      <trkpt lat="46.218038" lon="11.305383">
        <ele>776</ele>
        <time>2024-07-14T12:55:43.756Z</time>
      </trkpt>
      <trkpt lat="46.218978" lon="11.30614">
        <ele>773.4</ele>
        <time>2024-07-14T12:56:32.310Z</time>
      </trkpt>
      <trkpt lat="46.219116" lon="11.306324">
        <ele>773.5</ele>
        <time>2024-07-14T12:56:41.716Z</time>
      </trkpt>
      <trkpt lat="46.219211" lon="11.306569">
        <ele>773.8</ele>
        <time>2024-07-14T12:56:52.753Z</time>
      </trkpt>
      <trkpt lat="46.219262" lon="11.306912">
        <ele>774.2</ele>
        <time>2024-07-14T12:57:06.670Z</time>
      </trkpt>
      <trkpt lat="46.219248" lon="11.307064">
        <ele>774.5</ele>
        <time>2024-07-14T12:57:12.852Z</time>
      </trkpt>
      <trkpt lat="46.219206" lon="11.307256">
        <ele>774.8</ele>
        <time>2024-07-14T12:57:21.020Z</time>
      </trkpt>
      <trkpt lat="46.218739" lon="11.308388">
        <ele>778.1</ele>
        <time>2024-07-14T12:58:17.213Z</time>
      </trkpt>
      <trkpt lat="46.218639" lon="11.308615">
        <ele>779.2</ele>
        <time>2024-07-14T12:58:28.959Z</time>
      </trkpt>
      <trkpt lat="46.21851" lon="11.308814">
        <ele>780</ele>
        <time>2024-07-14T12:58:41.257Z</time>
      </trkpt>
      <trkpt lat="46.217637" lon="11.309755">
        <ele>782.6</ele>
        <time>2024-07-14T12:59:47.653Z</time>
      </trkpt>
      <trkpt lat="46.216881" lon="11.310815">
        <ele>780.2</ele>
        <time>2024-07-14T13:00:44.479Z</time>
      </trkpt>
      <trkpt lat="46.216584" lon="11.311067">
        <ele>779</ele>
        <time>2024-07-14T13:01:00.876Z</time>
      </trkpt>
      <trkpt lat="46.216318" lon="11.311235">
        <ele>778.2</ele>
        <time>2024-07-14T13:01:14.319Z</time>
      </trkpt>
      <trkpt lat="46.214719" lon="11.312101">
        <ele>780.2</ele>
        <time>2024-07-14T13:02:48.533Z</time>
      </trkpt>
      <trkpt lat="46.212889" lon="11.313395">
        <ele>790.2</ele>
        <time>2024-07-14T13:04:53.335Z</time>
      </trkpt>
      <trkpt lat="46.212477" lon="11.313688">
        <ele>788.8</ele>
        <time>2024-07-14T13:05:21.707Z</time>
      </trkpt>
      <trkpt lat="46.212164" lon="11.314011">
        <ele>786.1</ele>
        <time>2024-07-14T13:05:38.122Z</time>
      </trkpt>
      <trkpt lat="46.211911" lon="11.314532">
        <ele>783.1</ele>
        <time>2024-07-14T13:05:55.254Z</time>
      </trkpt>
      <trkpt lat="46.211824" lon="11.314773">
        <ele>782</ele>
        <time>2024-07-14T13:06:02.760Z</time>
      </trkpt>
      <trkpt lat="46.211789" lon="11.314955">
        <ele>781.3</ele>
        <time>2024-07-14T13:06:08.331Z</time>
      </trkpt>
      <trkpt lat="46.211777" lon="11.315191">
        <ele>780.6</ele>
        <time>2024-07-14T13:06:15.460Z</time>
      </trkpt>
      <trkpt lat="46.211793" lon="11.315379">
        <ele>780.1</ele>
        <time>2024-07-14T13:06:21.445Z</time>
      </trkpt>
      <trkpt lat="46.211824" lon="11.315561">
        <ele>779.8</ele>
        <time>2024-07-14T13:06:27.365Z</time>
      </trkpt>
      <trkpt lat="46.211892" lon="11.31574">
        <ele>779.6</ele>
        <time>2024-07-14T13:06:33.956Z</time>
      </trkpt>
      <trkpt lat="46.212574" lon="11.316691">
        <ele>784.3</ele>
        <time>2024-07-14T13:07:31.024Z</time>
      </trkpt>
      <trkpt lat="46.212669" lon="11.316879">
        <ele>785.3</ele>
        <time>2024-07-14T13:07:41.535Z</time>
      </trkpt>
      <trkpt lat="46.212712" lon="11.317079">
        <ele>786</ele>
        <time>2024-07-14T13:07:51.021Z</time>
      </trkpt>
      <trkpt lat="46.212682" lon="11.317327">
        <ele>786.8</ele>
        <time>2024-07-14T13:08:02.422Z</time>
      </trkpt>
      <trkpt lat="46.212558" lon="11.317881">
        <ele>787.9</ele>
        <time>2024-07-14T13:08:27.456Z</time>
      </trkpt>
      <trkpt lat="46.212578" lon="11.318021">
        <ele>788.1</ele>
        <time>2024-07-14T13:08:33.322Z</time>
      </trkpt>
      <trkpt lat="46.21265" lon="11.318133">
        <ele>788.3</ele>
        <time>2024-07-14T13:08:39.500Z</time>
      </trkpt>
      <trkpt lat="46.212754" lon="11.318187">
        <ele>788.6</ele>
        <time>2024-07-14T13:08:45.955Z</time>
      </trkpt>
      <trkpt lat="46.212845" lon="11.318161">
        <ele>788.7</ele>
        <time>2024-07-14T13:08:51.372Z</time>
      </trkpt>
      <trkpt lat="46.213312" lon="11.31789">
        <ele>789.2</ele>
        <time>2024-07-14T13:09:20.134Z</time>
      </trkpt>
      <trkpt lat="46.214593" lon="11.317208">
        <ele>788.4</ele>
        <time>2024-07-14T13:10:32.946Z</time>
      </trkpt>
      <trkpt lat="46.215475" lon="11.316931">
        <ele>788.1</ele>
        <time>2024-07-14T13:11:20.380Z</time>
      </trkpt>
      <trkpt lat="46.216168" lon="11.316572">
        <ele>788.1</ele>
        <time>2024-07-14T13:11:59.605Z</time>
      </trkpt>
      <trkpt lat="46.216323" lon="11.316532">
        <ele>788.3</ele>
        <time>2024-07-14T13:12:08.149Z</time>
      </trkpt>
      <trkpt lat="46.218778" lon="11.316963">
        <ele>795.7</ele>
        <time>2024-07-14T13:14:37.894Z</time>
      </trkpt>
      <trkpt lat="46.218968" lon="11.316908">
        <ele>795.3</ele>
        <time>2024-07-14T13:14:49.510Z</time>
      </trkpt>
      <trkpt lat="46.22011" lon="11.315772">
        <ele>792.1</ele>
        <time>2024-07-14T13:15:56.465Z</time>
      </trkpt>
      <trkpt lat="46.221993" lon="11.314312">
        <ele>804.7</ele>
        <time>2024-07-14T13:18:04.780Z</time>
      </trkpt>
      <trkpt lat="46.222256" lon="11.314112">
        <ele>805.1</ele>
        <time>2024-07-14T13:18:24.104Z</time>
      </trkpt>
      <trkpt lat="46.222365" lon="11.314003">
        <ele>804.9</ele>
        <time>2024-07-14T13:18:31.051Z</time>
      </trkpt>
      <trkpt lat="46.222461" lon="11.313883">
        <ele>804.7</ele>
        <time>2024-07-14T13:18:37.703Z</time>
      </trkpt>
      <trkpt lat="46.222562" lon="11.313665">
        <ele>804.3</ele>
        <time>2024-07-14T13:18:46.667Z</time>
      </trkpt>
      <trkpt lat="46.223085" lon="11.312636">
        <ele>802.5</ele>
        <time>2024-07-14T13:19:29.978Z</time>
      </trkpt>
      <trkpt lat="46.223185" lon="11.312523">
        <ele>802.5</ele>
        <time>2024-07-14T13:19:36.431Z</time>
      </trkpt>
      <trkpt lat="46.223413" lon="11.312418">
        <ele>802.8</ele>
        <time>2024-07-14T13:19:49.759Z</time>
      </trkpt>
      <trkpt lat="46.224061" lon="11.312411">
        <ele>806.6</ele>
        <time>2024-07-14T13:20:30.638Z</time>
      </trkpt>
      <trkpt lat="46.224084" lon="11.312442">
        <ele>806.9</ele>
        <time>2024-07-14T13:20:32.744Z</time>
      </trkpt>
      <trkpt lat="46.224547" lon="11.312446">
        <ele>811.8</ele>
        <time>2024-07-14T13:21:06.796Z</time>
      </trkpt>
      <trkpt lat="46.224701" lon="11.312487">
        <ele>813.5</ele>
        <time>2024-07-14T13:21:18.334Z</time>
      </trkpt>
      <trkpt lat="46.225136" lon="11.312708">
        <ele>817.5</ele>
        <time>2024-07-14T13:21:51.533Z</time>
      </trkpt>
      <trkpt lat="46.225284" lon="11.312774">
        <ele>818.4</ele>
        <time>2024-07-14T13:22:02.110Z</time>
      </trkpt>
      <trkpt lat="46.225544" lon="11.31289">
        <ele>819.5</ele>
        <time>2024-07-14T13:22:19.637Z</time>
      </trkpt>
      <trkpt lat="46.226005" lon="11.313007">
        <ele>820.4</ele>
        <time>2024-07-14T13:22:48.345Z</time>
      </trkpt>
      <trkpt lat="46.226251" lon="11.312993">
        <ele>820.4</ele>
        <time>2024-07-14T13:23:02.317Z</time>
      </trkpt>
      <trkpt lat="46.226665" lon="11.312886">
        <ele>820.2</ele>
        <time>2024-07-14T13:23:24.606Z</time>
      </trkpt>
      <trkpt lat="46.227064" lon="11.312899">
        <ele>819.9</ele>
        <time>2024-07-14T13:23:45.460Z</time>
      </trkpt>
      <trkpt lat="46.227925" lon="11.313009">
        <ele>821.8</ele>
        <time>2024-07-14T13:24:34.529Z</time>
      </trkpt>
      <trkpt lat="46.228069" lon="11.313044">
        <ele>822.7</ele>
        <time>2024-07-14T13:24:43.466Z</time>
      </trkpt>
      <trkpt lat="46.228209" lon="11.313129">
        <ele>823.6</ele>
        <time>2024-07-14T13:24:53.730Z</time>
      </trkpt>
      <trkpt lat="46.228327" lon="11.313282">
        <ele>824.7</ele>
        <time>2024-07-14T13:25:04.491Z</time>
      </trkpt>
      <trkpt lat="46.228427" lon="11.313485">
        <ele>825.9</ele>
        <time>2024-07-14T13:25:16.226Z</time>
      </trkpt>
      <trkpt lat="46.228896" lon="11.31474">
        <ele>834.7</ele>
        <time>2024-07-14T13:26:26.195Z</time>
      </trkpt>
      <trkpt lat="46.228975" lon="11.315158">
        <ele>837.3</ele>
        <time>2024-07-14T13:26:47.632Z</time>
      </trkpt>
      <trkpt lat="46.228906" lon="11.31578">
        <ele>840.6</ele>
        <time>2024-07-14T13:27:18.275Z</time>
      </trkpt>
      <trkpt lat="46.228819" lon="11.316195">
        <ele>842.4</ele>
        <time>2024-07-14T13:27:38.852Z</time>
      </trkpt>
      <trkpt lat="46.228434" lon="11.31802">
        <ele>849.7</ele>
        <time>2024-07-14T13:29:06.291Z</time>
      </trkpt>
      <trkpt lat="46.228252" lon="11.318881">
        <ele>852.7</ele>
        <time>2024-07-14T13:29:47.175Z</time>
      </trkpt>
      <trkpt lat="46.228231" lon="11.319332">
        <ele>853.3</ele>
        <time>2024-07-14T13:30:06.380Z</time>
      </trkpt>
      <trkpt lat="46.22827" lon="11.319515">
        <ele>853.2</ele>
        <time>2024-07-14T13:30:13.661Z</time>
      </trkpt>
      <trkpt lat="46.228347" lon="11.319675">
        <ele>853</ele>
        <time>2024-07-14T13:30:20.741Z</time>
      </trkpt>
      <trkpt lat="46.228519" lon="11.319851">
        <ele>852.3</ele>
        <time>2024-07-14T13:30:31.009Z</time>
      </trkpt>
      <trkpt lat="46.228787" lon="11.319936">
        <ele>850.4</ele>
        <time>2024-07-14T13:30:42.910Z</time>
      </trkpt>
      <trkpt lat="46.229973" lon="11.319541">
        <ele>838.7</ele>
        <time>2024-07-14T13:31:26.226Z</time>
      </trkpt>
      <trkpt lat="46.230232" lon="11.319421">
        <ele>837.3</ele>
        <time>2024-07-14T13:31:36.022Z</time>
      </trkpt>
      <trkpt lat="46.230859" lon="11.319018">
        <ele>837.9</ele>
        <time>2024-07-14T13:32:11.505Z</time>
      </trkpt>
      <trkpt lat="46.231009" lon="11.319002">
        <ele>838.9</ele>
        <time>2024-07-14T13:32:20.807Z</time>
      </trkpt>
      <trkpt lat="46.231147" lon="11.319072">
        <ele>840</ele>
        <time>2024-07-14T13:32:30.985Z</time>
      </trkpt>
      <trkpt lat="46.23126" lon="11.319192">
        <ele>841.2</ele>
        <time>2024-07-14T13:32:40.743Z</time>
      </trkpt>
      <trkpt lat="46.231496" lon="11.319827">
        <ele>845.6</ele>
        <time>2024-07-14T13:33:15.961Z</time>
      </trkpt>
      <trkpt lat="46.231587" lon="11.320006">
        <ele>846.9</ele>
        <time>2024-07-14T13:33:26.924Z</time>
      </trkpt>
      <trkpt lat="46.232127" lon="11.32072">
        <ele>850.9</ele>
        <time>2024-07-14T13:34:15.905Z</time>
      </trkpt>
      <trkpt lat="46.232555" lon="11.321898">
        <ele>854.5</ele>
        <time>2024-07-14T13:35:15.037Z</time>
      </trkpt>
      <trkpt lat="46.232679" lon="11.32238">
        <ele>856.9</ele>
        <time>2024-07-14T13:35:37.963Z</time>
      </trkpt>
      <trkpt lat="46.232833" lon="11.323405">
        <ele>865</ele>
        <time>2024-07-14T13:36:30.645Z</time>
      </trkpt>
      <trkpt lat="46.232966" lon="11.324288">
        <ele>874.1</ele>
        <time>2024-07-14T13:37:17.934Z</time>
      </trkpt>
      <trkpt lat="46.232907" lon="11.324915">
        <ele>875.7</ele>
        <time>2024-07-14T13:37:49.902Z</time>
      </trkpt>
      <trkpt lat="46.23279" lon="11.325408">
        <ele>873.6</ele>
        <time>2024-07-14T13:38:08.725Z</time>
      </trkpt>
      <trkpt lat="46.232779" lon="11.325581">
        <ele>872.5</ele>
        <time>2024-07-14T13:38:12.989Z</time>
      </trkpt>
      <trkpt lat="46.232858" lon="11.325757">
        <ele>870.7</ele>
        <time>2024-07-14T13:38:17.575Z</time>
      </trkpt>
      <trkpt lat="46.232998" lon="11.32586">
        <ele>868.5</ele>
        <time>2024-07-14T13:38:22.537Z</time>
      </trkpt>
      <trkpt lat="46.233122" lon="11.325849">
        <ele>866.5</ele>
        <time>2024-07-14T13:38:26.463Z</time>
      </trkpt>
      <trkpt lat="46.233834" lon="11.325345">
        <ele>852.3</ele>
        <time>2024-07-14T13:38:49.817Z</time>
      </trkpt>
      <trkpt lat="46.234241" lon="11.324614">
        <ele>844.4</ele>
        <time>2024-07-14T13:39:09.335Z</time>
      </trkpt>
      <trkpt lat="46.234816" lon="11.323996">
        <ele>844</ele>
        <time>2024-07-14T13:39:38.243Z</time>
      </trkpt>
      <trkpt lat="46.235035" lon="11.323815">
        <ele>845.2</ele>
        <time>2024-07-14T13:39:52.298Z</time>
      </trkpt>
      <trkpt lat="46.235247" lon="11.323733">
        <ele>846.6</ele>
        <time>2024-07-14T13:40:06.793Z</time>
      </trkpt>
      <trkpt lat="46.236139" lon="11.32373">
        <ele>854.8</ele>
        <time>2024-07-14T13:41:10.309Z</time>
      </trkpt>
      <trkpt lat="46.236363" lon="11.323758">
        <ele>856.9</ele>
        <time>2024-07-14T13:41:26.496Z</time>
      </trkpt>
      <trkpt lat="46.236567" lon="11.323866">
        <ele>858.9</ele>
        <time>2024-07-14T13:41:42.149Z</time>
      </trkpt>
      <trkpt lat="46.237043" lon="11.324277">
        <ele>863.4</ele>
        <time>2024-07-14T13:42:21.623Z</time>
      </trkpt>
      <trkpt lat="46.237104" lon="11.32432">
        <ele>863.9</ele>
        <time>2024-07-14T13:42:26.381Z</time>
      </trkpt>
      <trkpt lat="46.237162" lon="11.324353">
        <ele>864.3</ele>
        <time>2024-07-14T13:42:30.653Z</time>
      </trkpt>
      <trkpt lat="46.238634" lon="11.324902">
        <ele>869.3</ele>
        <time>2024-07-14T13:44:05.019Z</time>
      </trkpt>
      <trkpt lat="46.238838" lon="11.324911">
        <ele>869.6</ele>
        <time>2024-07-14T13:44:17.462Z</time>
      </trkpt>
      <trkpt lat="46.23942" lon="11.324744">
        <ele>870.8</ele>
        <time>2024-07-14T13:44:52.009Z</time>
      </trkpt>
      <trkpt lat="46.239781" lon="11.32465">
        <ele>871.7</ele>
        <time>2024-07-14T13:45:13.629Z</time>
      </trkpt>
      <trkpt lat="46.23999" lon="11.324678">
        <ele>872.4</ele>
        <time>2024-07-14T13:45:26.417Z</time>
      </trkpt>
      <trkpt lat="46.2401" lon="11.324693">
        <ele>872.9</ele>
        <time>2024-07-14T13:45:33.315Z</time>
      </trkpt>
      <trkpt lat="46.240485" lon="11.324842">
        <ele>875.6</ele>
        <time>2024-07-14T13:45:59.572Z</time>
      </trkpt>
      <trkpt lat="46.240695" lon="11.324923">
        <ele>877.3</ele>
        <time>2024-07-14T13:46:14.486Z</time>
      </trkpt>
      <trkpt lat="46.240864" lon="11.325048">
        <ele>878.5</ele>
        <time>2024-07-14T13:46:27.457Z</time>
      </trkpt>
      <trkpt lat="46.240984" lon="11.325186">
        <ele>879.4</ele>
        <time>2024-07-14T13:46:37.810Z</time>
      </trkpt>
      <trkpt lat="46.24109" lon="11.325404">
        <ele>880.3</ele>
        <time>2024-07-14T13:46:50.043Z</time>
      </trkpt>
      <trkpt lat="46.241208" lon="11.325948">
        <ele>881.9</ele>
        <time>2024-07-14T13:47:15.412Z</time>
      </trkpt>
      <trkpt lat="46.241378" lon="11.326276">
        <ele>883</ele>
        <time>2024-07-14T13:47:33.257Z</time>
      </trkpt>
      <trkpt lat="46.241848" lon="11.326632">
        <ele>883.7</ele>
        <time>2024-07-14T13:48:04.561Z</time>
      </trkpt>
      <trkpt lat="46.241976" lon="11.326864">
        <ele>883.3</ele>
        <time>2024-07-14T13:48:15.789Z</time>
      </trkpt>
      <trkpt lat="46.242249" lon="11.327499">
        <ele>881.5</ele>
        <time>2024-07-14T13:48:39.857Z</time>
      </trkpt>
      <trkpt lat="46.242816" lon="11.328197">
        <ele>879.8</ele>
        <time>2024-07-14T13:49:14.975Z</time>
      </trkpt>
      <trkpt lat="46.242868" lon="11.328433">
        <ele>879.7</ele>
        <time>2024-07-14T13:49:23.372Z</time>
      </trkpt>
      <trkpt lat="46.242887" lon="11.32912">
        <ele>879.4</ele>
        <time>2024-07-14T13:49:48.209Z</time>
      </trkpt>
      <trkpt lat="46.24297" lon="11.329404">
        <ele>879.4</ele>
        <time>2024-07-14T13:49:59.440Z</time>
      </trkpt>
      <trkpt lat="46.243183" lon="11.329893">
        <ele>879.1</ele>
        <time>2024-07-14T13:50:20.439Z</time>
      </trkpt>
      <trkpt lat="46.2434" lon="11.330592">
        <ele>877.1</ele>
        <time>2024-07-14T13:50:45.791Z</time>
      </trkpt>
      <trkpt lat="46.243623" lon="11.331088">
        <ele>873.5</ele>
        <time>2024-07-14T13:51:02.384Z</time>
      </trkpt>
      <trkpt lat="46.243711" lon="11.331163">
        <ele>872.4</ele>
        <time>2024-07-14T13:51:05.965Z</time>
      </trkpt>
      <trkpt lat="46.243827" lon="11.331199">
        <ele>871.1</ele>
        <time>2024-07-14T13:51:09.943Z</time>
      </trkpt>
      <trkpt lat="46.244421" lon="11.331087">
        <ele>865.3</ele>
        <time>2024-07-14T13:51:30.602Z</time>
      </trkpt>
      <trkpt lat="46.244709" lon="11.331244">
        <ele>863.1</ele>
        <time>2024-07-14T13:51:41.678Z</time>
      </trkpt>
      <trkpt lat="46.245256" lon="11.331743">
        <ele>861.1</ele>
        <time>2024-07-14T13:52:09.888Z</time>
      </trkpt>
      <trkpt lat="46.245826" lon="11.332083">
        <ele>861.6</ele>
        <time>2024-07-14T13:52:41.251Z</time>
      </trkpt>
      <trkpt lat="46.246302" lon="11.332429">
        <ele>861.4</ele>
        <time>2024-07-14T13:53:10.209Z</time>
      </trkpt>
      <trkpt lat="46.246628" lon="11.332549">
        <ele>860.4</ele>
        <time>2024-07-14T13:53:27.165Z</time>
      </trkpt>
      <trkpt lat="46.24703" lon="11.332653">
        <ele>859</ele>
        <time>2024-07-14T13:53:46.011Z</time>
      </trkpt>
      <trkpt lat="46.247471" lon="11.33275">
        <ele>858.5</ele>
        <time>2024-07-14T13:54:07.611Z</time>
      </trkpt>
      <trkpt lat="46.247555" lon="11.332802">
        <ele>858.7</ele>
        <time>2024-07-14T13:54:12.690Z</time>
      </trkpt>
      <trkpt lat="46.247635" lon="11.332866">
        <ele>859</ele>
        <time>2024-07-14T13:54:18.480Z</time>
      </trkpt>
      <trkpt lat="46.247744" lon="11.333016">
        <ele>859.6</ele>
        <time>2024-07-14T13:54:28.011Z</time>
      </trkpt>
      <trkpt lat="46.247828" lon="11.333231">
        <ele>860.6</ele>
        <time>2024-07-14T13:54:39.153Z</time>
      </trkpt>
      <trkpt lat="46.247866" lon="11.333487">
        <ele>862</ele>
        <time>2024-07-14T13:54:51.398Z</time>
      </trkpt>
      <trkpt lat="46.24783" lon="11.333782">
        <ele>863.8</ele>
        <time>2024-07-14T13:55:05.803Z</time>
      </trkpt>
      <trkpt lat="46.247484" lon="11.334991">
        <ele>871.4</ele>
        <time>2024-07-14T13:56:09.869Z</time>
      </trkpt>
      <trkpt lat="46.247416" lon="11.335371">
        <ele>872.4</ele>
        <time>2024-07-14T13:56:28.322Z</time>
      </trkpt>
      <trkpt lat="46.247435" lon="11.335582">
        <ele>872.5</ele>
        <time>2024-07-14T13:56:36.640Z</time>
      </trkpt>
      <trkpt lat="46.247547" lon="11.33579">
        <ele>872.1</ele>
        <time>2024-07-14T13:56:46.944Z</time>
      </trkpt>
      <trkpt lat="46.248456" lon="11.336908">
        <ele>859.7</ele>
        <time>2024-07-14T13:57:30.694Z</time>
      </trkpt>
      <trkpt lat="46.248562" lon="11.337074">
        <ele>858.1</ele>
        <time>2024-07-14T13:57:36.085Z</time>
      </trkpt>
      <trkpt lat="46.248637" lon="11.337275">
        <ele>856.7</ele>
        <time>2024-07-14T13:57:41.888Z</time>
      </trkpt>
      <trkpt lat="46.248655" lon="11.337437">
        <ele>855.9</ele>
        <time>2024-07-14T13:57:46.151Z</time>
      </trkpt>
      <trkpt lat="46.248632" lon="11.337583">
        <ele>855.3</ele>
        <time>2024-07-14T13:57:50.043Z</time>
      </trkpt>
      <trkpt lat="46.248554" lon="11.337732">
        <ele>854.6</ele>
        <time>2024-07-14T13:57:55.063Z</time>
      </trkpt>
      <trkpt lat="46.24776" lon="11.338031">
        <ele>855</ele>
        <time>2024-07-14T13:58:36.269Z</time>
      </trkpt>
      <trkpt lat="46.247489" lon="11.338343">
        <ele>857.9</ele>
        <time>2024-07-14T13:58:57.196Z</time>
      </trkpt>
      <trkpt lat="46.24737" lon="11.338411">
        <ele>859</ele>
        <time>2024-07-14T13:59:06.273Z</time>
      </trkpt>
      <trkpt lat="46.247217" lon="11.338412">
        <ele>860.3</ele>
        <time>2024-07-14T13:59:17.142Z</time>
      </trkpt>
      <trkpt lat="46.247029" lon="11.338313">
        <ele>862</ele>
        <time>2024-07-14T13:59:31.387Z</time>
      </trkpt>
      <trkpt lat="46.246863" lon="11.338277">
        <ele>863.5</ele>
        <time>2024-07-14T13:59:43.337Z</time>
      </trkpt>
      <trkpt lat="46.24669" lon="11.338312">
        <ele>865</ele>
        <time>2024-07-14T13:59:55.777Z</time>
      </trkpt>
      <trkpt lat="46.246551" lon="11.3384">
        <ele>866.3</ele>
        <time>2024-07-14T14:00:06.594Z</time>
      </trkpt>
      <trkpt lat="46.245354" lon="11.339411">
        <ele>870.8</ele>
        <time>2024-07-14T14:01:34.683Z</time>
      </trkpt>
      <trkpt lat="46.245167" lon="11.339642">
        <ele>870.4</ele>
        <time>2024-07-14T14:01:49.363Z</time>
      </trkpt>
      <trkpt lat="46.244867" lon="11.340134">
        <ele>869.7</ele>
        <time>2024-07-14T14:02:12.021Z</time>
      </trkpt>
      <trkpt lat="46.244732" lon="11.340376">
        <ele>869.3</ele>
        <time>2024-07-14T14:02:22.724Z</time>
      </trkpt>
      <trkpt lat="46.244558" lon="11.340611">
        <ele>868.9</ele>
        <time>2024-07-14T14:02:34.432Z</time>
      </trkpt>
      <trkpt lat="46.244397" lon="11.340721">
        <ele>868.5</ele>
        <time>2024-07-14T14:02:43.180Z</time>
      </trkpt>
      <trkpt lat="46.24382" lon="11.340906">
        <ele>868.5</ele>
        <time>2024-07-14T14:03:13.799Z</time>
      </trkpt>
      <trkpt lat="46.243382" lon="11.341343">
        <ele>868.8</ele>
        <time>2024-07-14T14:03:42.732Z</time>
      </trkpt>
      <trkpt lat="46.24325" lon="11.341508">
        <ele>868.5</ele>
        <time>2024-07-14T14:03:52.104Z</time>
      </trkpt>
      <trkpt lat="46.242785" lon="11.342086">
        <ele>865.2</ele>
        <time>2024-07-14T14:04:18.635Z</time>
      </trkpt>
      <trkpt lat="46.242682" lon="11.342253">
        <ele>864.2</ele>
        <time>2024-07-14T14:04:25.005Z</time>
      </trkpt>
      <trkpt lat="46.242604" lon="11.342503">
        <ele>863.1</ele>
        <time>2024-07-14T14:04:32.800Z</time>
      </trkpt>
      <trkpt lat="46.242594" lon="11.342667">
        <ele>862.6</ele>
        <time>2024-07-14T14:04:37.576Z</time>
      </trkpt>
      <trkpt lat="46.242646" lon="11.343018">
        <ele>861.4</ele>
        <time>2024-07-14T14:04:48.139Z</time>
      </trkpt>
      <trkpt lat="46.242684" lon="11.343116">
        <ele>861.1</ele>
        <time>2024-07-14T14:04:51.505Z</time>
      </trkpt>
      <trkpt lat="46.242953" lon="11.343818">
        <ele>859.6</ele>
        <time>2024-07-14T14:05:16.756Z</time>
      </trkpt>
      <trkpt lat="46.243041" lon="11.344012">
        <ele>859.1</ele>
        <time>2024-07-14T14:05:24.292Z</time>
      </trkpt>
      <trkpt lat="46.243181" lon="11.344205">
        <ele>858.5</ele>
        <time>2024-07-14T14:05:33.321Z</time>
      </trkpt>
      <trkpt lat="46.243349" lon="11.344305">
        <ele>858</ele>
        <time>2024-07-14T14:05:41.910Z</time>
      </trkpt>
      <trkpt lat="46.243512" lon="11.344296">
        <ele>857.7</ele>
        <time>2024-07-14T14:05:49.683Z</time>
      </trkpt>
      <trkpt lat="46.243706" lon="11.344203">
        <ele>857.2</ele>
        <time>2024-07-14T14:05:59.453Z</time>
      </trkpt>
      <trkpt lat="46.243897" lon="11.344062">
        <ele>856.6</ele>
        <time>2024-07-14T14:06:09.747Z</time>
      </trkpt>
      <trkpt lat="46.24446" lon="11.343745">
        <ele>853.5</ele>
        <time>2024-07-14T14:06:36.473Z</time>
      </trkpt>
      <trkpt lat="46.245107" lon="11.343305">
        <ele>850</ele>
        <time>2024-07-14T14:07:06.783Z</time>
      </trkpt>
      <trkpt lat="46.245472" lon="11.34309">
        <ele>849.6</ele>
        <time>2024-07-14T14:07:24.715Z</time>
      </trkpt>
      <trkpt lat="46.245688" lon="11.343043">
        <ele>849.8</ele>
        <time>2024-07-14T14:07:36.278Z</time>
      </trkpt>
      <trkpt lat="46.246468" lon="11.343122">
        <ele>851.6</ele>
        <time>2024-07-14T14:08:22.023Z</time>
      </trkpt>
      <trkpt lat="46.247571" lon="11.342999">
        <ele>853.7</ele>
        <time>2024-07-14T14:09:26.913Z</time>
      </trkpt>
      <trkpt lat="46.248289" lon="11.342941">
        <ele>855.9</ele>
        <time>2024-07-14T14:10:09.580Z</time>
      </trkpt>
      <trkpt lat="46.249569" lon="11.343458">
        <ele>864.5</ele>
        <time>2024-07-14T14:11:36.743Z</time>
      </trkpt>
      <trkpt lat="46.249843" lon="11.343661">
        <ele>866.3</ele>
        <time>2024-07-14T14:11:57.553Z</time>
      </trkpt>
      <trkpt lat="46.250014" lon="11.343865">
        <ele>867.2</ele>
        <time>2024-07-14T14:12:12.016Z</time>
      </trkpt>
      <trkpt lat="46.250336" lon="11.344368">
        <ele>868.2</ele>
        <time>2024-07-14T14:12:40.546Z</time>
      </trkpt>
      <trkpt lat="46.250353" lon="11.344395">
        <ele>868.2</ele>
        <time>2024-07-14T14:12:42.022Z</time>
      </trkpt>
      <trkpt lat="46.250601" lon="11.344981">
        <ele>869.1</ele>
        <time>2024-07-14T14:13:09.593Z</time>
      </trkpt>
      <trkpt lat="46.250746" lon="11.345412">
        <ele>869.7</ele>
        <time>2024-07-14T14:13:28.874Z</time>
      </trkpt>
      <trkpt lat="46.250777" lon="11.346075">
        <ele>870.3</ele>
        <time>2024-07-14T14:13:55.234Z</time>
      </trkpt>
      <trkpt lat="46.250738" lon="11.347213">
        <ele>871.7</ele>
        <time>2024-07-14T14:14:40.595Z</time>
      </trkpt>
      <trkpt lat="46.25076" lon="11.347539">
        <ele>871.7</ele>
        <time>2024-07-14T14:14:53.305Z</time>
      </trkpt>
      <trkpt lat="46.250812" lon="11.347809">
        <ele>871.5</ele>
        <time>2024-07-14T14:15:03.241Z</time>
      </trkpt>
      <trkpt lat="46.250886" lon="11.348026">
        <ele>871.1</ele>
        <time>2024-07-14T14:15:11.816Z</time>
      </trkpt>
      <trkpt lat="46.251071" lon="11.348375">
        <ele>870</ele>
        <time>2024-07-14T14:15:26.308Z</time>
      </trkpt>
      <trkpt lat="46.251313" lon="11.348643">
        <ele>868.5</ele>
        <time>2024-07-14T14:15:39.686Z</time>
      </trkpt>
      <trkpt lat="46.25145" lon="11.348738">
        <ele>867.7</ele>
        <time>2024-07-14T14:15:46.116Z</time>
      </trkpt>
      <trkpt lat="46.251745" lon="11.348832">
        <ele>866.4</ele>
        <time>2024-07-14T14:15:59.151Z</time>
      </trkpt>
      <trkpt lat="46.252515" lon="11.348805">
        <ele>864.9</ele>
        <time>2024-07-14T14:16:35.759Z</time>
      </trkpt>
      <trkpt lat="46.253302" lon="11.348865">
        <ele>866.4</ele>
        <time>2024-07-14T14:17:18.098Z</time>
      </trkpt>
      <trkpt lat="46.254209" lon="11.349481">
        <ele>867.6</ele>
        <time>2024-07-14T14:18:15.561Z</time>
      </trkpt>
      <trkpt lat="46.254332" lon="11.349522">
        <ele>867.5</ele>
        <time>2024-07-14T14:18:22.638Z</time>
      </trkpt>
      <trkpt lat="46.254939" lon="11.349497">
        <ele>867.1</ele>
        <time>2024-07-14T14:18:54.262Z</time>
      </trkpt>
      <trkpt lat="46.255108" lon="11.349549">
        <ele>867.1</ele>
        <time>2024-07-14T14:19:03.322Z</time>
      </trkpt>
      <trkpt lat="46.25526" lon="11.349616">
        <ele>867</ele>
        <time>2024-07-14T14:19:11.744Z</time>
      </trkpt>
      <trkpt lat="46.256265" lon="11.350465">
        <ele>868.9</ele>
        <time>2024-07-14T14:20:17.642Z</time>
      </trkpt>
      <trkpt lat="46.257105" lon="11.351556">
        <ele>870.7</ele>
        <time>2024-07-14T14:21:22.668Z</time>
      </trkpt>
      <trkpt lat="46.257511" lon="11.351848">
        <ele>871.7</ele>
        <time>2024-07-14T14:21:48.948Z</time>
      </trkpt>
      <trkpt lat="46.25762" lon="11.351972">
        <ele>872.2</ele>
        <time>2024-07-14T14:21:57.245Z</time>
      </trkpt>
      <trkpt lat="46.257709" lon="11.352141">
        <ele>872.6</ele>
        <time>2024-07-14T14:22:06.130Z</time>
      </trkpt>
      <trkpt lat="46.257747" lon="11.352378">
        <ele>873</ele>
        <time>2024-07-14T14:22:16.194Z</time>
      </trkpt>
      <trkpt lat="46.257751" lon="11.352678">
        <ele>873.4</ele>
        <time>2024-07-14T14:22:28.474Z</time>
      </trkpt>
      <trkpt lat="46.257716" lon="11.353073">
        <ele>874</ele>
        <time>2024-07-14T14:22:44.679Z</time>
      </trkpt>
      <trkpt lat="46.257736" lon="11.353464">
        <ele>874.9</ele>
        <time>2024-07-14T14:23:01.004Z</time>
      </trkpt>
      <trkpt lat="46.257895" lon="11.354182">
        <ele>877.4</ele>
        <time>2024-07-14T14:23:34.159Z</time>
      </trkpt>
      <trkpt lat="46.258042" lon="11.354935">
        <ele>876</ele>
        <time>2024-07-14T14:24:04.572Z</time>
      </trkpt>
      <trkpt lat="46.258128" lon="11.355327">
        <ele>874.1</ele>
        <time>2024-07-14T14:24:16.912Z</time>
      </trkpt>
      <trkpt lat="46.258192" lon="11.355489">
        <ele>873.1</ele>
        <time>2024-07-14T14:24:21.867Z</time>
      </trkpt>
      <trkpt lat="46.258286" lon="11.355642">
        <ele>872.1</ele>
        <time>2024-07-14T14:24:27.303Z</time>
      </trkpt>
      <trkpt lat="46.258422" lon="11.355746">
        <ele>870.9</ele>
        <time>2024-07-14T14:24:33.078Z</time>
      </trkpt>
      <trkpt lat="46.258591" lon="11.355736">
        <ele>869.5</ele>
        <time>2024-07-14T14:24:39.427Z</time>
      </trkpt>
      <trkpt lat="46.259688" lon="11.355627">
        <ele>859.9</ele>
        <time>2024-07-14T14:25:19.371Z</time>
      </trkpt>
      <trkpt lat="46.260231" lon="11.35554">
        <ele>858.7</ele>
        <time>2024-07-14T14:25:40.945Z</time>
      </trkpt>
      <trkpt lat="46.260393" lon="11.355454">
        <ele>858.6</ele>
        <time>2024-07-14T14:25:49.468Z</time>
      </trkpt>
      <trkpt lat="46.260796" lon="11.354911">
        <ele>859.1</ele>
        <time>2024-07-14T14:26:19.793Z</time>
      </trkpt>
      <trkpt lat="46.260969" lon="11.354827">
        <ele>859.4</ele>
        <time>2024-07-14T14:26:30.076Z</time>
      </trkpt>
      <trkpt lat="46.26152" lon="11.35473">
        <ele>860.7</ele>
        <time>2024-07-14T14:27:02.768Z</time>
      </trkpt>
      <trkpt lat="46.261872" lon="11.354691">
        <ele>861.4</ele>
        <time>2024-07-14T14:27:23.588Z</time>
      </trkpt>
      <trkpt lat="46.262008" lon="11.354765">
        <ele>861.9</ele>
        <time>2024-07-14T14:27:32.493Z</time>
      </trkpt>
      <trkpt lat="46.262179" lon="11.354957">
        <ele>863</ele>
        <time>2024-07-14T14:27:46.320Z</time>
      </trkpt>
      <trkpt lat="46.262389" lon="11.355402">
        <ele>865.4</ele>
        <time>2024-07-14T14:28:10.876Z</time>
      </trkpt>
      <trkpt lat="46.262523" lon="11.35578">
        <ele>868.3</ele>
        <time>2024-07-14T14:28:31.498Z</time>
      </trkpt>
      <trkpt lat="46.262673" lon="11.356202">
        <ele>872.3</ele>
        <time>2024-07-14T14:28:55.825Z</time>
      </trkpt>
      <trkpt lat="46.262724" lon="11.35659">
        <ele>876.3</ele>
        <time>2024-07-14T14:29:16.724Z</time>
      </trkpt>
      <trkpt lat="46.262726" lon="11.356841">
        <ele>879.1</ele>
        <time>2024-07-14T14:29:30.143Z</time>
      </trkpt>
      <trkpt lat="46.262703" lon="11.357615">
        <ele>887.5</ele>
        <time>2024-07-14T14:30:11.629Z</time>
      </trkpt>
      <trkpt lat="46.262642" lon="11.358486">
        <ele>893.7</ele>
        <time>2024-07-14T14:30:57.446Z</time>
      </trkpt>
      <trkpt lat="46.262618" lon="11.358662">
        <ele>894.4</ele>
        <time>2024-07-14T14:31:06.127Z</time>
      </trkpt>
      <trkpt lat="46.262506" lon="11.358976">
        <ele>895.1</ele>
        <time>2024-07-14T14:31:21.409Z</time>
      </trkpt>
      <trkpt lat="46.262415" lon="11.359392">
        <ele>894.8</ele>
        <time>2024-07-14T14:31:38.063Z</time>
      </trkpt>
      <trkpt lat="46.262407" lon="11.359596">
        <ele>894.2</ele>
        <time>2024-07-14T14:31:44.966Z</time>
      </trkpt>
      <trkpt lat="46.262485" lon="11.361318">
        <ele>887</ele>
        <time>2024-07-14T14:32:35.667Z</time>
      </trkpt>
      <trkpt lat="46.262491" lon="11.361572">
        <ele>886.4</ele>
        <time>2024-07-14T14:32:42.968Z</time>
      </trkpt>
      <trkpt lat="46.26247" lon="11.361774">
        <ele>886</ele>
        <time>2024-07-14T14:32:49.485Z</time>
      </trkpt>
      <trkpt lat="46.262402" lon="11.362061">
        <ele>885.3</ele>
        <time>2024-07-14T14:32:59.161Z</time>
      </trkpt>
      <trkpt lat="46.262143" lon="11.3627">
        <ele>883.1</ele>
        <time>2024-07-14T14:33:22.121Z</time>
      </trkpt>
      <trkpt lat="46.26194" lon="11.363367">
        <ele>881.5</ele>
        <time>2024-07-14T14:33:44.799Z</time>
      </trkpt>
      <trkpt lat="46.261741" lon="11.364451">
        <ele>885.1</ele>
        <time>2024-07-14T14:34:29.368Z</time>
      </trkpt>
      <trkpt lat="46.261694" lon="11.364656">
        <ele>885.7</ele>
        <time>2024-07-14T14:34:38.942Z</time>
      </trkpt>
      <trkpt lat="46.261527" lon="11.365289">
        <ele>887.5</ele>
        <time>2024-07-14T14:35:08.333Z</time>
      </trkpt>
      <trkpt lat="46.261448" lon="11.365749">
        <ele>888.9</ele>
        <time>2024-07-14T14:35:28.988Z</time>
      </trkpt>
      <trkpt lat="46.260953" lon="11.368044">
        <ele>874.8</ele>
        <time>2024-07-14T14:36:35.143Z</time>
      </trkpt>
      <trkpt lat="46.260868" lon="11.368495">
        <ele>869.3</ele>
        <time>2024-07-14T14:36:46.340Z</time>
      </trkpt>
      <trkpt lat="46.260862" lon="11.370104">
        <ele>853.7</ele>
        <time>2024-07-14T14:37:20.189Z</time>
      </trkpt>
      <trkpt lat="46.260633" lon="11.370895">
        <ele>846.4</ele>
        <time>2024-07-14T14:37:38.727Z</time>
      </trkpt>
      <trkpt lat="46.260118" lon="11.371992">
        <ele>837.3</ele>
        <time>2024-07-14T14:38:09.466Z</time>
      </trkpt>
      <trkpt lat="46.259743" lon="11.372996">
        <ele>833.8</ele>
        <time>2024-07-14T14:38:39.535Z</time>
      </trkpt>
      <trkpt lat="46.259727" lon="11.373249">
        <ele>833.7</ele>
        <time>2024-07-14T14:38:47.634Z</time>
      </trkpt>
      <trkpt lat="46.259754" lon="11.373457">
        <ele>833.7</ele>
        <time>2024-07-14T14:38:55.639Z</time>
      </trkpt>
      <trkpt lat="46.259847" lon="11.373658">
        <ele>834</ele>
        <time>2024-07-14T14:39:04.994Z</time>
      </trkpt>
      <trkpt lat="46.259977" lon="11.373793">
        <ele>834.4</ele>
        <time>2024-07-14T14:39:14.159Z</time>
      </trkpt>
      <trkpt lat="46.260479" lon="11.374061">
        <ele>836.8</ele>
        <time>2024-07-14T14:39:47.400Z</time>
      </trkpt>
      <trkpt lat="46.260692" lon="11.374233">
        <ele>837.7</ele>
        <time>2024-07-14T14:40:02.888Z</time>
      </trkpt>
      <trkpt lat="46.260847" lon="11.374499">
        <ele>838.3</ele>
        <time>2024-07-14T14:40:17.562Z</time>
      </trkpt>
      <trkpt lat="46.260887" lon="11.374885">
        <ele>838.4</ele>
        <time>2024-07-14T14:40:32.949Z</time>
      </trkpt>
      <trkpt lat="46.26085" lon="11.375307">
        <ele>838.7</ele>
        <time>2024-07-14T14:40:49.251Z</time>
      </trkpt>
      <trkpt lat="46.260624" lon="11.377241">
        <ele>842.8</ele>
        <time>2024-07-14T14:42:10.678Z</time>
      </trkpt>
      <trkpt lat="46.260594" lon="11.377519">
        <ele>843.9</ele>
        <time>2024-07-14T14:42:22.658Z</time>
      </trkpt>
      <trkpt lat="46.260406" lon="11.378143">
        <ele>846.5</ele>
        <time>2024-07-14T14:42:53.786Z</time>
      </trkpt>
      <trkpt lat="46.260059" lon="11.379162">
        <ele>846.6</ele>
        <time>2024-07-14T14:43:40.005Z</time>
      </trkpt>
      <trkpt lat="46.259882" lon="11.379887">
        <ele>843</ele>
        <time>2024-07-14T14:44:05.213Z</time>
      </trkpt>
      <trkpt lat="46.259887" lon="11.380169">
        <ele>840.8</ele>
        <time>2024-07-14T14:44:12.467Z</time>
      </trkpt>
      <trkpt lat="46.260341" lon="11.382417">
        <ele>818</ele>
        <time>2024-07-14T14:45:02.693Z</time>
      </trkpt>
      <trkpt lat="46.260366" lon="11.382735">
        <ele>816.8</ele>
        <time>2024-07-14T14:45:09.861Z</time>
      </trkpt>
      <trkpt lat="46.260353" lon="11.383006">
        <ele>816.4</ele>
        <time>2024-07-14T14:45:18.245Z</time>
      </trkpt>
      <trkpt lat="46.260298" lon="11.383896">
        <ele>818.1</ele>
        <time>2024-07-14T14:45:51.581Z</time>
      </trkpt>
      <trkpt lat="46.260327" lon="11.384088">
        <ele>819.2</ele>
        <time>2024-07-14T14:46:00.462Z</time>
      </trkpt>
      <trkpt lat="46.260367" lon="11.384366">
        <ele>821.3</ele>
        <time>2024-07-14T14:46:14.697Z</time>
      </trkpt>
      <trkpt lat="46.260468" lon="11.384931">
        <ele>826.2</ele>
        <time>2024-07-14T14:46:44.584Z</time>
      </trkpt>
      <trkpt lat="46.260501" lon="11.385355">
        <ele>829.4</ele>
        <time>2024-07-14T14:47:06.605Z</time>
      </trkpt>
      <trkpt lat="46.260407" lon="11.386153">
        <ele>831.6</ele>
        <time>2024-07-14T14:47:44.399Z</time>
      </trkpt>
      <trkpt lat="46.260353" lon="11.386432">
        <ele>831.1</ele>
        <time>2024-07-14T14:47:56.229Z</time>
      </trkpt>
      <trkpt lat="46.260365" lon="11.386827">
        <ele>829.8</ele>
        <time>2024-07-14T14:48:08.498Z</time>
      </trkpt>
      <trkpt lat="46.260471" lon="11.387213">
        <ele>827.7</ele>
        <time>2024-07-14T14:48:20.090Z</time>
      </trkpt>
      <trkpt lat="46.260638" lon="11.387557">
        <ele>825</ele>
        <time>2024-07-14T14:48:30.757Z</time>
      </trkpt>
      <trkpt lat="46.260736" lon="11.387848">
        <ele>822.7</ele>
        <time>2024-07-14T14:48:38.551Z</time>
      </trkpt>
      <trkpt lat="46.260761" lon="11.3883">
        <ele>819.5</ele>
        <time>2024-07-14T14:48:49.277Z</time>
      </trkpt>
      <trkpt lat="46.260653" lon="11.389004">
        <ele>816.7</ele>
        <time>2024-07-14T14:49:08.276Z</time>
      </trkpt>
      <trkpt lat="46.260714" lon="11.38953">
        <ele>817</ele>
        <time>2024-07-14T14:49:25.576Z</time>
      </trkpt>
      <trkpt lat="46.260827" lon="11.390074">
        <ele>818.6</ele>
        <time>2024-07-14T14:49:49.002Z</time>
      </trkpt>
      <trkpt lat="46.261224" lon="11.391433">
        <ele>818.9</ele>
        <time>2024-07-14T14:50:47.098Z</time>
      </trkpt>
      <trkpt lat="46.261456" lon="11.391903">
        <ele>818.5</ele>
        <time>2024-07-14T14:51:08.480Z</time>
      </trkpt>
      <trkpt lat="46.262394" lon="11.393595">
        <ele>814.2</ele>
        <time>2024-07-14T14:52:20.214Z</time>
      </trkpt>
      <trkpt lat="46.262567" lon="11.393841">
        <ele>814.1</ele>
        <time>2024-07-14T14:52:31.792Z</time>
      </trkpt>
      <trkpt lat="46.262697" lon="11.394149">
        <ele>814</ele>
        <time>2024-07-14T14:52:44.949Z</time>
      </trkpt>
      <trkpt lat="46.262784" lon="11.394746">
        <ele>812.6</ele>
        <time>2024-07-14T14:53:05.363Z</time>
      </trkpt>
      <trkpt lat="46.262734" lon="11.395568">
        <ele>808.8</ele>
        <time>2024-07-14T14:53:29.281Z</time>
      </trkpt>
      <trkpt lat="46.262808" lon="11.396053">
        <ele>807</ele>
        <time>2024-07-14T14:53:43.103Z</time>
      </trkpt>
      <trkpt lat="46.262855" lon="11.396363">
        <ele>806</ele>
        <time>2024-07-14T14:53:52.416Z</time>
      </trkpt>
      <trkpt lat="46.262999" lon="11.397021">
        <ele>804.3</ele>
        <time>2024-07-14T14:54:13.755Z</time>
      </trkpt>
      <trkpt lat="46.263275" lon="11.398402">
        <ele>805.6</ele>
        <time>2024-07-14T14:55:06.496Z</time>
      </trkpt>
      <trkpt lat="46.263479" lon="11.399421">
        <ele>808.3</ele>
        <time>2024-07-14T14:55:49.942Z</time>
      </trkpt>
      <trkpt lat="46.263817" lon="11.400222">
        <ele>809.1</ele>
        <time>2024-07-14T14:56:28.697Z</time>
      </trkpt>
      <trkpt lat="46.264228" lon="11.400866">
        <ele>808.7</ele>
        <time>2024-07-14T14:57:01.717Z</time>
      </trkpt>
      <trkpt lat="46.26435" lon="11.401212">
        <ele>807.3</ele>
        <time>2024-07-14T14:57:14.821Z</time>
      </trkpt>
      <trkpt lat="46.264505" lon="11.402248">
        <ele>801.3</ele>
        <time>2024-07-14T14:57:42.744Z</time>
      </trkpt>
      <trkpt lat="46.264609" lon="11.402498">
        <ele>799.3</ele>
        <time>2024-07-14T14:57:50.076Z</time>
      </trkpt>
      <trkpt lat="46.264996" lon="11.403192">
        <ele>793.4</ele>
        <time>2024-07-14T14:58:11.592Z</time>
      </trkpt>
      <trkpt lat="46.265193" lon="11.403567">
        <ele>790.2</ele>
        <time>2024-07-14T14:58:22.955Z</time>
      </trkpt>
      <trkpt lat="46.265659" lon="11.404417">
        <ele>787.3</ele>
        <time>2024-07-14T14:58:53.778Z</time>
      </trkpt>
      <trkpt lat="46.265836" lon="11.404806">
        <ele>787.6</ele>
        <time>2024-07-14T14:59:09.217Z</time>
      </trkpt>
      <trkpt lat="46.266629" lon="11.407257">
        <ele>791.8</ele>
        <time>2024-07-14T15:00:58.894Z</time>
      </trkpt>
      <trkpt lat="46.26668" lon="11.407362">
        <ele>792.3</ele>
        <time>2024-07-14T15:01:04.253Z</time>
      </trkpt>
      <trkpt lat="46.266717" lon="11.40736">
        <ele>792.5</ele>
        <time>2024-07-14T15:01:06.727Z</time>
      </trkpt>
      <trkpt lat="46.266779" lon="11.40768">
        <ele>793.9</ele>
        <time>2024-07-14T15:01:22.070Z</time>
      </trkpt>
      <trkpt lat="46.266968" lon="11.40828">
        <ele>797.2</ele>
        <time>2024-07-14T15:01:53.122Z</time>
      </trkpt>
      <trkpt lat="46.267091" lon="11.408437">
        <ele>798.3</ele>
        <time>2024-07-14T15:02:04.418Z</time>
      </trkpt>
      <trkpt lat="46.267502" lon="11.408677">
        <ele>800.9</ele>
        <time>2024-07-14T15:02:34.171Z</time>
      </trkpt>
      <trkpt lat="46.267777" lon="11.408933">
        <ele>802.4</ele>
        <time>2024-07-14T15:02:55.650Z</time>
      </trkpt>
      <trkpt lat="46.268478" lon="11.410124">
        <ele>803.9</ele>
        <time>2024-07-14T15:03:59.239Z</time>
      </trkpt>
      <trkpt lat="46.26877" lon="11.41032">
        <ele>804.5</ele>
        <time>2024-07-14T15:04:17.690Z</time>
      </trkpt>
      <trkpt lat="46.269422" lon="11.410553">
        <ele>807.4</ele>
        <time>2024-07-14T15:04:59.303Z</time>
      </trkpt>
      <trkpt lat="46.269849" lon="11.410787">
        <ele>809.4</ele>
        <time>2024-07-14T15:05:28.395Z</time>
      </trkpt>
      <trkpt lat="46.270253" lon="11.41109">
        <ele>810.5</ele>
        <time>2024-07-14T15:05:56.468Z</time>
      </trkpt>
      <trkpt lat="46.270664" lon="11.411586">
        <ele>809.7</ele>
        <time>2024-07-14T15:06:25.615Z</time>
      </trkpt>
      <trkpt lat="46.270904" lon="11.412206">
        <ele>807.3</ele>
        <time>2024-07-14T15:06:48.399Z</time>
      </trkpt>
      <trkpt lat="46.270989" lon="11.4125">
        <ele>806.1</ele>
        <time>2024-07-14T15:06:57.711Z</time>
      </trkpt>
      <trkpt lat="46.271079" lon="11.413064">
        <ele>803.9</ele>
        <time>2024-07-14T15:07:14.301Z</time>
      </trkpt>
      <trkpt lat="46.271133" lon="11.41371">
        <ele>801.7</ele>
        <time>2024-07-14T15:07:33.214Z</time>
      </trkpt>
      <trkpt lat="46.271125" lon="11.414044">
        <ele>801.1</ele>
        <time>2024-07-14T15:07:43.428Z</time>
      </trkpt>
      <trkpt lat="46.271028" lon="11.414905">
        <ele>800.8</ele>
        <time>2024-07-14T15:08:14.257Z</time>
      </trkpt>
      <trkpt lat="46.270997" lon="11.415052">
        <ele>800.8</ele>
        <time>2024-07-14T15:08:19.854Z</time>
      </trkpt>
      <trkpt lat="46.270769" lon="11.41608">
        <ele>800.7</ele>
        <time>2024-07-14T15:08:59.736Z</time>
      </trkpt>
      <trkpt lat="46.270723" lon="11.416444">
        <ele>800.9</ele>
        <time>2024-07-14T15:09:13.539Z</time>
      </trkpt>
      <trkpt lat="46.270694" lon="11.41687">
        <ele>801.2</ele>
        <time>2024-07-14T15:09:30.082Z</time>
      </trkpt>
      <trkpt lat="46.270714" lon="11.417297">
        <ele>801.4</ele>
        <time>2024-07-14T15:09:46.578Z</time>
      </trkpt>
      <trkpt lat="46.270853" lon="11.418686">
        <ele>801.8</ele>
        <time>2024-07-14T15:10:39.808Z</time>
      </trkpt>
      <trkpt lat="46.270978" lon="11.419334">
        <ele>802.1</ele>
        <time>2024-07-14T15:11:05.339Z</time>
      </trkpt>
      <trkpt lat="46.271122" lon="11.419936">
        <ele>802.6</ele>
        <time>2024-07-14T15:11:29.934Z</time>
      </trkpt>
      <trkpt lat="46.271189" lon="11.42039">
        <ele>803.1</ele>
        <time>2024-07-14T15:11:48.187Z</time>
      </trkpt>
      <trkpt lat="46.271352" lon="11.422063">
        <ele>807.2</ele>
        <time>2024-07-14T15:12:59.431Z</time>
      </trkpt>
      <trkpt lat="46.271478" lon="11.422562">
        <ele>810.9</ele>
        <time>2024-07-14T15:13:23.376Z</time>
      </trkpt>
      <trkpt lat="46.271504" lon="11.422728">
        <ele>812.4</ele>
        <time>2024-07-14T15:13:32.146Z</time>
      </trkpt>
      <trkpt lat="46.271501" lon="11.422897">
        <ele>814</ele>
        <time>2024-07-14T15:13:40.960Z</time>
      </trkpt>
      <trkpt lat="46.271492" lon="11.422924">
        <ele>814.2</ele>
        <time>2024-07-14T15:13:42.523Z</time>
      </trkpt>
      <trkpt lat="46.271398" lon="11.423047">
        <ele>815.8</ele>
        <time>2024-07-14T15:13:52.083Z</time>
      </trkpt>
      <trkpt lat="46.271316" lon="11.423066">
        <ele>816.7</ele>
        <time>2024-07-14T15:13:58.346Z</time>
      </trkpt>
      <trkpt lat="46.270892" lon="11.422877">
        <ele>822</ele>
        <time>2024-07-14T15:14:31.684Z</time>
      </trkpt>
      <trkpt lat="46.270829" lon="11.422838">
        <ele>823</ele>
        <time>2024-07-14T15:14:36.819Z</time>
      </trkpt>
      <trkpt lat="46.270803" lon="11.423071">
        <ele>824.9</ele>
        <time>2024-07-14T15:14:49.034Z</time>
      </trkpt>
      <trkpt lat="46.270813" lon="11.423175">
        <ele>825.6</ele>
        <time>2024-07-14T15:14:54.467Z</time>
      </trkpt>
      <trkpt lat="46.270876" lon="11.425073">
        <ele>832.9</ele>
        <time>2024-07-14T15:16:24.133Z</time>
      </trkpt>
      <trkpt lat="46.270943" lon="11.426003">
        <ele>832.4</ele>
        <time>2024-07-14T15:17:04.106Z</time>
      </trkpt>
      <trkpt lat="46.27106" lon="11.426805">
        <ele>831.5</ele>
        <time>2024-07-14T15:17:32.970Z</time>
      </trkpt>
      <trkpt lat="46.271294" lon="11.427656">
        <ele>829.5</ele>
        <time>2024-07-14T15:18:03.343Z</time>
      </trkpt>
      <trkpt lat="46.271702" lon="11.428701">
        <ele>825.8</ele>
        <time>2024-07-14T15:18:40.407Z</time>
      </trkpt>
      <trkpt lat="46.271785" lon="11.429073">
        <ele>824.6</ele>
        <time>2024-07-14T15:18:52.162Z</time>
      </trkpt>
      <trkpt lat="46.271923" lon="11.429393">
        <ele>823.7</ele>
        <time>2024-07-14T15:19:03.776Z</time>
      </trkpt>
      <trkpt lat="46.272112" lon="11.42997">
        <ele>823.2</ele>
        <time>2024-07-14T15:19:25.383Z</time>
      </trkpt>
      <trkpt lat="46.272412" lon="11.430755">
        <ele>824.4</ele>
        <time>2024-07-14T15:19:59.680Z</time>
      </trkpt>
      <trkpt lat="46.27243" lon="11.431142">
        <ele>825.3</ele>
        <time>2024-07-14T15:20:15.593Z</time>
      </trkpt>
      <trkpt lat="46.272562" lon="11.431624">
        <ele>826.2</ele>
        <time>2024-07-14T15:20:37.279Z</time>
      </trkpt>
      <trkpt lat="46.272607" lon="11.432114">
        <ele>827</ele>
        <time>2024-07-14T15:20:57.607Z</time>
      </trkpt>
      <trkpt lat="46.272714" lon="11.43239">
        <ele>827.1</ele>
        <time>2024-07-14T15:21:10.202Z</time>
      </trkpt>
      <trkpt lat="46.272908" lon="11.432703">
        <ele>826.9</ele>
        <time>2024-07-14T15:21:25.674Z</time>
      </trkpt>
      <trkpt lat="46.273096" lon="11.433193">
        <ele>826.2</ele>
        <time>2024-07-14T15:21:45.250Z</time>
      </trkpt>
      <trkpt lat="46.273538" lon="11.433868">
        <ele>825</ele>
        <time>2024-07-14T15:22:16.939Z</time>
      </trkpt>
      <trkpt lat="46.273607" lon="11.434112">
        <ele>824.9</ele>
        <time>2024-07-14T15:22:26.040Z</time>
      </trkpt>
      <trkpt lat="46.273767" lon="11.434487">
        <ele>824.7</ele>
        <time>2024-07-14T15:22:41.951Z</time>
      </trkpt>
      <trkpt lat="46.273797" lon="11.434986">
        <ele>824.5</ele>
        <time>2024-07-14T15:23:00.077Z</time>
      </trkpt>
      <trkpt lat="46.273803" lon="11.435066">
        <ele>824.5</ele>
        <time>2024-07-14T15:23:02.999Z</time>
      </trkpt>
      <trkpt lat="46.274666" lon="11.436412">
        <ele>825.8</ele>
        <time>2024-07-14T15:24:13.190Z</time>
      </trkpt>
      <trkpt lat="46.274823" lon="11.436988">
        <ele>826.4</ele>
        <time>2024-07-14T15:24:37.336Z</time>
      </trkpt>
      <trkpt lat="46.274884" lon="11.437542">
        <ele>826.9</ele>
        <time>2024-07-14T15:24:59.424Z</time>
      </trkpt>
      <trkpt lat="46.275053" lon="11.43803">
        <ele>826.9</ele>
        <time>2024-07-14T15:25:20.289Z</time>
      </trkpt>
      <trkpt lat="46.275099" lon="11.438319">
        <ele>826.7</ele>
        <time>2024-07-14T15:25:31.097Z</time>
      </trkpt>
      <trkpt lat="46.275217" lon="11.438446">
        <ele>826.6</ele>
        <time>2024-07-14T15:25:38.695Z</time>
      </trkpt>
      <trkpt lat="46.275331" lon="11.438397">
        <ele>826.5</ele>
        <time>2024-07-14T15:25:44.838Z</time>
      </trkpt>
      <trkpt lat="46.275441" lon="11.438436">
        <ele>826.4</ele>
        <time>2024-07-14T15:25:50.706Z</time>
      </trkpt>
      <trkpt lat="46.275782" lon="11.438788">
        <ele>825.6</ele>
        <time>2024-07-14T15:26:11.822Z</time>
      </trkpt>
      <trkpt lat="46.275993" lon="11.439068">
        <ele>825</ele>
        <time>2024-07-14T15:26:25.846Z</time>
      </trkpt>
      <trkpt lat="46.276328" lon="11.439895">
        <ele>823.9</ele>
        <time>2024-07-14T15:26:58.596Z</time>
      </trkpt>
      <trkpt lat="46.276621" lon="11.440441">
        <ele>823.9</ele>
        <time>2024-07-14T15:27:23.153Z</time>
      </trkpt>
      <trkpt lat="46.27677" lon="11.440585">
        <ele>824</ele>
        <time>2024-07-14T15:27:32.880Z</time>
      </trkpt>
      <trkpt lat="46.276962" lon="11.440677">
        <ele>824.1</ele>
        <time>2024-07-14T15:27:44.001Z</time>
      </trkpt>
      <trkpt lat="46.277228" lon="11.440747">
        <ele>824.2</ele>
        <time>2024-07-14T15:27:58.826Z</time>
      </trkpt>
      <trkpt lat="46.277657" lon="11.441238">
        <ele>824.6</ele>
        <time>2024-07-14T15:28:29.022Z</time>
      </trkpt>
      <trkpt lat="46.277879" lon="11.441764">
        <ele>824.8</ele>
        <time>2024-07-14T15:28:52.539Z</time>
      </trkpt>
      <trkpt lat="46.278025" lon="11.442051">
        <ele>825.1</ele>
        <time>2024-07-14T15:29:06.212Z</time>
      </trkpt>
      <trkpt lat="46.278271" lon="11.442827">
        <ele>826.4</ele>
        <time>2024-07-14T15:29:40.614Z</time>
      </trkpt>
      <trkpt lat="46.278429" lon="11.443622">
        <ele>828.5</ele>
        <time>2024-07-14T15:30:15.280Z</time>
      </trkpt>
      <trkpt lat="46.27855" lon="11.445185">
        <ele>833.6</ele>
        <time>2024-07-14T15:31:24.533Z</time>
      </trkpt>
      <trkpt lat="46.278538" lon="11.44538">
        <ele>834.1</ele>
        <time>2024-07-14T15:31:33.220Z</time>
      </trkpt>
      <trkpt lat="46.278509" lon="11.446051">
        <ele>835.8</ele>
        <time>2024-07-14T15:32:02.156Z</time>
      </trkpt>
      <trkpt lat="46.278588" lon="11.446933">
        <ele>837.9</ele>
        <time>2024-07-14T15:32:40.240Z</time>
      </trkpt>
      <trkpt lat="46.278577" lon="11.447289">
        <ele>838.6</ele>
        <time>2024-07-14T15:32:55.246Z</time>
      </trkpt>
      <trkpt lat="46.27852" lon="11.447495">
        <ele>838.9</ele>
        <time>2024-07-14T15:33:04.345Z</time>
      </trkpt>
      <trkpt lat="46.278472" lon="11.447517">
        <ele>839</ele>
        <time>2024-07-14T15:33:07.317Z</time>
      </trkpt>
      <trkpt lat="46.278418" lon="11.447776">
        <ele>839.4</ele>
        <time>2024-07-14T15:33:18.246Z</time>
      </trkpt>
      <trkpt lat="46.278416" lon="11.448016">
        <ele>839.7</ele>
        <time>2024-07-14T15:33:27.941Z</time>
      </trkpt>
      <trkpt lat="46.278725" lon="11.449413">
        <ele>839.9</ele>
        <time>2024-07-14T15:34:24.131Z</time>
      </trkpt>
      <trkpt lat="46.279244" lon="11.450397">
        <ele>838.7</ele>
        <time>2024-07-14T15:35:08.988Z</time>
      </trkpt>
      <trkpt lat="46.279304" lon="11.450594">
        <ele>838.5</ele>
        <time>2024-07-14T15:35:16.527Z</time>
      </trkpt>
      <trkpt lat="46.279364" lon="11.450838">
        <ele>838.4</ele>
        <time>2024-07-14T15:35:25.848Z</time>
      </trkpt>
      <trkpt lat="46.279428" lon="11.451128">
        <ele>838.3</ele>
        <time>2024-07-14T15:35:36.941Z</time>
      </trkpt>
      <trkpt lat="46.279423" lon="11.451194">
        <ele>838.3</ele>
        <time>2024-07-14T15:35:39.387Z</time>
      </trkpt>
      <trkpt lat="46.279311" lon="11.451327">
        <ele>838.4</ele>
        <time>2024-07-14T15:35:47.111Z</time>
      </trkpt>
      <trkpt lat="46.279289" lon="11.452149">
        <ele>839.3</ele>
        <time>2024-07-14T15:36:18.927Z</time>
      </trkpt>
      <trkpt lat="46.279338" lon="11.45238">
        <ele>839.7</ele>
        <time>2024-07-14T15:36:28.606Z</time>
      </trkpt>
      <trkpt lat="46.27932" lon="11.453379">
        <ele>841.8</ele>
        <time>2024-07-14T15:37:10.467Z</time>
      </trkpt>
      <trkpt lat="46.279308" lon="11.45476">
        <ele>845.5</ele>
        <time>2024-07-14T15:38:09.616Z</time>
      </trkpt>
      <trkpt lat="46.27934" lon="11.455506">
        <ele>847.8</ele>
        <time>2024-07-14T15:38:42.242Z</time>
      </trkpt>
      <trkpt lat="46.279316" lon="11.455877">
        <ele>849.2</ele>
        <time>2024-07-14T15:38:58.978Z</time>
      </trkpt>
      <trkpt lat="46.279274" lon="11.456057">
        <ele>850</ele>
        <time>2024-07-14T15:39:07.803Z</time>
      </trkpt>
      <trkpt lat="46.279156" lon="11.456188">
        <ele>851.1</ele>
        <time>2024-07-14T15:39:17.980Z</time>
      </trkpt>
      <trkpt lat="46.278901" lon="11.456361">
        <ele>853.4</ele>
        <time>2024-07-14T15:39:37.549Z</time>
      </trkpt>
      <trkpt lat="46.278776" lon="11.456582">
        <ele>855.1</ele>
        <time>2024-07-14T15:39:51.458Z</time>
      </trkpt>
      <trkpt lat="46.278652" lon="11.457019">
        <ele>857.6</ele>
        <time>2024-07-14T15:40:14.413Z</time>
      </trkpt>
      <trkpt lat="46.278586" lon="11.457253">
        <ele>858.8</ele>
        <time>2024-07-14T15:40:26.524Z</time>
      </trkpt>
      <trkpt lat="46.278403" lon="11.457955">
        <ele>861.3</ele>
        <time>2024-07-14T15:41:00.598Z</time>
      </trkpt>
      <trkpt lat="46.278384" lon="11.458123">
        <ele>861.6</ele>
        <time>2024-07-14T15:41:07.887Z</time>
      </trkpt>
      <trkpt lat="46.278395" lon="11.458295">
        <ele>861.9</ele>
        <time>2024-07-14T15:41:14.846Z</time>
      </trkpt>
      <trkpt lat="46.278439" lon="11.45855">
        <ele>862.1</ele>
        <time>2024-07-14T15:41:25.435Z</time>
      </trkpt>
      <trkpt lat="46.278599" lon="11.458976">
        <ele>861.9</ele>
        <time>2024-07-14T15:41:44.080Z</time>
      </trkpt>
      <trkpt lat="46.278743" lon="11.459681">
        <ele>860.3</ele>
        <time>2024-07-14T15:42:08.788Z</time>
      </trkpt>
      <trkpt lat="46.278794" lon="11.460062">
        <ele>859.2</ele>
        <time>2024-07-14T15:42:21.015Z</time>
      </trkpt>
      <trkpt lat="46.278798" lon="11.460845">
        <ele>857.7</ele>
        <time>2024-07-14T15:42:46.002Z</time>
      </trkpt>
      <trkpt lat="46.278831" lon="11.461135">
        <ele>857.4</ele>
        <time>2024-07-14T15:42:55.746Z</time>
      </trkpt>
      <trkpt lat="46.279198" lon="11.462469">
        <ele>855.1</ele>
        <time>2024-07-14T15:43:43.911Z</time>
      </trkpt>
      <trkpt lat="46.279323" lon="11.462778">
        <ele>854.1</ele>
        <time>2024-07-14T15:43:55.644Z</time>
      </trkpt>
      <trkpt lat="46.279632" lon="11.463097">
        <ele>852.1</ele>
        <time>2024-07-14T15:44:11.901Z</time>
      </trkpt>
      <trkpt lat="46.280065" lon="11.463653">
        <ele>848.5</ele>
        <time>2024-07-14T15:44:35.510Z</time>
      </trkpt>
      <trkpt lat="46.280718" lon="11.46392">
        <ele>844.8</ele>
        <time>2024-07-14T15:45:03.229Z</time>
      </trkpt>
      <trkpt lat="46.281084" lon="11.464173">
        <ele>843.6</ele>
        <time>2024-07-14T15:45:20.821Z</time>
      </trkpt>
      <trkpt lat="46.281532" lon="11.46484">
        <ele>843.5</ele>
        <time>2024-07-14T15:45:53.437Z</time>
      </trkpt>
      <trkpt lat="46.281807" lon="11.46532">
        <ele>844.3</ele>
        <time>2024-07-14T15:46:17.263Z</time>
      </trkpt>
      <trkpt lat="46.28212" lon="11.466003">
        <ele>845.8</ele>
        <time>2024-07-14T15:46:50.803Z</time>
      </trkpt>
      <trkpt lat="46.282421" lon="11.467252">
        <ele>848.2</ele>
        <time>2024-07-14T15:47:45.626Z</time>
      </trkpt>
      <trkpt lat="46.282587" lon="11.468527">
        <ele>850.7</ele>
        <time>2024-07-14T15:48:39.545Z</time>
      </trkpt>
      <trkpt lat="46.282719" lon="11.469924">
        <ele>855.9</ele>
        <time>2024-07-14T15:49:41.165Z</time>
      </trkpt>
      <trkpt lat="46.282732" lon="11.470225">
        <ele>857.6</ele>
        <time>2024-07-14T15:49:55.057Z</time>
      </trkpt>
      <trkpt lat="46.282621" lon="11.470683">
        <ele>860.5</ele>
        <time>2024-07-14T15:50:18.684Z</time>
      </trkpt>
      <trkpt lat="46.282607" lon="11.470841">
        <ele>861.2</ele>
        <time>2024-07-14T15:50:26.292Z</time>
      </trkpt>
      <trkpt lat="46.28263" lon="11.471234">
        <ele>862.8</ele>
        <time>2024-07-14T15:50:44.999Z</time>
      </trkpt>
      <trkpt lat="46.282613" lon="11.47142">
        <ele>863.5</ele>
        <time>2024-07-14T15:50:53.558Z</time>
      </trkpt>
      <trkpt lat="46.28249" lon="11.471708">
        <ele>864.6</ele>
        <time>2024-07-14T15:51:08.870Z</time>
      </trkpt>
      <trkpt lat="46.282482" lon="11.471837">
        <ele>865</ele>
        <time>2024-07-14T15:51:14.594Z</time>
      </trkpt>
      <trkpt lat="46.282499" lon="11.471953">
        <ele>865.4</ele>
        <time>2024-07-14T15:51:19.800Z</time>
      </trkpt>
      <trkpt lat="46.282556" lon="11.472093">
        <ele>865.8</ele>
        <time>2024-07-14T15:51:26.934Z</time>
      </trkpt>
      <trkpt lat="46.282633" lon="11.472168">
        <ele>866.1</ele>
        <time>2024-07-14T15:51:32.777Z</time>
      </trkpt>
      <trkpt lat="46.28312" lon="11.472643">
        <ele>867.2</ele>
        <time>2024-07-14T15:52:08.083Z</time>
      </trkpt>
      <trkpt lat="46.28319" lon="11.472798">
        <ele>867.3</ele>
        <time>2024-07-14T15:52:15.472Z</time>
      </trkpt>
      <trkpt lat="46.283364" lon="11.474729">
        <ele>869.7</ele>
        <time>2024-07-14T15:53:33.247Z</time>
      </trkpt>
      <trkpt lat="46.283357" lon="11.475061">
        <ele>870.5</ele>
        <time>2024-07-14T15:53:46.692Z</time>
      </trkpt>
      <trkpt lat="46.283304" lon="11.475704">
        <ele>871.6</ele>
        <time>2024-07-14T15:54:13.707Z</time>
      </trkpt>
      <trkpt lat="46.283154" lon="11.476669">
        <ele>872</ele>
        <time>2024-07-14T15:54:52.610Z</time>
      </trkpt>
      <trkpt lat="46.283036" lon="11.47927">
        <ele>865.4</ele>
        <time>2024-07-14T15:56:18.710Z</time>
      </trkpt>
      <trkpt lat="46.28323" lon="11.480137">
        <ele>864.1</ele>
        <time>2024-07-14T15:56:47.738Z</time>
      </trkpt>
      <trkpt lat="46.283147" lon="11.480636">
        <ele>863.9</ele>
        <time>2024-07-14T15:57:05.578Z</time>
      </trkpt>
      <trkpt lat="46.28315" lon="11.480733">
        <ele>863.9</ele>
        <time>2024-07-14T15:57:09.137Z</time>
      </trkpt>
      <trkpt lat="46.283184" lon="11.481132">
        <ele>863.9</ele>
        <time>2024-07-14T15:57:23.871Z</time>
      </trkpt>
      <trkpt lat="46.283265" lon="11.481802">
        <ele>864</ele>
        <time>2024-07-14T15:57:49.263Z</time>
      </trkpt>
      <trkpt lat="46.283381" lon="11.482399">
        <ele>864.1</ele>
        <time>2024-07-14T15:58:12.518Z</time>
      </trkpt>
      <trkpt lat="46.283543" lon="11.483003">
        <ele>864</ele>
        <time>2024-07-14T15:58:36.574Z</time>
      </trkpt>
      <trkpt lat="46.283684" lon="11.483771">
        <ele>864.1</ele>
        <time>2024-07-14T15:59:06.077Z</time>
      </trkpt>
      <trkpt lat="46.283697" lon="11.483817">
        <ele>864.1</ele>
        <time>2024-07-14T15:59:07.936Z</time>
      </trkpt>
      <trkpt lat="46.283929" lon="11.484345">
        <ele>864.1</ele>
        <time>2024-07-14T15:59:31.166Z</time>
      </trkpt>
      <trkpt lat="46.283953" lon="11.484399">
        <ele>864.1</ele>
        <time>2024-07-14T15:59:33.536Z</time>
      </trkpt>
      <trkpt lat="46.284095" lon="11.484783">
        <ele>864</ele>
        <time>2024-07-14T15:59:49.495Z</time>
      </trkpt>
      <trkpt lat="46.284355" lon="11.485268">
        <ele>863.9</ele>
        <time>2024-07-14T16:00:12.017Z</time>
      </trkpt>
      <trkpt lat="46.284572" lon="11.485477">
        <ele>863.9</ele>
        <time>2024-07-14T16:00:25.929Z</time>
      </trkpt>
      <trkpt lat="46.284838" lon="11.485666">
        <ele>864.2</ele>
        <time>2024-07-14T16:00:42.234Z</time>
      </trkpt>
      <trkpt lat="46.285149" lon="11.485971">
        <ele>864.6</ele>
        <time>2024-07-14T16:01:03.361Z</time>
      </trkpt>
      <trkpt lat="46.285215" lon="11.486081">
        <ele>864.8</ele>
        <time>2024-07-14T16:01:09.099Z</time>
      </trkpt>
      <trkpt lat="46.285227" lon="11.486346">
        <ele>865.1</ele>
        <time>2024-07-14T16:01:19.732Z</time>
      </trkpt>
      <trkpt lat="46.285491" lon="11.488468">
        <ele>870.7</ele>
        <time>2024-07-14T16:02:51.778Z</time>
      </trkpt>
      <trkpt lat="46.285529" lon="11.489147">
        <ele>872.9</ele>
        <time>2024-07-14T16:03:21.411Z</time>
      </trkpt>
      <trkpt lat="46.285603" lon="11.489705">
        <ele>874.8</ele>
        <time>2024-07-14T16:03:46.754Z</time>
      </trkpt>
      <trkpt lat="46.285507" lon="11.490419">
        <ele>876.6</ele>
        <time>2024-07-14T16:04:18.558Z</time>
      </trkpt>
      <trkpt lat="46.28539" lon="11.490989">
        <ele>877.6</ele>
        <time>2024-07-14T16:04:43.603Z</time>
      </trkpt>
      <trkpt lat="46.285225" lon="11.49223">
        <ele>878.3</ele>
        <time>2024-07-14T16:05:33.303Z</time>
      </trkpt>
      <trkpt lat="46.285122" lon="11.492757">
        <ele>878.4</ele>
        <time>2024-07-14T16:05:54.218Z</time>
      </trkpt>
      <trkpt lat="46.285063" lon="11.492816">
        <ele>878.4</ele>
        <time>2024-07-14T16:05:58.110Z</time>
      </trkpt>
      <trkpt lat="46.2846" lon="11.492985">
        <ele>878.8</ele>
        <time>2024-07-14T16:06:24.601Z</time>
      </trkpt>
      <trkpt lat="46.284381" lon="11.493104">
        <ele>879</ele>
        <time>2024-07-14T16:06:37.756Z</time>
      </trkpt>
      <trkpt lat="46.284261" lon="11.493238">
        <ele>879.3</ele>
        <time>2024-07-14T16:06:46.372Z</time>
      </trkpt>
      <trkpt lat="46.282987" lon="11.495507">
        <ele>882.6</ele>
        <time>2024-07-14T16:08:42.572Z</time>
      </trkpt>
      <trkpt lat="46.282911" lon="11.495704">
        <ele>882.8</ele>
        <time>2024-07-14T16:08:51.553Z</time>
      </trkpt>
      <trkpt lat="46.282849" lon="11.496032">
        <ele>883.2</ele>
        <time>2024-07-14T16:09:05.044Z</time>
      </trkpt>
      <trkpt lat="46.282683" lon="11.497302">
        <ele>884.3</ele>
        <time>2024-07-14T16:09:55.876Z</time>
      </trkpt>
      <trkpt lat="46.282705" lon="11.497792">
        <ele>884.5</ele>
        <time>2024-07-14T16:10:14.969Z</time>
      </trkpt>
      <trkpt lat="46.282759" lon="11.498072">
        <ele>884.5</ele>
        <time>2024-07-14T16:10:25.942Z</time>
      </trkpt>
      <trkpt lat="46.284015" lon="11.500434">
        <ele>883.7</ele>
        <time>2024-07-14T16:12:14.835Z</time>
      </trkpt>
      <trkpt lat="46.2844" lon="11.501036">
        <ele>884.3</ele>
        <time>2024-07-14T16:12:45.183Z</time>
      </trkpt>
      <trkpt lat="46.284509" lon="11.501367">
        <ele>884.8</ele>
        <time>2024-07-14T16:12:59.697Z</time>
      </trkpt>
      <trkpt lat="46.284572" lon="11.50163">
        <ele>885.2</ele>
        <time>2024-07-14T16:13:10.960Z</time>
      </trkpt>
      <trkpt lat="46.284655" lon="11.502279">
        <ele>886.3</ele>
        <time>2024-07-14T16:13:37.876Z</time>
      </trkpt>
      <trkpt lat="46.284778" lon="11.502859">
        <ele>887.3</ele>
        <time>2024-07-14T16:14:02.793Z</time>
      </trkpt>
      <trkpt lat="46.284828" lon="11.503294">
        <ele>887.9</ele>
        <time>2024-07-14T16:14:20.772Z</time>
      </trkpt>
      <trkpt lat="46.284838" lon="11.503616">
        <ele>888.5</ele>
        <time>2024-07-14T16:14:34.024Z</time>
      </trkpt>
      <trkpt lat="46.284797" lon="11.503919">
        <ele>889.1</ele>
        <time>2024-07-14T16:14:46.878Z</time>
      </trkpt>
      <trkpt lat="46.284658" lon="11.504541">
        <ele>890.1</ele>
        <time>2024-07-14T16:15:13.807Z</time>
      </trkpt>
      <trkpt lat="46.284497" lon="11.504943">
        <ele>890.4</ele>
        <time>2024-07-14T16:15:32.351Z</time>
      </trkpt>
      <trkpt lat="46.284282" lon="11.50525">
        <ele>890.6</ele>
        <time>2024-07-14T16:15:49.212Z</time>
      </trkpt>
      <trkpt lat="46.284247" lon="11.505334">
        <ele>890.7</ele>
        <time>2024-07-14T16:15:52.979Z</time>
      </trkpt>
      <trkpt lat="46.284206" lon="11.505542">
        <ele>890.8</ele>
        <time>2024-07-14T16:16:01.286Z</time>
      </trkpt>
      <trkpt lat="46.28395" lon="11.505969">
        <ele>891.4</ele>
        <time>2024-07-14T16:16:23.510Z</time>
      </trkpt>
      <trkpt lat="46.28365" lon="11.50627">
        <ele>892.3</ele>
        <time>2024-07-14T16:16:44.854Z</time>
      </trkpt>
      <trkpt lat="46.283143" lon="11.506571">
        <ele>894.2</ele>
        <time>2024-07-14T16:17:18.256Z</time>
      </trkpt>
      <trkpt lat="46.282775" lon="11.507034">
        <ele>896.6</ele>
        <time>2024-07-14T16:17:49.129Z</time>
      </trkpt>
      <trkpt lat="46.282465" lon="11.507506">
        <ele>898.6</ele>
        <time>2024-07-14T16:18:18.124Z</time>
      </trkpt>
      <trkpt lat="46.282305" lon="11.50764">
        <ele>899.3</ele>
        <time>2024-07-14T16:18:29.867Z</time>
      </trkpt>
      <trkpt lat="46.282057" lon="11.508045">
        <ele>900.5</ele>
        <time>2024-07-14T16:18:52.937Z</time>
      </trkpt>
      <trkpt lat="46.281963" lon="11.508287">
        <ele>900.9</ele>
        <time>2024-07-14T16:19:04.526Z</time>
      </trkpt>
      <trkpt lat="46.281863" lon="11.508797">
        <ele>901.3</ele>
        <time>2024-07-14T16:19:25.471Z</time>
      </trkpt>
      <trkpt lat="46.281728" lon="11.512797">
        <ele>903.7</ele>
        <time>2024-07-14T16:22:00.126Z</time>
      </trkpt>
      <trkpt lat="46.281751" lon="11.513299">
        <ele>904.1</ele>
        <time>2024-07-14T16:22:19.560Z</time>
      </trkpt>
      <trkpt lat="46.281751" lon="11.513977">
        <ele>904.8</ele>
        <time>2024-07-14T16:22:46.251Z</time>
      </trkpt>
      <trkpt lat="46.281607" lon="11.515293">
        <ele>905.2</ele>
        <time>2024-07-14T16:23:37.479Z</time>
      </trkpt>
      <trkpt lat="46.281582" lon="11.515808">
        <ele>904.9</ele>
        <time>2024-07-14T16:23:56.716Z</time>
      </trkpt>
      <trkpt lat="46.281638" lon="11.51643">
        <ele>904.5</ele>
        <time>2024-07-14T16:24:19.078Z</time>
      </trkpt>
      <trkpt lat="46.281635" lon="11.516817">
        <ele>904.2</ele>
        <time>2024-07-14T16:24:32.805Z</time>
      </trkpt>
      <trkpt lat="46.281603" lon="11.517193">
        <ele>903.8</ele>
        <time>2024-07-14T16:24:46.038Z</time>
      </trkpt>
      <trkpt lat="46.281369" lon="11.518601">
        <ele>903.1</ele>
        <time>2024-07-14T16:25:37.705Z</time>
      </trkpt>
      <trkpt lat="46.281312" lon="11.519233">
        <ele>903</ele>
        <time>2024-07-14T16:26:00.779Z</time>
      </trkpt>
      <trkpt lat="46.281327" lon="11.519722">
        <ele>902.8</ele>
        <time>2024-07-14T16:26:18.638Z</time>
      </trkpt>
      <trkpt lat="46.281441" lon="11.520281">
        <ele>902.6</ele>
        <time>2024-07-14T16:26:39.752Z</time>
      </trkpt>
      <trkpt lat="46.281593" lon="11.520737">
        <ele>902.2</ele>
        <time>2024-07-14T16:26:57.878Z</time>
      </trkpt>
      <trkpt lat="46.282154" lon="11.522016">
        <ele>901.9</ele>
        <time>2024-07-14T16:27:52.855Z</time>
      </trkpt>
      <trkpt lat="46.282227" lon="11.52254">
        <ele>902.2</ele>
        <time>2024-07-14T16:28:12.702Z</time>
      </trkpt>
      <trkpt lat="46.282826" lon="11.524508">
        <ele>903.7</ele>
        <time>2024-07-14T16:29:36.019Z</time>
      </trkpt>
      <trkpt lat="46.282837" lon="11.524897">
        <ele>904</ele>
        <time>2024-07-14T16:29:51.125Z</time>
      </trkpt>
      <trkpt lat="46.282812" lon="11.525091">
        <ele>904.1</ele>
        <time>2024-07-14T16:29:58.776Z</time>
      </trkpt>
      <trkpt lat="46.282719" lon="11.525525">
        <ele>904.3</ele>
        <time>2024-07-14T16:30:16.277Z</time>
      </trkpt>
      <trkpt lat="46.282481" lon="11.52614">
        <ele>904.6</ele>
        <time>2024-07-14T16:30:43.181Z</time>
      </trkpt>
      <trkpt lat="46.282457" lon="11.526462">
        <ele>904.7</ele>
        <time>2024-07-14T16:30:55.509Z</time>
      </trkpt>
      <trkpt lat="46.282303" lon="11.526852">
        <ele>904.9</ele>
        <time>2024-07-14T16:31:12.606Z</time>
      </trkpt>
      <trkpt lat="46.28173" lon="11.528881">
        <ele>905.4</ele>
        <time>2024-07-14T16:32:35.392Z</time>
      </trkpt>
      <trkpt lat="46.28163" lon="11.529311">
        <ele>905.7</ele>
        <time>2024-07-14T16:32:52.569Z</time>
      </trkpt>
      <trkpt lat="46.281507" lon="11.530393">
        <ele>906.9</ele>
        <time>2024-07-14T16:33:35.831Z</time>
      </trkpt>
      <trkpt lat="46.281387" lon="11.531993">
        <ele>910</ele>
        <time>2024-07-14T16:34:41.680Z</time>
      </trkpt>
      <trkpt lat="46.281043" lon="11.535599">
        <ele>919.5</ele>
        <time>2024-07-14T16:37:17.286Z</time>
      </trkpt>
      <trkpt lat="46.280726" lon="11.538237">
        <ele>923.7</ele>
        <time>2024-07-14T16:39:10.370Z</time>
      </trkpt>
      <trkpt lat="46.280721" lon="11.538695">
        <ele>923.8</ele>
        <time>2024-07-14T16:39:28.880Z</time>
      </trkpt>
      <trkpt lat="46.280804" lon="11.538982">
        <ele>923.7</ele>
        <time>2024-07-14T16:39:40.431Z</time>
      </trkpt>
      <trkpt lat="46.281011" lon="11.539356">
        <ele>923.5</ele>
        <time>2024-07-14T16:39:57.782Z</time>
      </trkpt>
      <trkpt lat="46.282165" lon="11.540692">
        <ele>922.7</ele>
        <time>2024-07-14T16:41:15.210Z</time>
      </trkpt>
      <trkpt lat="46.28223" lon="11.54086">
        <ele>922.8</ele>
        <time>2024-07-14T16:41:22.286Z</time>
      </trkpt>
      <trkpt lat="46.282264" lon="11.541113">
        <ele>923.1</ele>
        <time>2024-07-14T16:41:32.444Z</time>
      </trkpt>
      <trkpt lat="46.282266" lon="11.541399">
        <ele>923.4</ele>
        <time>2024-07-14T16:41:43.717Z</time>
      </trkpt>
      <trkpt lat="46.28223" lon="11.541902">
        <ele>924.2</ele>
        <time>2024-07-14T16:42:04.105Z</time>
      </trkpt>
      <trkpt lat="46.282274" lon="11.542234">
        <ele>924.9</ele>
        <time>2024-07-14T16:42:18.083Z</time>
      </trkpt>
      <trkpt lat="46.282654" lon="11.543352">
        <ele>927.7</ele>
        <time>2024-07-14T16:43:10.814Z</time>
      </trkpt>
      <trkpt lat="46.282708" lon="11.543681">
        <ele>928.3</ele>
        <time>2024-07-14T16:43:25.080Z</time>
      </trkpt>
      <trkpt lat="46.282722" lon="11.544108">
        <ele>928.9</ele>
        <time>2024-07-14T16:43:42.547Z</time>
      </trkpt>
      <trkpt lat="46.282503" lon="11.54488">
        <ele>929.1</ele>
        <time>2024-07-14T16:44:14.806Z</time>
      </trkpt>
      <trkpt lat="46.282473" lon="11.544996">
        <ele>929.1</ele>
        <time>2024-07-14T16:44:19.429Z</time>
      </trkpt>
      <trkpt lat="46.282465" lon="11.545067">
        <ele>929</ele>
        <time>2024-07-14T16:44:22.049Z</time>
      </trkpt>
      <trkpt lat="46.282525" lon="11.545181">
        <ele>929</ele>
        <time>2024-07-14T16:44:27.266Z</time>
      </trkpt>
      <trkpt lat="46.282897" lon="11.545451">
        <ele>928.5</ele>
        <time>2024-07-14T16:44:48.698Z</time>
      </trkpt>
      <trkpt lat="46.282964" lon="11.545469">
        <ele>928.4</ele>
        <time>2024-07-14T16:44:52.156Z</time>
      </trkpt>
      <trkpt lat="46.282231" lon="11.546847">
        <ele>926.2</ele>
        <time>2024-07-14T16:45:51.508Z</time>
      </trkpt>
      <trkpt lat="46.28219" lon="11.546983">
        <ele>926.2</ele>
        <time>2024-07-14T16:45:56.652Z</time>
      </trkpt>
      <trkpt lat="46.282196" lon="11.547143">
        <ele>926.3</ele>
        <time>2024-07-14T16:46:02.718Z</time>
      </trkpt>
      <trkpt lat="46.282273" lon="11.547473">
        <ele>926.4</ele>
        <time>2024-07-14T16:46:16.027Z</time>
      </trkpt>
      <trkpt lat="46.282368" lon="11.547662">
        <ele>926.6</ele>
        <time>2024-07-14T16:46:25.046Z</time>
      </trkpt>
      <trkpt lat="46.282496" lon="11.547828">
        <ele>926.8</ele>
        <time>2024-07-14T16:46:34.644Z</time>
      </trkpt>
      <trkpt lat="46.282683" lon="11.547998">
        <ele>927</ele>
        <time>2024-07-14T16:46:47.084Z</time>
      </trkpt>
      <trkpt lat="46.283109" lon="11.548144">
        <ele>927.7</ele>
        <time>2024-07-14T16:47:11.999Z</time>
      </trkpt>
      <trkpt lat="46.283516" lon="11.548344">
        <ele>928.4</ele>
        <time>2024-07-14T16:47:36.753Z</time>
      </trkpt>
      <trkpt lat="46.28374" lon="11.548535">
        <ele>928.7</ele>
        <time>2024-07-14T16:47:51.637Z</time>
      </trkpt>
      <trkpt lat="46.283826" lon="11.548674">
        <ele>928.9</ele>
        <time>2024-07-14T16:47:58.882Z</time>
      </trkpt>
      <trkpt lat="46.283964" lon="11.549045">
        <ele>929.1</ele>
        <time>2024-07-14T16:48:15.196Z</time>
      </trkpt>
      <trkpt lat="46.284061" lon="11.549222">
        <ele>929.2</ele>
        <time>2024-07-14T16:48:23.812Z</time>
      </trkpt>
      <trkpt lat="46.284258" lon="11.549434">
        <ele>929.2</ele>
        <time>2024-07-14T16:48:37.207Z</time>
      </trkpt>
      <trkpt lat="46.28438" lon="11.549616">
        <ele>929.2</ele>
        <time>2024-07-14T16:48:46.693Z</time>
      </trkpt>
      <trkpt lat="46.28454" lon="11.549967">
        <ele>929</ele>
        <time>2024-07-14T16:49:02.125Z</time>
      </trkpt>
      <trkpt lat="46.28456" lon="11.550065">
        <ele>929</ele>
        <time>2024-07-14T16:49:05.862Z</time>
      </trkpt>
      <trkpt lat="46.284523" lon="11.550403">
        <ele>929</ele>
        <time>2024-07-14T16:49:18.376Z</time>
      </trkpt>
      <trkpt lat="46.284495" lon="11.551044">
        <ele>929</ele>
        <time>2024-07-14T16:49:42.223Z</time>
      </trkpt>
      <trkpt lat="46.28441" lon="11.551413">
        <ele>929.1</ele>
        <time>2024-07-14T16:49:56.754Z</time>
      </trkpt>
      <trkpt lat="46.284651" lon="11.552546">
        <ele>930.1</ele>
        <time>2024-07-14T16:50:42.762Z</time>
      </trkpt>
      <trkpt lat="46.284714" lon="11.553013">
        <ele>930.7</ele>
        <time>2024-07-14T16:51:01.528Z</time>
      </trkpt>
      <trkpt lat="46.284914" lon="11.554842">
        <ele>933.2</ele>
        <time>2024-07-14T16:52:16.178Z</time>
      </trkpt>
      <trkpt lat="46.285175" lon="11.556747">
        <ele>934.4</ele>
        <time>2024-07-14T16:53:32.834Z</time>
      </trkpt>
      <trkpt lat="46.285249" lon="11.557825">
        <ele>934.9</ele>
        <time>2024-07-14T16:54:14.522Z</time>
      </trkpt>
      <trkpt lat="46.285272" lon="11.558815">
        <ele>935.6</ele>
        <time>2024-07-14T16:54:52.680Z</time>
      </trkpt>
      <trkpt lat="46.285243" lon="11.559714">
        <ele>936.5</ele>
        <time>2024-07-14T16:55:27.925Z</time>
      </trkpt>
      <trkpt lat="46.285209" lon="11.560265">
        <ele>937.2</ele>
        <time>2024-07-14T16:55:49.925Z</time>
      </trkpt>
      <trkpt lat="46.2851" lon="11.560974">
        <ele>938.2</ele>
        <time>2024-07-14T16:56:19.200Z</time>
      </trkpt>
      <trkpt lat="46.285003" lon="11.561981">
        <ele>939.3</ele>
        <time>2024-07-14T16:56:59.883Z</time>
      </trkpt>
      <trkpt lat="46.285095" lon="11.562313">
        <ele>939.7</ele>
        <time>2024-07-14T16:57:14.111Z</time>
      </trkpt>
      <trkpt lat="46.284982" lon="11.562294">
        <ele>939.9</ele>
        <time>2024-07-14T16:57:20.684Z</time>
      </trkpt>
      <trkpt lat="46.284936" lon="11.56244">
        <ele>940.1</ele>
        <time>2024-07-14T16:57:27.089Z</time>
      </trkpt>
      <trkpt lat="46.28489" lon="11.56278">
        <ele>940.5</ele>
        <time>2024-07-14T16:57:40.941Z</time>
      </trkpt>
      <trkpt lat="46.28465" lon="11.565008">
        <ele>943.5</ele>
        <time>2024-07-14T16:59:11.694Z</time>
      </trkpt>
      <trkpt lat="46.284646" lon="11.565499">
        <ele>944.5</ele>
        <time>2024-07-14T16:59:31.630Z</time>
      </trkpt>
      <trkpt lat="46.284686" lon="11.565979">
        <ele>945.3</ele>
        <time>2024-07-14T16:59:51.698Z</time>
      </trkpt>
      <trkpt lat="46.284816" lon="11.566555">
        <ele>946.1</ele>
        <time>2024-07-14T17:00:16.319Z</time>
      </trkpt>
      <trkpt lat="46.284898" lon="11.56682">
        <ele>946.5</ele>
        <time>2024-07-14T17:00:28.026Z</time>
      </trkpt>
      <trkpt lat="46.285034" lon="11.567124">
        <ele>946.9</ele>
        <time>2024-07-14T17:00:42.535Z</time>
      </trkpt>
      <trkpt lat="46.285422" lon="11.567792">
        <ele>947.5</ele>
        <time>2024-07-14T17:01:16.633Z</time>
      </trkpt>
      <trkpt lat="46.28733" lon="11.570644">
        <ele>949.7</ele>
        <time>2024-07-14T17:03:49.542Z</time>
      </trkpt>
      <trkpt lat="46.288728" lon="11.573061">
        <ele>952.9</ele>
        <time>2024-07-14T17:05:52.312Z</time>
      </trkpt>
      <trkpt lat="46.289251" lon="11.574034">
        <ele>954.6</ele>
        <time>2024-07-14T17:06:41.381Z</time>
      </trkpt>
      <trkpt lat="46.289439" lon="11.574208">
        <ele>955.1</ele>
        <time>2024-07-14T17:06:54.434Z</time>
      </trkpt>
      <trkpt lat="46.289488" lon="11.574384">
        <ele>955.3</ele>
        <time>2024-07-14T17:07:02.154Z</time>
      </trkpt>
      <trkpt lat="46.289485" lon="11.574452">
        <ele>955.4</ele>
        <time>2024-07-14T17:07:04.925Z</time>
      </trkpt>
      <trkpt lat="46.289607" lon="11.574681">
        <ele>955.9</ele>
        <time>2024-07-14T17:07:16.690Z</time>
      </trkpt>
      <trkpt lat="46.290532" lon="11.576154">
        <ele>958.3</ele>
        <time>2024-07-14T17:08:36.592Z</time>
      </trkpt>
      <trkpt lat="46.290665" lon="11.576594">
        <ele>958.7</ele>
        <time>2024-07-14T17:08:55.726Z</time>
      </trkpt>
      <trkpt lat="46.290854" lon="11.576994">
        <ele>959.1</ele>
        <time>2024-07-14T17:09:14.681Z</time>
      </trkpt>
      <trkpt lat="46.292149" lon="11.579627">
        <ele>961.7</ele>
        <time>2024-07-14T17:11:20.938Z</time>
      </trkpt>
      <trkpt lat="46.292574" lon="11.580403">
        <ele>962.8</ele>
        <time>2024-07-14T17:11:59.783Z</time>
      </trkpt>
      <trkpt lat="46.293428" lon="11.581489">
        <ele>964.7</ele>
        <time>2024-07-14T17:13:05.350Z</time>
      </trkpt>
      <trkpt lat="46.294698" lon="11.582999">
        <ele>967.3</ele>
        <time>2024-07-14T17:14:40.033Z</time>
      </trkpt>
      <trkpt lat="46.294844" lon="11.583141">
        <ele>967.6</ele>
        <time>2024-07-14T17:14:50.162Z</time>
      </trkpt>
      <trkpt lat="46.295061" lon="11.583243">
        <ele>968</ele>
        <time>2024-07-14T17:15:03.368Z</time>
      </trkpt>
      <trkpt lat="46.295775" lon="11.584187">
        <ele>970</ele>
        <time>2024-07-14T17:15:59.874Z</time>
      </trkpt>
      <trkpt lat="46.296638" lon="11.58518">
        <ele>972</ele>
        <time>2024-07-14T17:17:04.202Z</time>
      </trkpt>
      <trkpt lat="46.297159" lon="11.585877">
        <ele>973.7</ele>
        <time>2024-07-14T17:17:45.778Z</time>
      </trkpt>
      <trkpt lat="46.297272" lon="11.585995">
        <ele>974.1</ele>
        <time>2024-07-14T17:17:54.069Z</time>
      </trkpt>
      <trkpt lat="46.297366" lon="11.586035">
        <ele>974.3</ele>
        <time>2024-07-14T17:17:59.995Z</time>
      </trkpt>
      <trkpt lat="46.297616" lon="11.586006">
        <ele>975.1</ele>
        <time>2024-07-14T17:18:15.170Z</time>
      </trkpt>
      <trkpt lat="46.297967" lon="11.586151">
        <ele>976.1</ele>
        <time>2024-07-14T17:18:37.199Z</time>
      </trkpt>
      <trkpt lat="46.298179" lon="11.58634">
        <ele>976.8</ele>
        <time>2024-07-14T17:18:52.207Z</time>
      </trkpt>
      <trkpt lat="46.298506" lon="11.586706">
        <ele>977.8</ele>
        <time>2024-07-14T17:19:16.932Z</time>
      </trkpt>
      <trkpt lat="46.298682" lon="11.58695">
        <ele>978.4</ele>
        <time>2024-07-14T17:19:31.436Z</time>
      </trkpt>
      <trkpt lat="46.298882" lon="11.587248">
        <ele>979.2</ele>
        <time>2024-07-14T17:19:48.652Z</time>
      </trkpt>
      <trkpt lat="46.298988" lon="11.587489">
        <ele>979.7</ele>
        <time>2024-07-14T17:20:00.512Z</time>
      </trkpt>
      <trkpt lat="46.299203" lon="11.587816">
        <ele>980.5</ele>
        <time>2024-07-14T17:20:19.155Z</time>
      </trkpt>
      <trkpt lat="46.299394" lon="11.588055">
        <ele>981.1</ele>
        <time>2024-07-14T17:20:34.211Z</time>
      </trkpt>
      <trkpt lat="46.299499" lon="11.588138">
        <ele>981.4</ele>
        <time>2024-07-14T17:20:41.380Z</time>
      </trkpt>
      <trkpt lat="46.299738" lon="11.58817">
        <ele>982.1</ele>
        <time>2024-07-14T17:20:55.690Z</time>
      </trkpt>
      <trkpt lat="46.29989" lon="11.588344">
        <ele>982.5</ele>
        <time>2024-07-14T17:21:07.203Z</time>
      </trkpt>
      <trkpt lat="46.299979" lon="11.588532">
        <ele>982.8</ele>
        <time>2024-07-14T17:21:16.549Z</time>
      </trkpt>
      <trkpt lat="46.300354" lon="11.589035">
        <ele>983.6</ele>
        <time>2024-07-14T17:21:46.147Z</time>
      </trkpt>
      <trkpt lat="46.300745" lon="11.589525">
        <ele>983.8</ele>
        <time>2024-07-14T17:22:15.144Z</time>
      </trkpt>
      <trkpt lat="46.300921" lon="11.589804">
        <ele>983.8</ele>
        <time>2024-07-14T17:22:29.328Z</time>
      </trkpt>
      <trkpt lat="46.301099" lon="11.590029">
        <ele>983.9</ele>
        <time>2024-07-14T17:22:42.139Z</time>
      </trkpt>
      <trkpt lat="46.301405" lon="11.590329">
        <ele>984.1</ele>
        <time>2024-07-14T17:23:02.436Z</time>
      </trkpt>
      <trkpt lat="46.30152" lon="11.590482">
        <ele>984.2</ele>
        <time>2024-07-14T17:23:11.042Z</time>
      </trkpt>
      <trkpt lat="46.301783" lon="11.590834">
        <ele>984.7</ele>
        <time>2024-07-14T17:23:31.292Z</time>
      </trkpt>
      <trkpt lat="46.302323" lon="11.591577">
        <ele>986.6</ele>
        <time>2024-07-14T17:24:15.184Z</time>
      </trkpt>
      <trkpt lat="46.302675" lon="11.592138">
        <ele>987.9</ele>
        <time>2024-07-14T17:24:46.449Z</time>
      </trkpt>
      <trkpt lat="46.304502" lon="11.595321">
        <ele>994</ele>
        <time>2024-07-14T17:27:34.959Z</time>
      </trkpt>
      <trkpt lat="46.304578" lon="11.595516">
        <ele>994.4</ele>
        <time>2024-07-14T17:27:44.078Z</time>
      </trkpt>
      <trkpt lat="46.304572" lon="11.595768">
        <ele>994.8</ele>
        <time>2024-07-14T17:27:54.552Z</time>
      </trkpt>
      <trkpt lat="46.304604" lon="11.595888">
        <ele>995.1</ele>
        <time>2024-07-14T17:27:59.874Z</time>
      </trkpt>
      <trkpt lat="46.304645" lon="11.595958">
        <ele>995.3</ele>
        <time>2024-07-14T17:28:03.671Z</time>
      </trkpt>
      <trkpt lat="46.30485" lon="11.596026">
        <ele>995.8</ele>
        <time>2024-07-14T17:28:16.361Z</time>
      </trkpt>
      <trkpt lat="46.304997" lon="11.596172">
        <ele>996.4</ele>
        <time>2024-07-14T17:28:27.183Z</time>
      </trkpt>
      <trkpt lat="46.305299" lon="11.596683">
        <ele>997.8</ele>
        <time>2024-07-14T17:28:55.356Z</time>
      </trkpt>
      <trkpt lat="46.306664" lon="11.599132">
        <ele>1003.6</ele>
        <time>2024-07-14T17:31:06.191Z</time>
      </trkpt>
      <trkpt lat="46.306704" lon="11.599083">
        <ele>1003.7</ele>
        <time>2024-07-14T17:31:09.321Z</time>
      </trkpt>
      <trkpt lat="46.306744" lon="11.599155">
        <ele>1003.8</ele>
        <time>2024-07-14T17:31:12.942Z</time>
      </trkpt>
      <trkpt lat="46.306781" lon="11.599227">
        <ele>1003.9</ele>
        <time>2024-07-14T17:31:16.462Z</time>
      </trkpt>
      <trkpt lat="46.306831" lon="11.59918">
        <ele>1003.9</ele>
        <time>2024-07-14T17:31:19.844Z</time>
      </trkpt>
      <trkpt lat="46.307467" lon="11.598552">
        <ele>1004.1</ele>
        <time>2024-07-14T17:32:02.126Z</time>
      </trkpt>
      <trkpt lat="46.307648" lon="11.598412">
        <ele>1003.9</ele>
        <time>2024-07-14T17:32:13.070Z</time>
      </trkpt>
      <trkpt lat="46.307874" lon="11.598307">
        <ele>1003.7</ele>
        <time>2024-07-14T17:32:25.304Z</time>
      </trkpt>
      <trkpt lat="46.308121" lon="11.598312">
        <ele>1003.6</ele>
        <time>2024-07-14T17:32:38.142Z</time>
      </trkpt>
      <trkpt lat="46.308313" lon="11.598181">
        <ele>1003.6</ele>
        <time>2024-07-14T17:32:49.444Z</time>
      </trkpt>
      <trkpt lat="46.308335" lon="11.598177">
        <ele>1003.6</ele>
        <time>2024-07-14T17:32:50.650Z</time>
      </trkpt>
      <trkpt lat="46.308361" lon="11.59818">
        <ele>1003.6</ele>
        <time>2024-07-14T17:32:52.070Z</time>
      </trkpt>
      <trkpt lat="46.308741" lon="11.598229">
        <ele>1003.8</ele>
        <time>2024-07-14T17:33:12.854Z</time>
      </trkpt>
      <trkpt lat="46.308745" lon="11.598726">
        <ele>1004.2</ele>
        <time>2024-07-14T17:33:31.942Z</time>
      </trkpt>
      <trkpt lat="46.30858" lon="11.601268">
        <ele>1009.1</ele>
        <time>2024-07-14T17:35:17.232Z</time>
      </trkpt>
      <trkpt lat="46.308572" lon="11.601356">
        <ele>1009.3</ele>
        <time>2024-07-14T17:35:20.927Z</time>
      </trkpt>
      <trkpt lat="46.30857" lon="11.601412">
        <ele>1009.4</ele>
        <time>2024-07-14T17:35:23.252Z</time>
      </trkpt>
      <trkpt lat="46.308724" lon="11.60149">
        <ele>1009.8</ele>
        <time>2024-07-14T17:35:33.045Z</time>
      </trkpt>
      <trkpt lat="46.309242" lon="11.601711">
        <ele>1011.2</ele>
        <time>2024-07-14T17:36:05.407Z</time>
      </trkpt>
      <trkpt lat="46.309238" lon="11.601776">
        <ele>1011.2</ele>
        <time>2024-07-14T17:36:08.096Z</time>
      </trkpt>
      <trkpt lat="46.309281" lon="11.601847">
        <ele>1011.4</ele>
        <time>2024-07-14T17:36:11.968Z</time>
      </trkpt>
      <trkpt lat="46.309358" lon="11.601819">
        <ele>1011.6</ele>
        <time>2024-07-14T17:36:16.682Z</time>
      </trkpt>
      <trkpt lat="46.30937" lon="11.601794">
        <ele>1011.6</ele>
        <time>2024-07-14T17:36:17.930Z</time>
      </trkpt>
      <trkpt lat="46.309532" lon="11.601861">
        <ele>1012.1</ele>
        <time>2024-07-14T17:36:27.967Z</time>
      </trkpt>
      <trkpt lat="46.309794" lon="11.601958">
        <ele>1012.8</ele>
        <time>2024-07-14T17:36:44.078Z</time>
      </trkpt>
      <trkpt lat="46.31023" lon="11.602165">
        <ele>1013.8</ele>
        <time>2024-07-14T17:37:11.404Z</time>
      </trkpt>
      <trkpt lat="46.31025" lon="11.602179">
        <ele>1013.9</ele>
        <time>2024-07-14T17:37:12.712Z</time>
      </trkpt>
      <trkpt lat="46.310271" lon="11.602195">
        <ele>1013.9</ele>
        <time>2024-07-14T17:37:14.111Z</time>
      </trkpt>
      <trkpt lat="46.31091" lon="11.602546">
        <ele>1015.1</ele>
        <time>2024-07-14T17:37:53.746Z</time>
      </trkpt>
      <trkpt lat="46.310946" lon="11.602569">
        <ele>1015.1</ele>
        <time>2024-07-14T17:37:56.025Z</time>
      </trkpt>
      <trkpt lat="46.311004" lon="11.602748">
        <ele>1015.4</ele>
        <time>2024-07-14T17:38:03.919Z</time>
      </trkpt>
      <trkpt lat="46.311291" lon="11.603687">
        <ele>1017.1</ele>
        <time>2024-07-14T17:38:45.841Z</time>
      </trkpt>
      <trkpt lat="46.311359" lon="11.603917">
        <ele>1017.5</ele>
        <time>2024-07-14T17:38:56.098Z</time>
      </trkpt>
      <trkpt lat="46.311415" lon="11.604093">
        <ele>1017.8</ele>
        <time>2024-07-14T17:39:04.015Z</time>
      </trkpt>
      <trkpt lat="46.311689" lon="11.604951">
        <ele>1019.2</ele>
        <time>2024-07-14T17:39:42.501Z</time>
      </trkpt>
      <trkpt lat="46.31169" lon="11.605151">
        <ele>1019.6</ele>
        <time>2024-07-14T17:39:50.672Z</time>
      </trkpt>
      <trkpt lat="46.311536" lon="11.606616">
        <ele>1022.5</ele>
        <time>2024-07-14T17:40:52.538Z</time>
      </trkpt>
      <trkpt lat="46.311529" lon="11.606679">
        <ele>1022.6</ele>
        <time>2024-07-14T17:40:55.204Z</time>
      </trkpt>
      <trkpt lat="46.311511" lon="11.606802">
        <ele>1022.9</ele>
        <time>2024-07-14T17:41:00.495Z</time>
      </trkpt>
      <trkpt lat="46.311402" lon="11.607508">
        <ele>1024.4</ele>
        <time>2024-07-14T17:41:30.891Z</time>
      </trkpt>
      <trkpt lat="46.311397" lon="11.607555">
        <ele>1024.6</ele>
        <time>2024-07-14T17:41:32.906Z</time>
      </trkpt>
      <trkpt lat="46.311394" lon="11.60758">
        <ele>1024.6</ele>
        <time>2024-07-14T17:41:34.004Z</time>
      </trkpt>
      <trkpt lat="46.311376" lon="11.607741">
        <ele>1025</ele>
        <time>2024-07-14T17:41:41.072Z</time>
      </trkpt>
      <trkpt lat="46.311333" lon="11.607738">
        <ele>1025.2</ele>
        <time>2024-07-14T17:41:43.772Z</time>
      </trkpt>
      <trkpt lat="46.311182" lon="11.609186">
        <ele>1028.4</ele>
        <time>2024-07-14T17:42:45.918Z</time>
      </trkpt>
      <trkpt lat="46.311204" lon="11.610877">
        <ele>1031.3</ele>
        <time>2024-07-14T17:43:56.416Z</time>
      </trkpt>
      <trkpt lat="46.311109" lon="11.610941">
        <ele>1031.6</ele>
        <time>2024-07-14T17:44:02.673Z</time>
      </trkpt>
      <trkpt lat="46.311071" lon="11.610972">
        <ele>1031.7</ele>
        <time>2024-07-14T17:44:05.329Z</time>
      </trkpt>
      <trkpt lat="46.311044" lon="11.610998">
        <ele>1031.8</ele>
        <time>2024-07-14T17:44:07.304Z</time>
      </trkpt>
      <trkpt lat="46.311214" lon="11.611372">
        <ele>1032.8</ele>
        <time>2024-07-14T17:44:26.148Z</time>
      </trkpt>
      <trkpt lat="46.31125" lon="11.612318">
        <ele>1035.1</ele>
        <time>2024-07-14T17:45:06.472Z</time>
      </trkpt>
      <trkpt lat="46.311265" lon="11.612629">
        <ele>1035.9</ele>
        <time>2024-07-14T17:45:19.833Z</time>
      </trkpt>
      <trkpt lat="46.311402" lon="11.61368">
        <ele>1038.4</ele>
        <time>2024-07-14T17:46:05.505Z</time>
      </trkpt>
      <trkpt lat="46.311466" lon="11.616097">
        <ele>1042.3</ele>
        <time>2024-07-14T17:47:45.785Z</time>
      </trkpt>
      <trkpt lat="46.311403" lon="11.61677">
        <ele>1043.5</ele>
        <time>2024-07-14T17:48:13.647Z</time>
      </trkpt>
      <trkpt lat="46.311459" lon="11.616787">
        <ele>1043.7</ele>
        <time>2024-07-14T17:48:17.091Z</time>
      </trkpt>
      <trkpt lat="46.311441" lon="11.616922">
        <ele>1044</ele>
        <time>2024-07-14T17:48:22.927Z</time>
      </trkpt>
      <trkpt lat="46.311081" lon="11.619542">
        <ele>1051.5</ele>
        <time>2024-07-14T17:50:19.178Z</time>
      </trkpt>
      <trkpt lat="46.311059" lon="11.619879">
        <ele>1052.3</ele>
        <time>2024-07-14T17:50:33.877Z</time>
      </trkpt>
      <trkpt lat="46.311067" lon="11.620027">
        <ele>1052.6</ele>
        <time>2024-07-14T17:50:40.173Z</time>
      </trkpt>
      <trkpt lat="46.311357" lon="11.620998">
        <ele>1054.1</ele>
        <time>2024-07-14T17:51:23.665Z</time>
      </trkpt>
      <trkpt lat="46.311545" lon="11.622027">
        <ele>1055</ele>
        <time>2024-07-14T17:52:06.049Z</time>
      </trkpt>
      <trkpt lat="46.311444" lon="11.622168">
        <ele>1055.1</ele>
        <time>2024-07-14T17:52:13.972Z</time>
      </trkpt>
      <trkpt lat="46.31136" lon="11.623204">
        <ele>1056.2</ele>
        <time>2024-07-14T17:52:55.097Z</time>
      </trkpt>
      <trkpt lat="46.311116" lon="11.625234">
        <ele>1062.1</ele>
        <time>2024-07-14T17:54:22.474Z</time>
      </trkpt>
      <trkpt lat="46.311097" lon="11.626019">
        <ele>1065.5</ele>
        <time>2024-07-14T17:54:57.475Z</time>
      </trkpt>
      <trkpt lat="46.311123" lon="11.626236">
        <ele>1066.4</ele>
        <time>2024-07-14T17:55:07.713Z</time>
      </trkpt>
      <trkpt lat="46.311243" lon="11.626668">
        <ele>1068.2</ele>
        <time>2024-07-14T17:55:29.069Z</time>
      </trkpt>
      <trkpt lat="46.311254" lon="11.626877">
        <ele>1069</ele>
        <time>2024-07-14T17:55:38.597Z</time>
      </trkpt>
      <trkpt lat="46.311228" lon="11.627085">
        <ele>1069.7</ele>
        <time>2024-07-14T17:55:48.141Z</time>
      </trkpt>
      <trkpt lat="46.311014" lon="11.627673">
        <ele>1071.2</ele>
        <time>2024-07-14T17:56:17.059Z</time>
      </trkpt>
      <trkpt lat="46.311006" lon="11.627859">
        <ele>1071.3</ele>
        <time>2024-07-14T17:56:24.804Z</time>
      </trkpt>
      <trkpt lat="46.311113" lon="11.628486">
        <ele>1071.7</ele>
        <time>2024-07-14T17:56:49.707Z</time>
      </trkpt>
      <trkpt lat="46.311096" lon="11.62868">
        <ele>1071.8</ele>
        <time>2024-07-14T17:56:57.184Z</time>
      </trkpt>
      <trkpt lat="46.311045" lon="11.628892">
        <ele>1071.8</ele>
        <time>2024-07-14T17:57:05.578Z</time>
      </trkpt>
      <trkpt lat="46.310895" lon="11.629259">
        <ele>1071.8</ele>
        <time>2024-07-14T17:57:21.511Z</time>
      </trkpt>
      <trkpt lat="46.310947" lon="11.629329">
        <ele>1071.8</ele>
        <time>2024-07-14T17:57:25.350Z</time>
      </trkpt>
      <trkpt lat="46.311006" lon="11.62953">
        <ele>1071.9</ele>
        <time>2024-07-14T17:57:33.526Z</time>
      </trkpt>
      <trkpt lat="46.311014" lon="11.630371">
        <ele>1072.5</ele>
        <time>2024-07-14T17:58:05.959Z</time>
      </trkpt>
      <trkpt lat="46.310967" lon="11.630689">
        <ele>1072.8</ele>
        <time>2024-07-14T17:58:18.631Z</time>
      </trkpt>
      <trkpt lat="46.310957" lon="11.632095">
        <ele>1076.1</ele>
        <time>2024-07-14T17:59:17.705Z</time>
      </trkpt>
      <trkpt lat="46.311084" lon="11.63319">
        <ele>1080.3</ele>
        <time>2024-07-14T18:00:06.525Z</time>
      </trkpt>
      <trkpt lat="46.311125" lon="11.633972">
        <ele>1084</ele>
        <time>2024-07-14T18:00:42.835Z</time>
      </trkpt>
      <trkpt lat="46.311121" lon="11.63472">
        <ele>1087.7</ele>
        <time>2024-07-14T18:01:18.326Z</time>
      </trkpt>
      <trkpt lat="46.311183" lon="11.635432">
        <ele>1091.2</ele>
        <time>2024-07-14T18:01:52.475Z</time>
      </trkpt>
      <trkpt lat="46.311293" lon="11.63595">
        <ele>1093.9</ele>
        <time>2024-07-14T18:02:18.271Z</time>
      </trkpt>
      <trkpt lat="46.31134" lon="11.636516">
        <ele>1096.8</ele>
        <time>2024-07-14T18:02:45.514Z</time>
      </trkpt>
      <trkpt lat="46.31133" lon="11.636942">
        <ele>1099.2</ele>
        <time>2024-07-14T18:03:06.074Z</time>
      </trkpt>
      <trkpt lat="46.311267" lon="11.637311">
        <ele>1101.5</ele>
        <time>2024-07-14T18:03:24.762Z</time>
      </trkpt>
      <trkpt lat="46.311265" lon="11.637479">
        <ele>1102.6</ele>
        <time>2024-07-14T18:03:33.119Z</time>
      </trkpt>
      <trkpt lat="46.311284" lon="11.637698">
        <ele>1104.1</ele>
        <time>2024-07-14T18:03:44.162Z</time>
      </trkpt>
      <trkpt lat="46.311365" lon="11.638027">
        <ele>1106.6</ele>
        <time>2024-07-14T18:04:01.765Z</time>
      </trkpt>
      <trkpt lat="46.311751" lon="11.639228">
        <ele>1116.8</ele>
        <time>2024-07-14T18:05:09.387Z</time>
      </trkpt>
      <trkpt lat="46.311757" lon="11.639383">
        <ele>1118</ele>
        <time>2024-07-14T18:05:17.353Z</time>
      </trkpt>
      <trkpt lat="46.311811" lon="11.639504">
        <ele>1119.2</ele>
        <time>2024-07-14T18:05:24.783Z</time>
      </trkpt>
      <trkpt lat="46.31191" lon="11.640519">
        <ele>1126.9</ele>
        <time>2024-07-14T18:06:17.249Z</time>
      </trkpt>
      <trkpt lat="46.312094" lon="11.641676">
        <ele>1135.4</ele>
        <time>2024-07-14T18:07:17.638Z</time>
      </trkpt>
      <trkpt lat="46.312152" lon="11.642436">
        <ele>1141.2</ele>
        <time>2024-07-14T18:07:56.533Z</time>
      </trkpt>
      <trkpt lat="46.312199" lon="11.6426">
        <ele>1142.6</ele>
        <time>2024-07-14T18:08:05.623Z</time>
      </trkpt>
      <trkpt lat="46.312464" lon="11.64317">
        <ele>1148.4</ele>
        <time>2024-07-14T18:08:41.251Z</time>
      </trkpt>
      <trkpt lat="46.312619" lon="11.643612">
        <ele>1152.7</ele>
        <time>2024-07-14T18:09:07.046Z</time>
      </trkpt>
      <trkpt lat="46.312889" lon="11.644204">
        <ele>1159.5</ele>
        <time>2024-07-14T18:09:44.342Z</time>
      </trkpt>
      <trkpt lat="46.313183" lon="11.644712">
        <ele>1166.2</ele>
        <time>2024-07-14T18:10:19.469Z</time>
      </trkpt>
      <trkpt lat="46.313479" lon="11.645076">
        <ele>1172.3</ele>
        <time>2024-07-14T18:10:49.477Z</time>
      </trkpt>
      <trkpt lat="46.313563" lon="11.645513">
        <ele>1177.4</ele>
        <time>2024-07-14T18:11:13.823Z</time>
      </trkpt>
      <trkpt lat="46.313642" lon="11.645753">
        <ele>1180.4</ele>
        <time>2024-07-14T18:11:28.122Z</time>
      </trkpt>
      <trkpt lat="46.313948" lon="11.646168">
        <ele>1186.8</ele>
        <time>2024-07-14T18:12:00.625Z</time>
      </trkpt>
      <trkpt lat="46.314205" lon="11.646451">
        <ele>1191.3</ele>
        <time>2024-07-14T18:12:25.492Z</time>
      </trkpt>
      <trkpt lat="46.314467" lon="11.646676">
        <ele>1195.4</ele>
        <time>2024-07-14T18:12:48.721Z</time>
      </trkpt>
      <trkpt lat="46.314537" lon="11.646853">
        <ele>1197.2</ele>
        <time>2024-07-14T18:12:59.401Z</time>
      </trkpt>
      <trkpt lat="46.314573" lon="11.647165">
        <ele>1199.9</ele>
        <time>2024-07-14T18:13:15.967Z</time>
      </trkpt>
      <trkpt lat="46.314492" lon="11.647742">
        <ele>1204.4</ele>
        <time>2024-07-14T18:13:46.385Z</time>
      </trkpt>
      <trkpt lat="46.314519" lon="11.648756">
        <ele>1210.3</ele>
        <time>2024-07-14T18:14:36.995Z</time>
      </trkpt>
      <trkpt lat="46.314484" lon="11.648926">
        <ele>1211.3</ele>
        <time>2024-07-14T18:14:45.674Z</time>
      </trkpt>
      <trkpt lat="46.314237" lon="11.649388">
        <ele>1214.1</ele>
        <time>2024-07-14T18:15:13.547Z</time>
      </trkpt>
      <trkpt lat="46.31422" lon="11.649471">
        <ele>1214.5</ele>
        <time>2024-07-14T18:15:17.617Z</time>
      </trkpt>
      <trkpt lat="46.314234" lon="11.649556">
        <ele>1214.9</ele>
        <time>2024-07-14T18:15:21.677Z</time>
      </trkpt>
      <trkpt lat="46.314287" lon="11.649598">
        <ele>1215.2</ele>
        <time>2024-07-14T18:15:25.744Z</time>
      </trkpt>
      <trkpt lat="46.314396" lon="11.649571">
        <ele>1215.9</ele>
        <time>2024-07-14T18:15:33.184Z</time>
      </trkpt>
      <trkpt lat="46.315002" lon="11.64894">
        <ele>1219.8</ele>
        <time>2024-07-14T18:16:22.458Z</time>
      </trkpt>
      <trkpt lat="46.315783" lon="11.648192">
        <ele>1226</ele>
        <time>2024-07-14T18:17:25.161Z</time>
      </trkpt>
      <trkpt lat="46.316149" lon="11.647491">
        <ele>1230.3</ele>
        <time>2024-07-14T18:18:06.661Z</time>
      </trkpt>
      <trkpt lat="46.316236" lon="11.647479">
        <ele>1231</ele>
        <time>2024-07-14T18:18:12.693Z</time>
      </trkpt>
      <trkpt lat="46.316275" lon="11.647587">
        <ele>1231.6</ele>
        <time>2024-07-14T18:18:18.534Z</time>
      </trkpt>
      <trkpt lat="46.316127" lon="11.648052">
        <ele>1234.2</ele>
        <time>2024-07-14T18:18:42.998Z</time>
      </trkpt>
      <trkpt lat="46.316116" lon="11.648144">
        <ele>1234.6</ele>
        <time>2024-07-14T18:18:47.444Z</time>
      </trkpt>
      <trkpt lat="46.316256" lon="11.648912">
        <ele>1238.3</ele>
        <time>2024-07-14T18:19:25.075Z</time>
      </trkpt>
      <trkpt lat="46.315928" lon="11.650455">
        <ele>1245.3</ele>
        <time>2024-07-14T18:20:40.599Z</time>
      </trkpt>
      <trkpt lat="46.315966" lon="11.65125">
        <ele>1249.2</ele>
        <time>2024-07-14T18:21:17.989Z</time>
      </trkpt>
      <trkpt lat="46.315999" lon="11.651388">
        <ele>1249.9</ele>
        <time>2024-07-14T18:21:24.940Z</time>
      </trkpt>
      <trkpt lat="46.316037" lon="11.651416">
        <ele>1250.2</ele>
        <time>2024-07-14T18:21:27.883Z</time>
      </trkpt>
      <trkpt lat="46.316115" lon="11.651402">
        <ele>1250.8</ele>
        <time>2024-07-14T18:21:33.307Z</time>
      </trkpt>
      <trkpt lat="46.316142" lon="11.651356">
        <ele>1251.1</ele>
        <time>2024-07-14T18:21:36.212Z</time>
      </trkpt>
      <trkpt lat="46.31625" lon="11.650886">
        <ele>1253.8</ele>
        <time>2024-07-14T18:22:00.044Z</time>
      </trkpt>
      <trkpt lat="46.316357" lon="11.650732">
        <ele>1255.1</ele>
        <time>2024-07-14T18:22:10.657Z</time>
      </trkpt>
      <trkpt lat="46.316661" lon="11.650486">
        <ele>1258.1</ele>
        <time>2024-07-14T18:22:35.444Z</time>
      </trkpt>
      <trkpt lat="46.316792" lon="11.650342">
        <ele>1259.5</ele>
        <time>2024-07-14T18:22:47.177Z</time>
      </trkpt>
      <trkpt lat="46.316923" lon="11.650127">
        <ele>1261.3</ele>
        <time>2024-07-14T18:23:01.305Z</time>
      </trkpt>
      <trkpt lat="46.317019" lon="11.649956">
        <ele>1262.6</ele>
        <time>2024-07-14T18:23:12.164Z</time>
      </trkpt>
      <trkpt lat="46.317146" lon="11.64941">
        <ele>1266</ele>
        <time>2024-07-14T18:23:40.527Z</time>
      </trkpt>
      <trkpt lat="46.31723" lon="11.649342">
        <ele>1266.8</ele>
        <time>2024-07-14T18:23:47.362Z</time>
      </trkpt>
      <trkpt lat="46.317318" lon="11.649399">
        <ele>1267.6</ele>
        <time>2024-07-14T18:23:54.197Z</time>
      </trkpt>
      <trkpt lat="46.317349" lon="11.649487">
        <ele>1268.2</ele>
        <time>2024-07-14T18:23:59.035Z</time>
      </trkpt>
      <trkpt lat="46.317257" lon="11.65148">
        <ele>1278</ele>
        <time>2024-07-14T18:25:34.531Z</time>
      </trkpt>
      <trkpt lat="46.317053" lon="11.65231">
        <ele>1282.6</ele>
        <time>2024-07-14T18:26:16.581Z</time>
      </trkpt>
      <trkpt lat="46.317035" lon="11.652493">
        <ele>1283.8</ele>
        <time>2024-07-14T18:26:25.529Z</time>
      </trkpt>
      <trkpt lat="46.31706" lon="11.65314">
        <ele>1288.1</ele>
        <time>2024-07-14T18:26:57.945Z</time>
      </trkpt>
      <trkpt lat="46.317038" lon="11.653365">
        <ele>1289.6</ele>
        <time>2024-07-14T18:27:09.305Z</time>
      </trkpt>
      <trkpt lat="46.317003" lon="11.653498">
        <ele>1290.5</ele>
        <time>2024-07-14T18:27:16.471Z</time>
      </trkpt>
      <trkpt lat="46.317087" lon="11.653957">
        <ele>1293.9</ele>
        <time>2024-07-14T18:27:40.372Z</time>
      </trkpt>
      <trkpt lat="46.317027" lon="11.654075">
        <ele>1294.9</ele>
        <time>2024-07-14T18:27:47.777Z</time>
      </trkpt>
      <trkpt lat="46.31694" lon="11.654173">
        <ele>1296.1</ele>
        <time>2024-07-14T18:27:55.866Z</time>
      </trkpt>
      <trkpt lat="46.316467" lon="11.654372">
        <ele>1301.4</ele>
        <time>2024-07-14T18:28:32.166Z</time>
      </trkpt>
      <trkpt lat="46.315839" lon="11.655385">
        <ele>1310.3</ele>
        <time>2024-07-14T18:29:40.659Z</time>
      </trkpt>
      <trkpt lat="46.315212" lon="11.656901">
        <ele>1322.4</ele>
        <time>2024-07-14T18:31:09.287Z</time>
      </trkpt>
      <trkpt lat="46.315014" lon="11.657687">
        <ele>1328.3</ele>
        <time>2024-07-14T18:31:51.454Z</time>
      </trkpt>
      <trkpt lat="46.314884" lon="11.658168">
        <ele>1331.9</ele>
        <time>2024-07-14T18:32:17.549Z</time>
      </trkpt>
      <trkpt lat="46.314773" lon="11.658437">
        <ele>1334</ele>
        <time>2024-07-14T18:32:33.324Z</time>
      </trkpt>
      <trkpt lat="46.313965" lon="11.659726">
        <ele>1344.7</ele>
        <time>2024-07-14T18:33:59.567Z</time>
      </trkpt>
      <trkpt lat="46.313875" lon="11.659979">
        <ele>1346</ele>
        <time>2024-07-14T18:34:13.547Z</time>
      </trkpt>
      <trkpt lat="46.313652" lon="11.660598">
        <ele>1348.9</ele>
        <time>2024-07-14T18:34:45.998Z</time>
      </trkpt>
      <trkpt lat="46.313309" lon="11.660774">
        <ele>1350.5</ele>
        <time>2024-07-14T18:35:09.896Z</time>
      </trkpt>
      <trkpt lat="46.312799" lon="11.661277">
        <ele>1352.1</ele>
        <time>2024-07-14T18:35:47.778Z</time>
      </trkpt>
      <trkpt lat="46.31262" lon="11.66142">
        <ele>1352.3</ele>
        <time>2024-07-14T18:35:59.595Z</time>
      </trkpt>
      <trkpt lat="46.312434" lon="11.661631">
        <ele>1352.3</ele>
        <time>2024-07-14T18:36:12.377Z</time>
      </trkpt>
      <trkpt lat="46.312313" lon="11.661876">
        <ele>1352.2</ele>
        <time>2024-07-14T18:36:23.632Z</time>
      </trkpt>
    </trkseg>
  </trk>
  <trk>
    <name>🚵 Giorno IV</name>
    <extensions>
      <gpx_style:line>
        <gpx_style:color>f6d32d</gpx_style:color>
        <gpx_style:opacity>1</gpx_style:opacity>
        <gpx_style:width>2</gpx_style:width>
      </gpx_style:line>
    </extensions>
    <trkseg>
      <trkpt lat="46.312313" lon="11.661876">
        <ele>1352.2</ele>
        <time>2024-07-17T08:00:00.000Z</time>
      </trkpt>
      <trkpt lat="46.31117" lon="11.661753">
        <ele>1351.7</ele>
        <time>2024-07-17T08:01:03.798Z</time>
      </trkpt>
      <trkpt lat="46.310921" lon="11.661649">
        <ele>1351.4</ele>
        <time>2024-07-17T08:01:18.094Z</time>
      </trkpt>
      <trkpt lat="46.310781" lon="11.661495">
        <ele>1351.2</ele>
        <time>2024-07-17T08:01:27.599Z</time>
      </trkpt>
      <trkpt lat="46.310653" lon="11.661233">
        <ele>1351</ele>
        <time>2024-07-17T08:01:39.584Z</time>
      </trkpt>
      <trkpt lat="46.310319" lon="11.661285">
        <ele>1351</ele>
        <time>2024-07-17T08:01:58.189Z</time>
      </trkpt>
      <trkpt lat="46.310063" lon="11.661591">
        <ele>1351.3</ele>
        <time>2024-07-17T08:02:17.419Z</time>
      </trkpt>
      <trkpt lat="46.309915" lon="11.661592">
        <ele>1351.3</ele>
        <time>2024-07-17T08:02:25.992Z</time>
      </trkpt>
      <trkpt lat="46.309897" lon="11.661585">
        <ele>1351.3</ele>
        <time>2024-07-17T08:02:27.050Z</time>
      </trkpt>
      <trkpt lat="46.309915" lon="11.661592">
        <ele>1351.3</ele>
        <time>2024-07-17T08:02:28.108Z</time>
      </trkpt>
      <trkpt lat="46.310063" lon="11.661591">
        <ele>1351.3</ele>
        <time>2024-07-17T08:02:36.511Z</time>
      </trkpt>
      <trkpt lat="46.310319" lon="11.661285">
        <ele>1351</ele>
        <time>2024-07-17T08:02:54.977Z</time>
      </trkpt>
      <trkpt lat="46.310653" lon="11.661233">
        <ele>1351</ele>
        <time>2024-07-17T08:03:13.665Z</time>
      </trkpt>
      <trkpt lat="46.310781" lon="11.661495">
        <ele>1351.2</ele>
        <time>2024-07-17T08:03:26.560Z</time>
      </trkpt>
      <trkpt lat="46.310921" lon="11.661649">
        <ele>1351.4</ele>
        <time>2024-07-17T08:03:37.020Z</time>
      </trkpt>
      <trkpt lat="46.31117" lon="11.661753">
        <ele>1351.7</ele>
        <time>2024-07-17T08:03:52.437Z</time>
      </trkpt>
      <trkpt lat="46.312313" lon="11.661876">
        <ele>1355.8</ele>
        <time>2024-07-17T08:05:05.837Z</time>
      </trkpt>
      <trkpt lat="46.312705" lon="11.66194">
        <ele>1358.2</ele>
        <time>2024-07-17T08:05:32.290Z</time>
      </trkpt>
      <trkpt lat="46.312849" lon="11.662069">
        <ele>1359.2</ele>
        <time>2024-07-17T08:05:44.340Z</time>
      </trkpt>
      <trkpt lat="46.313104" lon="11.662217">
        <ele>1361</ele>
        <time>2024-07-17T08:06:03.987Z</time>
      </trkpt>
      <trkpt lat="46.313075" lon="11.662312">
        <ele>1361.5</ele>
        <time>2024-07-17T08:06:09.126Z</time>
      </trkpt>
      <trkpt lat="46.31301" lon="11.662532">
        <ele>1362.6</ele>
        <time>2024-07-17T08:06:21.021Z</time>
      </trkpt>
      <trkpt lat="46.312865" lon="11.662989">
        <ele>1365.1</ele>
        <time>2024-07-17T08:06:46.253Z</time>
      </trkpt>
      <trkpt lat="46.312785" lon="11.663368">
        <ele>1366.7</ele>
        <time>2024-07-17T08:07:05.934Z</time>
      </trkpt>
      <trkpt lat="46.31248" lon="11.664836">
        <ele>1372.2</ele>
        <time>2024-07-17T08:08:19.447Z</time>
      </trkpt>
      <trkpt lat="46.312213" lon="11.666217">
        <ele>1377.6</ele>
        <time>2024-07-17T08:09:28.199Z</time>
      </trkpt>
      <trkpt lat="46.312185" lon="11.666729">
        <ele>1379.5</ele>
        <time>2024-07-17T08:09:52.900Z</time>
      </trkpt>
      <trkpt lat="46.312172" lon="11.667148">
        <ele>1381</ele>
        <time>2024-07-17T08:10:12.982Z</time>
      </trkpt>
      <trkpt lat="46.312135" lon="11.669174">
        <ele>1389.4</ele>
        <time>2024-07-17T08:11:51.663Z</time>
      </trkpt>
      <trkpt lat="46.312104" lon="11.669388">
        <ele>1390.4</ele>
        <time>2024-07-17T08:12:02.379Z</time>
      </trkpt>
      <trkpt lat="46.312036" lon="11.669613">
        <ele>1391.5</ele>
        <time>2024-07-17T08:12:14.559Z</time>
      </trkpt>
      <trkpt lat="46.311488" lon="11.670884">
        <ele>1398</ele>
        <time>2024-07-17T08:13:28.473Z</time>
      </trkpt>
      <trkpt lat="46.311244" lon="11.671784">
        <ele>1401.6</ele>
        <time>2024-07-17T08:14:15.643Z</time>
      </trkpt>
      <trkpt lat="46.310967" lon="11.672802">
        <ele>1404.9</ele>
        <time>2024-07-17T08:15:07.357Z</time>
      </trkpt>
      <trkpt lat="46.310918" lon="11.673116">
        <ele>1405.7</ele>
        <time>2024-07-17T08:15:22.254Z</time>
      </trkpt>
      <trkpt lat="46.310928" lon="11.673455">
        <ele>1406.4</ele>
        <time>2024-07-17T08:15:37.472Z</time>
      </trkpt>
      <trkpt lat="46.311052" lon="11.674304">
        <ele>1407.7</ele>
        <time>2024-07-17T08:16:15.120Z</time>
      </trkpt>
      <trkpt lat="46.311183" lon="11.675083">
        <ele>1408.1</ele>
        <time>2024-07-17T08:16:48.635Z</time>
      </trkpt>
      <trkpt lat="46.311261" lon="11.675376">
        <ele>1408</ele>
        <time>2024-07-17T08:17:01.165Z</time>
      </trkpt>
      <trkpt lat="46.311502" lon="11.675981">
        <ele>1407.4</ele>
        <time>2024-07-17T08:17:27.326Z</time>
      </trkpt>
      <trkpt lat="46.311556" lon="11.675983">
        <ele>1407.3</ele>
        <time>2024-07-17T08:17:30.201Z</time>
      </trkpt>
      <trkpt lat="46.311572" lon="11.676028">
        <ele>1407.2</ele>
        <time>2024-07-17T08:17:32.028Z</time>
      </trkpt>
      <trkpt lat="46.31164" lon="11.676082">
        <ele>1407.1</ele>
        <time>2024-07-17T08:17:36.078Z</time>
      </trkpt>
      <trkpt lat="46.312357" lon="11.677967">
        <ele>1408.2</ele>
        <time>2024-07-17T08:19:02.307Z</time>
      </trkpt>
      <trkpt lat="46.31248" lon="11.678232">
        <ele>1409.8</ele>
        <time>2024-07-17T08:19:16.081Z</time>
      </trkpt>
      <trkpt lat="46.31262" lon="11.678439">
        <ele>1411.4</ele>
        <time>2024-07-17T08:19:30.817Z</time>
      </trkpt>
      <trkpt lat="46.313082" lon="11.678912">
        <ele>1417.3</ele>
        <time>2024-07-17T08:20:13.874Z</time>
      </trkpt>
      <trkpt lat="46.313289" lon="11.679088">
        <ele>1419.6</ele>
        <time>2024-07-17T08:20:32.226Z</time>
      </trkpt>
      <trkpt lat="46.313341" lon="11.679237">
        <ele>1420.4</ele>
        <time>2024-07-17T08:20:40.651Z</time>
      </trkpt>
      <trkpt lat="46.313304" lon="11.679339">
        <ele>1420.9</ele>
        <time>2024-07-17T08:20:46.423Z</time>
      </trkpt>
      <trkpt lat="46.313168" lon="11.679548">
        <ele>1421.9</ele>
        <time>2024-07-17T08:21:00.579Z</time>
      </trkpt>
      <trkpt lat="46.313101" lon="11.679583">
        <ele>1422.2</ele>
        <time>2024-07-17T08:21:05.466Z</time>
      </trkpt>
      <trkpt lat="46.313003" lon="11.67954">
        <ele>1422.4</ele>
        <time>2024-07-17T08:21:12.381Z</time>
      </trkpt>
      <trkpt lat="46.311583" lon="11.678676">
        <ele>1413.4</ele>
        <time>2024-07-17T08:22:25.023Z</time>
      </trkpt>
      <trkpt lat="46.311479" lon="11.678625">
        <ele>1412.7</ele>
        <time>2024-07-17T08:22:29.743Z</time>
      </trkpt>
      <trkpt lat="46.31133" lon="11.678623">
        <ele>1411.8</ele>
        <time>2024-07-17T08:22:36.319Z</time>
      </trkpt>
      <trkpt lat="46.311148" lon="11.678723">
        <ele>1410.8</ele>
        <time>2024-07-17T08:22:44.907Z</time>
      </trkpt>
      <trkpt lat="46.311081" lon="11.678811">
        <ele>1410.5</ele>
        <time>2024-07-17T08:22:49.071Z</time>
      </trkpt>
      <trkpt lat="46.310921" lon="11.679198">
        <ele>1409.4</ele>
        <time>2024-07-17T08:23:03.415Z</time>
      </trkpt>
      <trkpt lat="46.310622" lon="11.680379">
        <ele>1409.8</ele>
        <time>2024-07-17T08:23:51.003Z</time>
      </trkpt>
      <trkpt lat="46.310418" lon="11.680865">
        <ele>1411.6</ele>
        <time>2024-07-17T08:24:15.041Z</time>
      </trkpt>
      <trkpt lat="46.310293" lon="11.681086">
        <ele>1412.7</ele>
        <time>2024-07-17T08:24:28.570Z</time>
      </trkpt>
      <trkpt lat="46.310216" lon="11.681611">
        <ele>1414.9</ele>
        <time>2024-07-17T08:24:54.667Z</time>
      </trkpt>
      <trkpt lat="46.310189" lon="11.681755">
        <ele>1415.7</ele>
        <time>2024-07-17T08:25:02.046Z</time>
      </trkpt>
      <trkpt lat="46.310131" lon="11.681874">
        <ele>1416.4</ele>
        <time>2024-07-17T08:25:09.415Z</time>
      </trkpt>
      <trkpt lat="46.309824" lon="11.682519">
        <ele>1421.1</ele>
        <time>2024-07-17T08:25:49.879Z</time>
      </trkpt>
      <trkpt lat="46.309103" lon="11.684101">
        <ele>1430.4</ele>
        <time>2024-07-17T08:27:26.209Z</time>
      </trkpt>
      <trkpt lat="46.3088" lon="11.686413">
        <ele>1441.3</ele>
        <time>2024-07-17T08:29:23.905Z</time>
      </trkpt>
      <trkpt lat="46.308785" lon="11.686815">
        <ele>1443.7</ele>
        <time>2024-07-17T08:29:44.091Z</time>
      </trkpt>
      <trkpt lat="46.308849" lon="11.687249">
        <ele>1446.6</ele>
        <time>2024-07-17T08:30:07.350Z</time>
      </trkpt>
      <trkpt lat="46.30901" lon="11.687842">
        <ele>1451.2</ele>
        <time>2024-07-17T08:30:41.309Z</time>
      </trkpt>
      <trkpt lat="46.309452" lon="11.688877">
        <ele>1461</ele>
        <time>2024-07-17T08:31:47.317Z</time>
      </trkpt>
      <trkpt lat="46.310107" lon="11.690217">
        <ele>1474.4</ele>
        <time>2024-07-17T08:33:16.950Z</time>
      </trkpt>
      <trkpt lat="46.310576" lon="11.69091">
        <ele>1481.9</ele>
        <time>2024-07-17T08:34:09.814Z</time>
      </trkpt>
      <trkpt lat="46.31067" lon="11.690968">
        <ele>1483</ele>
        <time>2024-07-17T08:34:17.815Z</time>
      </trkpt>
      <trkpt lat="46.31075" lon="11.690927">
        <ele>1483.9</ele>
        <time>2024-07-17T08:34:24.425Z</time>
      </trkpt>
      <trkpt lat="46.310785" lon="11.69083">
        <ele>1484.7</ele>
        <time>2024-07-17T08:34:30.313Z</time>
      </trkpt>
      <trkpt lat="46.310644" lon="11.690039">
        <ele>1490.1</ele>
        <time>2024-07-17T08:35:13.763Z</time>
      </trkpt>
      <trkpt lat="46.310589" lon="11.689578">
        <ele>1492.7</ele>
        <time>2024-07-17T08:35:38.255Z</time>
      </trkpt>
      <trkpt lat="46.310673" lon="11.689128">
        <ele>1495.2</ele>
        <time>2024-07-17T08:36:02.124Z</time>
      </trkpt>
      <trkpt lat="46.310716" lon="11.689456">
        <ele>1497</ele>
        <time>2024-07-17T08:36:19.174Z</time>
      </trkpt>
      <trkpt lat="46.310881" lon="11.689752">
        <ele>1498.9</ele>
        <time>2024-07-17T08:36:38.477Z</time>
      </trkpt>
      <trkpt lat="46.311066" lon="11.69028">
        <ele>1502</ele>
        <time>2024-07-17T08:37:08.483Z</time>
      </trkpt>
      <trkpt lat="46.311204" lon="11.691109">
        <ele>1506.7</ele>
        <time>2024-07-17T08:37:52.063Z</time>
      </trkpt>
      <trkpt lat="46.311337" lon="11.69211">
        <ele>1512.4</ele>
        <time>2024-07-17T08:38:44.411Z</time>
      </trkpt>
      <trkpt lat="46.311422" lon="11.692915">
        <ele>1516.8</ele>
        <time>2024-07-17T08:39:26.173Z</time>
      </trkpt>
      <trkpt lat="46.311493" lon="11.694025">
        <ele>1523.3</ele>
        <time>2024-07-17T08:40:23.585Z</time>
      </trkpt>
      <trkpt lat="46.311539" lon="11.694672">
        <ele>1527.8</ele>
        <time>2024-07-17T08:40:57.643Z</time>
      </trkpt>
      <trkpt lat="46.311619" lon="11.697118">
        <ele>1546.7</ele>
        <time>2024-07-17T08:43:09.904Z</time>
      </trkpt>
      <trkpt lat="46.311566" lon="11.697527">
        <ele>1549.1</ele>
        <time>2024-07-17T08:43:32.327Z</time>
      </trkpt>
      <trkpt lat="46.311575" lon="11.697878">
        <ele>1551.1</ele>
        <time>2024-07-17T08:43:50.462Z</time>
      </trkpt>
      <trkpt lat="46.311618" lon="11.698229">
        <ele>1553.1</ele>
        <time>2024-07-17T08:44:08.823Z</time>
      </trkpt>
      <trkpt lat="46.311458" lon="11.698437">
        <ele>1554.9</ele>
        <time>2024-07-17T08:44:24.890Z</time>
      </trkpt>
      <trkpt lat="46.31137" lon="11.698721">
        <ele>1556.7</ele>
        <time>2024-07-17T08:44:40.984Z</time>
      </trkpt>
      <trkpt lat="46.311552" lon="11.69968">
        <ele>1563.9</ele>
        <time>2024-07-17T08:45:33.663Z</time>
      </trkpt>
      <trkpt lat="46.311734" lon="11.701035">
        <ele>1578</ele>
        <time>2024-07-17T08:46:50.090Z</time>
      </trkpt>
      <trkpt lat="46.312047" lon="11.701895">
        <ele>1587.5</ele>
        <time>2024-07-17T08:47:44.670Z</time>
      </trkpt>
      <trkpt lat="46.312149" lon="11.702103">
        <ele>1589.7</ele>
        <time>2024-07-17T08:47:58.829Z</time>
      </trkpt>
      <trkpt lat="46.312091" lon="11.702262">
        <ele>1591.1</ele>
        <time>2024-07-17T08:48:08.623Z</time>
      </trkpt>
      <trkpt lat="46.312112" lon="11.70245">
        <ele>1592.6</ele>
        <time>2024-07-17T08:48:18.997Z</time>
      </trkpt>
      <trkpt lat="46.312213" lon="11.702622">
        <ele>1594.3</ele>
        <time>2024-07-17T08:48:31.294Z</time>
      </trkpt>
      <trkpt lat="46.312362" lon="11.703068">
        <ele>1597.6</ele>
        <time>2024-07-17T08:48:57.875Z</time>
      </trkpt>
      <trkpt lat="46.312279" lon="11.703564">
        <ele>1600.5</ele>
        <time>2024-07-17T08:49:24.551Z</time>
      </trkpt>
      <trkpt lat="46.312507" lon="11.704397">
        <ele>1605.2</ele>
        <time>2024-07-17T08:50:10.350Z</time>
      </trkpt>
      <trkpt lat="46.312444" lon="11.704638">
        <ele>1606.7</ele>
        <time>2024-07-17T08:50:23.507Z</time>
      </trkpt>
      <trkpt lat="46.312428" lon="11.705118">
        <ele>1609.3</ele>
        <time>2024-07-17T08:50:48.185Z</time>
      </trkpt>
      <trkpt lat="46.31256" lon="11.706308">
        <ele>1615.3</ele>
        <time>2024-07-17T08:51:49.187Z</time>
      </trkpt>
      <trkpt lat="46.312527" lon="11.706936">
        <ele>1617.9</ele>
        <time>2024-07-17T08:52:20.609Z</time>
      </trkpt>
      <trkpt lat="46.312659" lon="11.708622">
        <ele>1623.6</ele>
        <time>2024-07-17T08:53:41.585Z</time>
      </trkpt>
      <trkpt lat="46.312643" lon="11.709316">
        <ele>1626</ele>
        <time>2024-07-17T08:54:14.461Z</time>
      </trkpt>
      <trkpt lat="46.312654" lon="11.70977">
        <ele>1627.7</ele>
        <time>2024-07-17T08:54:36.142Z</time>
      </trkpt>
      <trkpt lat="46.312288" lon="11.710833">
        <ele>1633.8</ele>
        <time>2024-07-17T08:55:35.534Z</time>
      </trkpt>
      <trkpt lat="46.312068" lon="11.711817">
        <ele>1639.9</ele>
        <time>2024-07-17T08:56:28.543Z</time>
      </trkpt>
      <trkpt lat="46.312042" lon="11.71235">
        <ele>1642.9</ele>
        <time>2024-07-17T08:56:56.185Z</time>
      </trkpt>
      <trkpt lat="46.312073" lon="11.712601">
        <ele>1644.4</ele>
        <time>2024-07-17T08:57:09.339Z</time>
      </trkpt>
      <trkpt lat="46.312197" lon="11.713175">
        <ele>1647.6</ele>
        <time>2024-07-17T08:57:40.160Z</time>
      </trkpt>
      <trkpt lat="46.312396" lon="11.713767">
        <ele>1650.9</ele>
        <time>2024-07-17T08:58:13.547Z</time>
      </trkpt>
      <trkpt lat="46.312598" lon="11.714191">
        <ele>1653.2</ele>
        <time>2024-07-17T08:58:39.323Z</time>
      </trkpt>
      <trkpt lat="46.312929" lon="11.715218">
        <ele>1660</ele>
        <time>2024-07-17T08:59:37.461Z</time>
      </trkpt>
      <trkpt lat="46.312852" lon="11.7162">
        <ele>1668.7</ele>
        <time>2024-07-17T09:00:30.567Z</time>
      </trkpt>
      <trkpt lat="46.312884" lon="11.716678">
        <ele>1673.1</ele>
        <time>2024-07-17T09:00:57.137Z</time>
      </trkpt>
      <trkpt lat="46.312845" lon="11.717576">
        <ele>1679.7</ele>
        <time>2024-07-17T09:01:46.133Z</time>
      </trkpt>
      <trkpt lat="46.312813" lon="11.718084">
        <ele>1682.4</ele>
        <time>2024-07-17T09:02:13.097Z</time>
      </trkpt>
      <trkpt lat="46.312865" lon="11.719415">
        <ele>1683.1</ele>
        <time>2024-07-17T09:03:11.539Z</time>
      </trkpt>
      <trkpt lat="46.312837" lon="11.720031">
        <ele>1680.7</ele>
        <time>2024-07-17T09:03:34.382Z</time>
      </trkpt>
      <trkpt lat="46.312692" lon="11.720622">
        <ele>1677.7</ele>
        <time>2024-07-17T09:03:52.686Z</time>
      </trkpt>
      <trkpt lat="46.311885" lon="11.722741">
        <ele>1663.8</ele>
        <time>2024-07-17T09:04:58.248Z</time>
      </trkpt>
      <trkpt lat="46.311378" lon="11.723268">
        <ele>1660.6</ele>
        <time>2024-07-17T09:05:23.321Z</time>
      </trkpt>
      <trkpt lat="46.310837" lon="11.723985">
        <ele>1658.7</ele>
        <time>2024-07-17T09:05:58.187Z</time>
      </trkpt>
      <trkpt lat="46.310616" lon="11.724139">
        <ele>1658.5</ele>
        <time>2024-07-17T09:06:10.786Z</time>
      </trkpt>
      <trkpt lat="46.31035" lon="11.72419">
        <ele>1658.5</ele>
        <time>2024-07-17T09:06:25.753Z</time>
      </trkpt>
      <trkpt lat="46.310064" lon="11.724489">
        <ele>1658.5</ele>
        <time>2024-07-17T09:06:45.784Z</time>
      </trkpt>
      <trkpt lat="46.309502" lon="11.725845">
        <ele>1658.5</ele>
        <time>2024-07-17T09:07:47.804Z</time>
      </trkpt>
      <trkpt lat="46.308857" lon="11.726688">
        <ele>1656.2</ele>
        <time>2024-07-17T09:08:34.550Z</time>
      </trkpt>
      <trkpt lat="46.308097" lon="11.728076">
        <ele>1647.4</ele>
        <time>2024-07-17T09:09:28.599Z</time>
      </trkpt>
      <trkpt lat="46.307122" lon="11.729316">
        <ele>1634.3</ele>
        <time>2024-07-17T09:10:18.214Z</time>
      </trkpt>
      <trkpt lat="46.306835" lon="11.729477">
        <ele>1631.1</ele>
        <time>2024-07-17T09:10:29.376Z</time>
      </trkpt>
      <trkpt lat="46.306527" lon="11.729564">
        <ele>1627.7</ele>
        <time>2024-07-17T09:10:40.583Z</time>
      </trkpt>
      <trkpt lat="46.305395" lon="11.729599">
        <ele>1613.5</ele>
        <time>2024-07-17T09:11:19.203Z</time>
      </trkpt>
      <trkpt lat="46.305435" lon="11.729676">
        <ele>1612.5</ele>
        <time>2024-07-17T09:11:21.409Z</time>
      </trkpt>
      <trkpt lat="46.305755" lon="11.729977">
        <ele>1606.7</ele>
        <time>2024-07-17T09:11:33.571Z</time>
      </trkpt>
      <trkpt lat="46.305855" lon="11.730105">
        <ele>1604.6</ele>
        <time>2024-07-17T09:11:37.812Z</time>
      </trkpt>
      <trkpt lat="46.305899" lon="11.730291">
        <ele>1602.5</ele>
        <time>2024-07-17T09:11:42.142Z</time>
      </trkpt>
      <trkpt lat="46.305879" lon="11.730732">
        <ele>1598</ele>
        <time>2024-07-17T09:11:51.877Z</time>
      </trkpt>
      <trkpt lat="46.305973" lon="11.731055">
        <ele>1594.6</ele>
        <time>2024-07-17T09:11:59.672Z</time>
      </trkpt>
      <trkpt lat="46.305939" lon="11.731371">
        <ele>1591.8</ele>
        <time>2024-07-17T09:12:06.980Z</time>
      </trkpt>
      <trkpt lat="46.305963" lon="11.731777">
        <ele>1588.5</ele>
        <time>2024-07-17T09:12:16.588Z</time>
      </trkpt>
      <trkpt lat="46.306068" lon="11.731977">
        <ele>1586.7</ele>
        <time>2024-07-17T09:12:22.778Z</time>
      </trkpt>
      <trkpt lat="46.306303" lon="11.732132">
        <ele>1584.2</ele>
        <time>2024-07-17T09:12:32.205Z</time>
      </trkpt>
      <trkpt lat="46.306694" lon="11.732154">
        <ele>1580.5</ele>
        <time>2024-07-17T09:12:46.607Z</time>
      </trkpt>
      <trkpt lat="46.307337" lon="11.732264">
        <ele>1573.8</ele>
        <time>2024-07-17T09:13:10.199Z</time>
      </trkpt>
      <trkpt lat="46.307624" lon="11.732222">
        <ele>1570.2</ele>
        <time>2024-07-17T09:13:20.376Z</time>
      </trkpt>
      <trkpt lat="46.308448" lon="11.731939">
        <ele>1558</ele>
        <time>2024-07-17T09:13:48.055Z</time>
      </trkpt>
      <trkpt lat="46.308782" lon="11.731703">
        <ele>1553</ele>
        <time>2024-07-17T09:14:00.150Z</time>
      </trkpt>
      <trkpt lat="46.309072" lon="11.731779">
        <ele>1549.3</ele>
        <time>2024-07-17T09:14:09.975Z</time>
      </trkpt>
      <trkpt lat="46.30937" lon="11.731547">
        <ele>1545.3</ele>
        <time>2024-07-17T09:14:21.519Z</time>
      </trkpt>
      <trkpt lat="46.309505" lon="11.731519">
        <ele>1543.9</ele>
        <time>2024-07-17T09:14:26.331Z</time>
      </trkpt>
      <trkpt lat="46.309592" lon="11.7315">
        <ele>1543</ele>
        <time>2024-07-17T09:14:29.530Z</time>
      </trkpt>
      <trkpt lat="46.309684" lon="11.731481">
        <ele>1542.1</ele>
        <time>2024-07-17T09:14:32.942Z</time>
      </trkpt>
      <trkpt lat="46.309743" lon="11.73187">
        <ele>1539.5</ele>
        <time>2024-07-17T09:14:43.043Z</time>
      </trkpt>
      <trkpt lat="46.309743" lon="11.732175">
        <ele>1537.9</ele>
        <time>2024-07-17T09:14:51.170Z</time>
      </trkpt>
      <trkpt lat="46.309606" lon="11.732235">
        <ele>1536.9</ele>
        <time>2024-07-17T09:14:56.944Z</time>
      </trkpt>
      <trkpt lat="46.30916" lon="11.732592">
        <ele>1533.7</ele>
        <time>2024-07-17T09:15:18.068Z</time>
      </trkpt>
      <trkpt lat="46.30907" lon="11.732648">
        <ele>1533.1</ele>
        <time>2024-07-17T09:15:22.212Z</time>
      </trkpt>
      <trkpt lat="46.308506" lon="11.733051">
        <ele>1529.3</ele>
        <time>2024-07-17T09:15:49.062Z</time>
      </trkpt>
      <trkpt lat="46.308012" lon="11.73351">
        <ele>1526.1</ele>
        <time>2024-07-17T09:16:14.459Z</time>
      </trkpt>
      <trkpt lat="46.30786" lon="11.733683">
        <ele>1525.4</ele>
        <time>2024-07-17T09:16:23.123Z</time>
      </trkpt>
      <trkpt lat="46.307455" lon="11.734792">
        <ele>1522.2</ele>
        <time>2024-07-17T09:17:04.467Z</time>
      </trkpt>
      <trkpt lat="46.307352" lon="11.734832">
        <ele>1521.6</ele>
        <time>2024-07-17T09:17:09.377Z</time>
      </trkpt>
      <trkpt lat="46.307272" lon="11.734777">
        <ele>1521.1</ele>
        <time>2024-07-17T09:17:13.181Z</time>
      </trkpt>
      <trkpt lat="46.307199" lon="11.734726">
        <ele>1520.7</ele>
        <time>2024-07-17T09:17:16.661Z</time>
      </trkpt>
      <trkpt lat="46.307136" lon="11.734683">
        <ele>1520.2</ele>
        <time>2024-07-17T09:17:19.652Z</time>
      </trkpt>
      <trkpt lat="46.307061" lon="11.734704">
        <ele>1519.7</ele>
        <time>2024-07-17T09:17:22.933Z</time>
      </trkpt>
      <trkpt lat="46.306867" lon="11.735182">
        <ele>1516.9</ele>
        <time>2024-07-17T09:17:38.901Z</time>
      </trkpt>
      <trkpt lat="46.306711" lon="11.735451">
        <ele>1514.9</ele>
        <time>2024-07-17T09:17:48.515Z</time>
      </trkpt>
      <trkpt lat="46.306534" lon="11.735577">
        <ele>1513.3</ele>
        <time>2024-07-17T09:17:56.205Z</time>
      </trkpt>
      <trkpt lat="46.305881" lon="11.736257">
        <ele>1505.6</ele>
        <time>2024-07-17T09:18:26.501Z</time>
      </trkpt>
      <trkpt lat="46.305979" lon="11.736299">
        <ele>1505</ele>
        <time>2024-07-17T09:18:30.481Z</time>
      </trkpt>
      <trkpt lat="46.306132" lon="11.736387">
        <ele>1504</ele>
        <time>2024-07-17T09:18:37.711Z</time>
      </trkpt>
      <trkpt lat="46.306244" lon="11.736521">
        <ele>1503.3</ele>
        <time>2024-07-17T09:18:44.094Z</time>
      </trkpt>
      <trkpt lat="46.306288" lon="11.736657">
        <ele>1502.8</ele>
        <time>2024-07-17T09:18:48.650Z</time>
      </trkpt>
      <trkpt lat="46.306512" lon="11.738436">
        <ele>1503.3</ele>
        <time>2024-07-17T09:19:56.326Z</time>
      </trkpt>
      <trkpt lat="46.306624" lon="11.73896">
        <ele>1504.3</ele>
        <time>2024-07-17T09:20:18.729Z</time>
      </trkpt>
      <trkpt lat="46.306717" lon="11.739279">
        <ele>1504.9</ele>
        <time>2024-07-17T09:20:33.841Z</time>
      </trkpt>
      <trkpt lat="46.306755" lon="11.739392">
        <ele>1505.1</ele>
        <time>2024-07-17T09:20:39.306Z</time>
      </trkpt>
      <trkpt lat="46.306934" lon="11.739885">
        <ele>1505.9</ele>
        <time>2024-07-17T09:21:03.331Z</time>
      </trkpt>
      <trkpt lat="46.307139" lon="11.74032">
        <ele>1506.6</ele>
        <time>2024-07-17T09:21:25.825Z</time>
      </trkpt>
      <trkpt lat="46.307458" lon="11.740912">
        <ele>1507.2</ele>
        <time>2024-07-17T09:21:57.212Z</time>
      </trkpt>
      <trkpt lat="46.307566" lon="11.741197">
        <ele>1507.4</ele>
        <time>2024-07-17T09:22:10.567Z</time>
      </trkpt>
      <trkpt lat="46.307574" lon="11.74135">
        <ele>1507.5</ele>
        <time>2024-07-17T09:22:16.830Z</time>
      </trkpt>
      <trkpt lat="46.30753" lon="11.742121">
        <ele>1508.1</ele>
        <time>2024-07-17T09:22:48.588Z</time>
      </trkpt>
      <trkpt lat="46.307674" lon="11.743476">
        <ele>1510.5</ele>
        <time>2024-07-17T09:23:47.202Z</time>
      </trkpt>
      <trkpt lat="46.307736" lon="11.743967">
        <ele>1512</ele>
        <time>2024-07-17T09:24:09.372Z</time>
      </trkpt>
      <trkpt lat="46.307797" lon="11.744272">
        <ele>1513</ele>
        <time>2024-07-17T09:24:24.184Z</time>
      </trkpt>
      <trkpt lat="46.308034" lon="11.745111">
        <ele>1516.6</ele>
        <time>2024-07-17T09:25:07.799Z</time>
      </trkpt>
      <trkpt lat="46.308203" lon="11.745541">
        <ele>1518.7</ele>
        <time>2024-07-17T09:25:31.922Z</time>
      </trkpt>
      <trkpt lat="46.308186" lon="11.745631">
        <ele>1519.1</ele>
        <time>2024-07-17T09:25:36.440Z</time>
      </trkpt>
      <trkpt lat="46.308208" lon="11.745737">
        <ele>1519.5</ele>
        <time>2024-07-17T09:25:41.800Z</time>
      </trkpt>
      <trkpt lat="46.308349" lon="11.745876">
        <ele>1520.3</ele>
        <time>2024-07-17T09:25:53.307Z</time>
      </trkpt>
      <trkpt lat="46.308564" lon="11.74601">
        <ele>1521.1</ele>
        <time>2024-07-17T09:26:08.791Z</time>
      </trkpt>
      <trkpt lat="46.308723" lon="11.746157">
        <ele>1521.5</ele>
        <time>2024-07-17T09:26:20.895Z</time>
      </trkpt>
      <trkpt lat="46.308788" lon="11.746251">
        <ele>1521.7</ele>
        <time>2024-07-17T09:26:26.646Z</time>
      </trkpt>
      <trkpt lat="46.308847" lon="11.746411">
        <ele>1521.9</ele>
        <time>2024-07-17T09:26:34.322Z</time>
      </trkpt>
      <trkpt lat="46.30886" lon="11.746674">
        <ele>1522.2</ele>
        <time>2024-07-17T09:26:45.522Z</time>
      </trkpt>
      <trkpt lat="46.308809" lon="11.746778">
        <ele>1522.3</ele>
        <time>2024-07-17T09:26:50.914Z</time>
      </trkpt>
      <trkpt lat="46.308718" lon="11.746815">
        <ele>1522.5</ele>
        <time>2024-07-17T09:26:56.684Z</time>
      </trkpt>
      <trkpt lat="46.308689" lon="11.746817">
        <ele>1522.6</ele>
        <time>2024-07-17T09:26:58.466Z</time>
      </trkpt>
      <trkpt lat="46.308684" lon="11.746818">
        <ele>1522.6</ele>
        <time>2024-07-17T09:26:58.775Z</time>
      </trkpt>
      <trkpt lat="46.308614" lon="11.746824">
        <ele>1522.7</ele>
        <time>2024-07-17T09:27:03.079Z</time>
      </trkpt>
      <trkpt lat="46.308315" lon="11.746851">
        <ele>1523.3</ele>
        <time>2024-07-17T09:27:21.510Z</time>
      </trkpt>
      <trkpt lat="46.308051" lon="11.746897">
        <ele>1523.7</ele>
        <time>2024-07-17T09:27:37.829Z</time>
      </trkpt>
      <trkpt lat="46.307907" lon="11.746986">
        <ele>1524</ele>
        <time>2024-07-17T09:27:47.480Z</time>
      </trkpt>
      <trkpt lat="46.307938" lon="11.747197">
        <ele>1524.4</ele>
        <time>2024-07-17T09:27:56.666Z</time>
      </trkpt>
      <trkpt lat="46.307947" lon="11.748185">
        <ele>1527.8</ele>
        <time>2024-07-17T09:28:42.332Z</time>
      </trkpt>
      <trkpt lat="46.308014" lon="11.748345">
        <ele>1528.7</ele>
        <time>2024-07-17T09:28:51.371Z</time>
      </trkpt>
      <trkpt lat="46.308058" lon="11.748449">
        <ele>1529.4</ele>
        <time>2024-07-17T09:28:57.559Z</time>
      </trkpt>
      <trkpt lat="46.308177" lon="11.748998">
        <ele>1532.5</ele>
        <time>2024-07-17T09:29:26.887Z</time>
      </trkpt>
      <trkpt lat="46.308113" lon="11.749625">
        <ele>1535.9</ele>
        <time>2024-07-17T09:29:59.256Z</time>
      </trkpt>
      <trkpt lat="46.308049" lon="11.749857">
        <ele>1537.2</ele>
        <time>2024-07-17T09:30:11.991Z</time>
      </trkpt>
      <trkpt lat="46.308057" lon="11.750045">
        <ele>1538.2</ele>
        <time>2024-07-17T09:30:21.571Z</time>
      </trkpt>
      <trkpt lat="46.308271" lon="11.751071">
        <ele>1543.5</ele>
        <time>2024-07-17T09:31:15.696Z</time>
      </trkpt>
      <trkpt lat="46.308407" lon="11.751501">
        <ele>1545.6</ele>
        <time>2024-07-17T09:31:39.379Z</time>
      </trkpt>
      <trkpt lat="46.308647" lon="11.752105">
        <ele>1548.2</ele>
        <time>2024-07-17T09:32:13.267Z</time>
      </trkpt>
      <trkpt lat="46.308769" lon="11.752184">
        <ele>1548.9</ele>
        <time>2024-07-17T09:32:22.519Z</time>
      </trkpt>
      <trkpt lat="46.308804" lon="11.752338">
        <ele>1549.4</ele>
        <time>2024-07-17T09:32:30.189Z</time>
      </trkpt>
      <trkpt lat="46.308923" lon="11.752829">
        <ele>1550.7</ele>
        <time>2024-07-17T09:32:54.223Z</time>
      </trkpt>
      <trkpt lat="46.309001" lon="11.753058">
        <ele>1551.2</ele>
        <time>2024-07-17T09:33:05.616Z</time>
      </trkpt>
      <trkpt lat="46.309072" lon="11.75322">
        <ele>1551.5</ele>
        <time>2024-07-17T09:33:14.001Z</time>
      </trkpt>
      <trkpt lat="46.309464" lon="11.753824">
        <ele>1552.4</ele>
        <time>2024-07-17T09:33:49.297Z</time>
      </trkpt>
      <trkpt lat="46.309519" lon="11.753931">
        <ele>1552.6</ele>
        <time>2024-07-17T09:33:54.926Z</time>
      </trkpt>
      <trkpt lat="46.3096" lon="11.754216">
        <ele>1553</ele>
        <time>2024-07-17T09:34:08.071Z</time>
      </trkpt>
      <trkpt lat="46.309619" lon="11.754578">
        <ele>1553.5</ele>
        <time>2024-07-17T09:34:23.564Z</time>
      </trkpt>
      <trkpt lat="46.309756" lon="11.75517">
        <ele>1554.9</ele>
        <time>2024-07-17T09:34:51.055Z</time>
      </trkpt>
      <trkpt lat="46.309643" lon="11.756214">
        <ele>1558.9</ele>
        <time>2024-07-17T09:35:40.694Z</time>
      </trkpt>
      <trkpt lat="46.30961" lon="11.756513">
        <ele>1560.6</ele>
        <time>2024-07-17T09:35:55.523Z</time>
      </trkpt>
      <trkpt lat="46.309557" lon="11.756953">
        <ele>1563.3</ele>
        <time>2024-07-17T09:36:18.678Z</time>
      </trkpt>
      <trkpt lat="46.309723" lon="11.757106">
        <ele>1565.3</ele>
        <time>2024-07-17T09:36:33.775Z</time>
      </trkpt>
      <trkpt lat="46.309847" lon="11.757381">
        <ele>1567.7</ele>
        <time>2024-07-17T09:36:51.408Z</time>
      </trkpt>
      <trkpt lat="46.309775" lon="11.757612">
        <ele>1569.6</ele>
        <time>2024-07-17T09:37:05.051Z</time>
      </trkpt>
      <trkpt lat="46.309692" lon="11.757775">
        <ele>1571.2</ele>
        <time>2024-07-17T09:37:16.018Z</time>
      </trkpt>
      <trkpt lat="46.309769" lon="11.757974">
        <ele>1573</ele>
        <time>2024-07-17T09:37:28.405Z</time>
      </trkpt>
      <trkpt lat="46.309907" lon="11.758041">
        <ele>1574.7</ele>
        <time>2024-07-17T09:37:39.868Z</time>
      </trkpt>
      <trkpt lat="46.310164" lon="11.758235">
        <ele>1578</ele>
        <time>2024-07-17T09:38:02.695Z</time>
      </trkpt>
      <trkpt lat="46.310875" lon="11.758688">
        <ele>1585.4</ele>
        <time>2024-07-17T09:39:02.808Z</time>
      </trkpt>
      <trkpt lat="46.311051" lon="11.758926">
        <ele>1587.3</ele>
        <time>2024-07-17T09:39:20.939Z</time>
      </trkpt>
      <trkpt lat="46.311246" lon="11.758928">
        <ele>1588.5</ele>
        <time>2024-07-17T09:39:34.998Z</time>
      </trkpt>
      <trkpt lat="46.311438" lon="11.759031">
        <ele>1589.7</ele>
        <time>2024-07-17T09:39:49.586Z</time>
      </trkpt>
      <trkpt lat="46.311641" lon="11.759092">
        <ele>1590.7</ele>
        <time>2024-07-17T09:40:04.093Z</time>
      </trkpt>
      <trkpt lat="46.311914" lon="11.75903">
        <ele>1591.8</ele>
        <time>2024-07-17T09:40:22.970Z</time>
      </trkpt>
      <trkpt lat="46.312436" lon="11.759029">
        <ele>1593.7</ele>
        <time>2024-07-17T09:40:57.433Z</time>
      </trkpt>
      <trkpt lat="46.312847" lon="11.758734">
        <ele>1595.5</ele>
        <time>2024-07-17T09:41:27.736Z</time>
      </trkpt>
      <trkpt lat="46.313433" lon="11.758599">
        <ele>1598.7</ele>
        <time>2024-07-17T09:42:08.217Z</time>
      </trkpt>
      <trkpt lat="46.313679" lon="11.758729">
        <ele>1600.4</ele>
        <time>2024-07-17T09:42:26.610Z</time>
      </trkpt>
      <trkpt lat="46.314197" lon="11.759531">
        <ele>1606.1</ele>
        <time>2024-07-17T09:43:22.012Z</time>
      </trkpt>
      <trkpt lat="46.315458" lon="11.76024">
        <ele>1617</ele>
        <time>2024-07-17T09:45:02.202Z</time>
      </trkpt>
      <trkpt lat="46.315901" lon="11.760952">
        <ele>1621.8</ele>
        <time>2024-07-17T09:45:51.148Z</time>
      </trkpt>
      <trkpt lat="46.316196" lon="11.761296">
        <ele>1624.1</ele>
        <time>2024-07-17T09:46:18.531Z</time>
      </trkpt>
      <trkpt lat="46.316494" lon="11.761849">
        <ele>1626.5</ele>
        <time>2024-07-17T09:46:52.280Z</time>
      </trkpt>
      <trkpt lat="46.316761" lon="11.762137">
        <ele>1627.7</ele>
        <time>2024-07-17T09:47:14.743Z</time>
      </trkpt>
      <trkpt lat="46.316915" lon="11.762187">
        <ele>1628.3</ele>
        <time>2024-07-17T09:47:25.117Z</time>
      </trkpt>
      <trkpt lat="46.317111" lon="11.762149">
        <ele>1629</ele>
        <time>2024-07-17T09:47:38.193Z</time>
      </trkpt>
      <trkpt lat="46.317354" lon="11.762229">
        <ele>1630</ele>
        <time>2024-07-17T09:47:54.671Z</time>
      </trkpt>
      <trkpt lat="46.317674" lon="11.762618">
        <ele>1632.4</ele>
        <time>2024-07-17T09:48:23.168Z</time>
      </trkpt>
      <trkpt lat="46.317921" lon="11.762767">
        <ele>1634.4</ele>
        <time>2024-07-17T09:48:42.315Z</time>
      </trkpt>
      <trkpt lat="46.318174" lon="11.763296">
        <ele>1638.9</ele>
        <time>2024-07-17T09:49:16.071Z</time>
      </trkpt>
      <trkpt lat="46.318272" lon="11.76387">
        <ele>1643.9</ele>
        <time>2024-07-17T09:49:48.096Z</time>
      </trkpt>
      <trkpt lat="46.31831" lon="11.764285">
        <ele>1647.6</ele>
        <time>2024-07-17T09:50:11.145Z</time>
      </trkpt>
      <trkpt lat="46.318321" lon="11.764771">
        <ele>1651.6</ele>
        <time>2024-07-17T09:50:37.872Z</time>
      </trkpt>
      <trkpt lat="46.318282" lon="11.765334">
        <ele>1655.7</ele>
        <time>2024-07-17T09:51:08.521Z</time>
      </trkpt>
      <trkpt lat="46.318439" lon="11.765862">
        <ele>1659.1</ele>
        <time>2024-07-17T09:51:38.889Z</time>
      </trkpt>
      <trkpt lat="46.318438" lon="11.766297">
        <ele>1661.1</ele>
        <time>2024-07-17T09:52:01.081Z</time>
      </trkpt>
      <trkpt lat="46.318597" lon="11.766825">
        <ele>1662.7</ele>
        <time>2024-07-17T09:52:28.560Z</time>
      </trkpt>
      <trkpt lat="46.318564" lon="11.767528">
        <ele>1663.2</ele>
        <time>2024-07-17T09:52:59.096Z</time>
      </trkpt>
      <trkpt lat="46.318584" lon="11.768033">
        <ele>1663</ele>
        <time>2024-07-17T09:53:19.251Z</time>
      </trkpt>
      <trkpt lat="46.318576" lon="11.768589">
        <ele>1662.4</ele>
        <time>2024-07-17T09:53:39.992Z</time>
      </trkpt>
      <trkpt lat="46.318729" lon="11.769265">
        <ele>1661.5</ele>
        <time>2024-07-17T09:54:05.755Z</time>
      </trkpt>
      <trkpt lat="46.318641" lon="11.770143">
        <ele>1661.1</ele>
        <time>2024-07-17T09:54:38.710Z</time>
      </trkpt>
      <trkpt lat="46.318792" lon="11.770892">
        <ele>1662</ele>
        <time>2024-07-17T09:55:09.903Z</time>
      </trkpt>
      <trkpt lat="46.318847" lon="11.771657">
        <ele>1663.4</ele>
        <time>2024-07-17T09:55:42.942Z</time>
      </trkpt>
      <trkpt lat="46.318687" lon="11.772436">
        <ele>1664.6</ele>
        <time>2024-07-17T09:56:18.171Z</time>
      </trkpt>
      <trkpt lat="46.319046" lon="11.774301">
        <ele>1664.7</ele>
        <time>2024-07-17T09:57:36.426Z</time>
      </trkpt>
      <trkpt lat="46.319091" lon="11.774937">
        <ele>1665.7</ele>
        <time>2024-07-17T09:58:02.192Z</time>
      </trkpt>
      <trkpt lat="46.31932" lon="11.775535">
        <ele>1668.3</ele>
        <time>2024-07-17T09:58:33.566Z</time>
      </trkpt>
      <trkpt lat="46.319228" lon="11.776161">
        <ele>1671.6</ele>
        <time>2024-07-17T09:59:05.225Z</time>
      </trkpt>
      <trkpt lat="46.319243" lon="11.776583">
        <ele>1673.8</ele>
        <time>2024-07-17T09:59:26.661Z</time>
      </trkpt>
      <trkpt lat="46.319201" lon="11.777048">
        <ele>1675.9</ele>
        <time>2024-07-17T09:59:50.170Z</time>
      </trkpt>
      <trkpt lat="46.319378" lon="11.777497">
        <ele>1677.9</ele>
        <time>2024-07-17T10:00:15.451Z</time>
      </trkpt>
      <trkpt lat="46.319565" lon="11.777482">
        <ele>1678.8</ele>
        <time>2024-07-17T10:00:28.453Z</time>
      </trkpt>
      <trkpt lat="46.319995" lon="11.778031">
        <ele>1680.3</ele>
        <time>2024-07-17T10:01:05.501Z</time>
      </trkpt>
      <trkpt lat="46.319962" lon="11.779241">
        <ele>1680.9</ele>
        <time>2024-07-17T10:01:56.147Z</time>
      </trkpt>
      <trkpt lat="46.320228" lon="11.780112">
        <ele>1680.7</ele>
        <time>2024-07-17T10:02:33.941Z</time>
      </trkpt>
      <trkpt lat="46.320396" lon="11.780584">
        <ele>1679.8</ele>
        <time>2024-07-17T10:02:53.760Z</time>
      </trkpt>
      <trkpt lat="46.320552" lon="11.780886">
        <ele>1679</ele>
        <time>2024-07-17T10:03:06.781Z</time>
      </trkpt>
      <trkpt lat="46.320941" lon="11.781211">
        <ele>1677.2</ele>
        <time>2024-07-17T10:03:28.224Z</time>
      </trkpt>
      <trkpt lat="46.321073" lon="11.781053">
        <ele>1676.4</ele>
        <time>2024-07-17T10:03:36.197Z</time>
      </trkpt>
      <trkpt lat="46.321303" lon="11.780129">
        <ele>1673.3</ele>
        <time>2024-07-17T10:04:07.183Z</time>
      </trkpt>
      <trkpt lat="46.321406" lon="11.780071">
        <ele>1673</ele>
        <time>2024-07-17T10:04:12.442Z</time>
      </trkpt>
      <trkpt lat="46.321379" lon="11.779782">
        <ele>1672.7</ele>
        <time>2024-07-17T10:04:23.223Z</time>
      </trkpt>
      <trkpt lat="46.32143" lon="11.779565">
        <ele>1672.7</ele>
        <time>2024-07-17T10:04:31.910Z</time>
      </trkpt>
      <trkpt lat="46.321523" lon="11.779308">
        <ele>1672.8</ele>
        <time>2024-07-17T10:04:43.413Z</time>
      </trkpt>
      <trkpt lat="46.321588" lon="11.779099">
        <ele>1673</ele>
        <time>2024-07-17T10:04:52.733Z</time>
      </trkpt>
      <trkpt lat="46.321621" lon="11.778979">
        <ele>1673.2</ele>
        <time>2024-07-17T10:04:58.219Z</time>
      </trkpt>
      <trkpt lat="46.321718" lon="11.778486">
        <ele>1674.2</ele>
        <time>2024-07-17T10:05:19.994Z</time>
      </trkpt>
      <trkpt lat="46.321786" lon="11.778378">
        <ele>1674.7</ele>
        <time>2024-07-17T10:05:26.577Z</time>
      </trkpt>
      <trkpt lat="46.321909" lon="11.778316">
        <ele>1675.3</ele>
        <time>2024-07-17T10:05:35.463Z</time>
      </trkpt>
      <trkpt lat="46.322681" lon="11.778558">
        <ele>1680.9</ele>
        <time>2024-07-17T10:06:32.195Z</time>
      </trkpt>
      <trkpt lat="46.322884" lon="11.77867">
        <ele>1682.6</ele>
        <time>2024-07-17T10:06:48.086Z</time>
      </trkpt>
      <trkpt lat="46.32299" lon="11.778661">
        <ele>1683.4</ele>
        <time>2024-07-17T10:06:55.907Z</time>
      </trkpt>
      <trkpt lat="46.323065" lon="11.778588">
        <ele>1684.1</ele>
        <time>2024-07-17T10:07:02.562Z</time>
      </trkpt>
      <trkpt lat="46.323088" lon="11.778483">
        <ele>1684.7</ele>
        <time>2024-07-17T10:07:08.165Z</time>
      </trkpt>
      <trkpt lat="46.32305" lon="11.778347">
        <ele>1685.4</ele>
        <time>2024-07-17T10:07:15.606Z</time>
      </trkpt>
      <trkpt lat="46.322651" lon="11.777619">
        <ele>1689.9</ele>
        <time>2024-07-17T10:08:02.419Z</time>
      </trkpt>
      <trkpt lat="46.322676" lon="11.777525">
        <ele>1690.4</ele>
        <time>2024-07-17T10:08:07.440Z</time>
      </trkpt>
      <trkpt lat="46.322733" lon="11.777518">
        <ele>1690.8</ele>
        <time>2024-07-17T10:08:11.526Z</time>
      </trkpt>
      <trkpt lat="46.322938" lon="11.777832">
        <ele>1692.6</ele>
        <time>2024-07-17T10:08:32.841Z</time>
      </trkpt>
      <trkpt lat="46.323276" lon="11.778144">
        <ele>1695.1</ele>
        <time>2024-07-17T10:09:01.432Z</time>
      </trkpt>
      <trkpt lat="46.323561" lon="11.778526">
        <ele>1697.7</ele>
        <time>2024-07-17T10:09:29.253Z</time>
      </trkpt>
      <trkpt lat="46.323788" lon="11.778908">
        <ele>1700.2</ele>
        <time>2024-07-17T10:09:54.477Z</time>
      </trkpt>
      <trkpt lat="46.32436" lon="11.77964">
        <ele>1706.1</ele>
        <time>2024-07-17T10:10:50.634Z</time>
      </trkpt>
      <trkpt lat="46.32454" lon="11.780192">
        <ele>1709.4</ele>
        <time>2024-07-17T10:11:21.789Z</time>
      </trkpt>
      <trkpt lat="46.324883" lon="11.780691">
        <ele>1713.4</ele>
        <time>2024-07-17T10:11:57.937Z</time>
      </trkpt>
      <trkpt lat="46.325375" lon="11.781191">
        <ele>1718.3</ele>
        <time>2024-07-17T10:12:42.760Z</time>
      </trkpt>
      <trkpt lat="46.325735" lon="11.781722">
        <ele>1723.1</ele>
        <time>2024-07-17T10:13:21.478Z</time>
      </trkpt>
      <trkpt lat="46.32609" lon="11.782043">
        <ele>1727.2</ele>
        <time>2024-07-17T10:13:53.504Z</time>
      </trkpt>
      <trkpt lat="46.32618" lon="11.78225">
        <ele>1728.9</ele>
        <time>2024-07-17T10:14:06.493Z</time>
      </trkpt>
      <trkpt lat="46.32634" lon="11.782412">
        <ele>1730.8</ele>
        <time>2024-07-17T10:14:21.518Z</time>
      </trkpt>
      <trkpt lat="46.326622" lon="11.782568">
        <ele>1733.3</ele>
        <time>2024-07-17T10:14:44.460Z</time>
      </trkpt>
      <trkpt lat="46.326987" lon="11.783144">
        <ele>1737.8</ele>
        <time>2024-07-17T10:15:24.826Z</time>
      </trkpt>
      <trkpt lat="46.327269" lon="11.783454">
        <ele>1741</ele>
        <time>2024-07-17T10:15:51.458Z</time>
      </trkpt>
      <trkpt lat="46.32739" lon="11.78364">
        <ele>1742.5</ele>
        <time>2024-07-17T10:16:04.793Z</time>
      </trkpt>
      <trkpt lat="46.32811" lon="11.784915">
        <ele>1754.3</ele>
        <time>2024-07-17T10:17:32.660Z</time>
      </trkpt>
      <trkpt lat="46.328269" lon="11.785279">
        <ele>1758.1</ele>
        <time>2024-07-17T10:17:55.897Z</time>
      </trkpt>
      <trkpt lat="46.328509" lon="11.785673">
        <ele>1762.9</ele>
        <time>2024-07-17T10:18:24.990Z</time>
      </trkpt>
      <trkpt lat="46.32956" lon="11.787131">
        <ele>1782.6</ele>
        <time>2024-07-17T10:20:22.217Z</time>
      </trkpt>
      <trkpt lat="46.33023" lon="11.787775">
        <ele>1793.3</ele>
        <time>2024-07-17T10:21:26.975Z</time>
      </trkpt>
      <trkpt lat="46.330503" lon="11.787967">
        <ele>1797.1</ele>
        <time>2024-07-17T10:21:51.328Z</time>
      </trkpt>
      <trkpt lat="46.330719" lon="11.788027">
        <ele>1799.8</ele>
        <time>2024-07-17T10:22:08.816Z</time>
      </trkpt>
      <trkpt lat="46.330917" lon="11.788135">
        <ele>1802.3</ele>
        <time>2024-07-17T10:22:25.601Z</time>
      </trkpt>
      <trkpt lat="46.331116" lon="11.788357">
        <ele>1805.2</ele>
        <time>2024-07-17T10:22:45.446Z</time>
      </trkpt>
      <trkpt lat="46.331279" lon="11.788467">
        <ele>1807.2</ele>
        <time>2024-07-17T10:22:59.592Z</time>
      </trkpt>
      <trkpt lat="46.332033" lon="11.788832">
        <ele>1815.7</ele>
        <time>2024-07-17T10:24:01.754Z</time>
      </trkpt>
      <trkpt lat="46.332479" lon="11.788985">
        <ele>1820.5</ele>
        <time>2024-07-17T10:24:37.430Z</time>
      </trkpt>
      <trkpt lat="46.333269" lon="11.789372">
        <ele>1829.1</ele>
        <time>2024-07-17T10:25:42.105Z</time>
      </trkpt>
      <trkpt lat="46.334304" lon="11.789708">
        <ele>1839.4</ele>
        <time>2024-07-17T10:27:03.856Z</time>
      </trkpt>
      <trkpt lat="46.334868" lon="11.790024">
        <ele>1846</ele>
        <time>2024-07-17T10:27:50.592Z</time>
      </trkpt>
      <trkpt lat="46.335788" lon="11.790343">
        <ele>1858.1</ele>
        <time>2024-07-17T10:29:05.651Z</time>
      </trkpt>
      <trkpt lat="46.336354" lon="11.790584">
        <ele>1866.5</ele>
        <time>2024-07-17T10:29:53.110Z</time>
      </trkpt>
      <trkpt lat="46.336889" lon="11.79066">
        <ele>1874</ele>
        <time>2024-07-17T10:30:36.655Z</time>
      </trkpt>
      <trkpt lat="46.337559" lon="11.790969">
        <ele>1882.8</ele>
        <time>2024-07-17T10:31:33.104Z</time>
      </trkpt>
      <trkpt lat="46.337982" lon="11.791056">
        <ele>1887.3</ele>
        <time>2024-07-17T10:32:06.883Z</time>
      </trkpt>
      <trkpt lat="46.338278" lon="11.791198">
        <ele>1890.3</ele>
        <time>2024-07-17T10:32:30.982Z</time>
      </trkpt>
      <trkpt lat="46.338476" lon="11.791708">
        <ele>1894.1</ele>
        <time>2024-07-17T10:33:01.869Z</time>
      </trkpt>
      <trkpt lat="46.338548" lon="11.791837">
        <ele>1895.1</ele>
        <time>2024-07-17T10:33:10.588Z</time>
      </trkpt>
      <trkpt lat="46.33898" lon="11.792008">
        <ele>1899.2</ele>
        <time>2024-07-17T10:33:44.567Z</time>
      </trkpt>
      <trkpt lat="46.339106" lon="11.79212">
        <ele>1900.6</ele>
        <time>2024-07-17T10:33:55.846Z</time>
      </trkpt>
      <trkpt lat="46.339161" lon="11.792197">
        <ele>1901.4</ele>
        <time>2024-07-17T10:34:01.755Z</time>
      </trkpt>
      <trkpt lat="46.339337" lon="11.792666">
        <ele>1905.2</ele>
        <time>2024-07-17T10:34:30.225Z</time>
      </trkpt>
      <trkpt lat="46.33941" lon="11.792729">
        <ele>1906.1</ele>
        <time>2024-07-17T10:34:36.857Z</time>
      </trkpt>
      <trkpt lat="46.339644" lon="11.792722">
        <ele>1908.7</ele>
        <time>2024-07-17T10:34:55.247Z</time>
      </trkpt>
      <trkpt lat="46.339753" lon="11.792668">
        <ele>1910.1</ele>
        <time>2024-07-17T10:35:04.301Z</time>
      </trkpt>
      <trkpt lat="46.339862" lon="11.79256">
        <ele>1911.6</ele>
        <time>2024-07-17T10:35:14.679Z</time>
      </trkpt>
      <trkpt lat="46.340534" lon="11.791646">
        <ele>1922.8</ele>
        <time>2024-07-17T10:36:27.821Z</time>
      </trkpt>
      <trkpt lat="46.340628" lon="11.791483">
        <ele>1924.6</ele>
        <time>2024-07-17T10:36:39.445Z</time>
      </trkpt>
      <trkpt lat="46.340776" lon="11.791107">
        <ele>1928</ele>
        <time>2024-07-17T10:37:03.042Z</time>
      </trkpt>
      <trkpt lat="46.340839" lon="11.790674">
        <ele>1931</ele>
        <time>2024-07-17T10:37:26.855Z</time>
      </trkpt>
      <trkpt lat="46.340888" lon="11.790535">
        <ele>1932</ele>
        <time>2024-07-17T10:37:35.044Z</time>
      </trkpt>
      <trkpt lat="46.340993" lon="11.790451">
        <ele>1933</ele>
        <time>2024-07-17T10:37:44.159Z</time>
      </trkpt>
      <trkpt lat="46.341148" lon="11.790445">
        <ele>1934.3</ele>
        <time>2024-07-17T10:37:55.719Z</time>
      </trkpt>
      <trkpt lat="46.341273" lon="11.790656">
        <ele>1935.7</ele>
        <time>2024-07-17T10:38:09.921Z</time>
      </trkpt>
      <trkpt lat="46.341337" lon="11.791016">
        <ele>1937.5</ele>
        <time>2024-07-17T10:38:28.757Z</time>
      </trkpt>
      <trkpt lat="46.341339" lon="11.791301">
        <ele>1938.6</ele>
        <time>2024-07-17T10:38:42.926Z</time>
      </trkpt>
      <trkpt lat="46.341281" lon="11.791806">
        <ele>1940.2</ele>
        <time>2024-07-17T10:39:07.153Z</time>
      </trkpt>
      <trkpt lat="46.341293" lon="11.792377">
        <ele>1941.4</ele>
        <time>2024-07-17T10:39:33.178Z</time>
      </trkpt>
      <trkpt lat="46.341354" lon="11.792573">
        <ele>1942</ele>
        <time>2024-07-17T10:39:43.000Z</time>
      </trkpt>
      <trkpt lat="46.341535" lon="11.792859">
        <ele>1943.3</ele>
        <time>2024-07-17T10:40:01.240Z</time>
      </trkpt>
      <trkpt lat="46.341566" lon="11.793021">
        <ele>1943.9</ele>
        <time>2024-07-17T10:40:09.270Z</time>
      </trkpt>
      <trkpt lat="46.34153" lon="11.793129">
        <ele>1944.4</ele>
        <time>2024-07-17T10:40:15.066Z</time>
      </trkpt>
      <trkpt lat="46.341408" lon="11.793305">
        <ele>1945.5</ele>
        <time>2024-07-17T10:40:27.314Z</time>
      </trkpt>
      <trkpt lat="46.341349" lon="11.793496">
        <ele>1946.4</ele>
        <time>2024-07-17T10:40:37.629Z</time>
      </trkpt>
      <trkpt lat="46.341329" lon="11.793659">
        <ele>1947.2</ele>
        <time>2024-07-17T10:40:45.838Z</time>
      </trkpt>
      <trkpt lat="46.341344" lon="11.793796">
        <ele>1947.9</ele>
        <time>2024-07-17T10:40:52.730Z</time>
      </trkpt>
      <trkpt lat="46.341567" lon="11.79473">
        <ele>1953.4</ele>
        <time>2024-07-17T10:41:42.991Z</time>
      </trkpt>
      <trkpt lat="46.341565" lon="11.795059">
        <ele>1955.8</ele>
        <time>2024-07-17T10:42:00.246Z</time>
      </trkpt>
      <trkpt lat="46.341539" lon="11.795155">
        <ele>1956.6</ele>
        <time>2024-07-17T10:42:05.856Z</time>
      </trkpt>
      <trkpt lat="46.341464" lon="11.795279">
        <ele>1957.9</ele>
        <time>2024-07-17T10:42:14.824Z</time>
      </trkpt>
      <trkpt lat="46.341253" lon="11.795416">
        <ele>1960.8</ele>
        <time>2024-07-17T10:42:33.083Z</time>
      </trkpt>
      <trkpt lat="46.341165" lon="11.795514">
        <ele>1962.2</ele>
        <time>2024-07-17T10:42:41.936Z</time>
      </trkpt>
      <trkpt lat="46.341073" lon="11.795834">
        <ele>1965.4</ele>
        <time>2024-07-17T10:43:01.078Z</time>
      </trkpt>
      <trkpt lat="46.341091" lon="11.796021">
        <ele>1967</ele>
        <time>2024-07-17T10:43:11.522Z</time>
      </trkpt>
      <trkpt lat="46.341147" lon="11.79619">
        <ele>1968.7</ele>
        <time>2024-07-17T10:43:21.900Z</time>
      </trkpt>
      <trkpt lat="46.341403" lon="11.796523">
        <ele>1973.1</ele>
        <time>2024-07-17T10:43:49.413Z</time>
      </trkpt>
      <trkpt lat="46.341546" lon="11.79676">
        <ele>1976</ele>
        <time>2024-07-17T10:44:06.877Z</time>
      </trkpt>
      <trkpt lat="46.341581" lon="11.796871">
        <ele>1977.1</ele>
        <time>2024-07-17T10:44:13.669Z</time>
      </trkpt>
      <trkpt lat="46.341571" lon="11.79705">
        <ele>1978.9</ele>
        <time>2024-07-17T10:44:23.663Z</time>
      </trkpt>
      <trkpt lat="46.341532" lon="11.797159">
        <ele>1980</ele>
        <time>2024-07-17T10:44:30.495Z</time>
      </trkpt>
      <trkpt lat="46.341492" lon="11.797202">
        <ele>1980.7</ele>
        <time>2024-07-17T10:44:34.513Z</time>
      </trkpt>
      <trkpt lat="46.341228" lon="11.797394">
        <ele>1984.7</ele>
        <time>2024-07-17T10:44:58.342Z</time>
      </trkpt>
      <trkpt lat="46.340501" lon="11.798016">
        <ele>1994.1</ele>
        <time>2024-07-17T10:46:05.230Z</time>
      </trkpt>
      <trkpt lat="46.340457" lon="11.798113">
        <ele>1994.9</ele>
        <time>2024-07-17T10:46:11.479Z</time>
      </trkpt>
      <trkpt lat="46.340409" lon="11.798441">
        <ele>1997.2</ele>
        <time>2024-07-17T10:46:29.338Z</time>
      </trkpt>
      <trkpt lat="46.340329" lon="11.798547">
        <ele>1998.3</ele>
        <time>2024-07-17T10:46:37.683Z</time>
      </trkpt>
      <trkpt lat="46.340251" lon="11.798553">
        <ele>1999.1</ele>
        <time>2024-07-17T10:46:43.695Z</time>
      </trkpt>
      <trkpt lat="46.340036" lon="11.798438">
        <ele>2001.3</ele>
        <time>2024-07-17T10:47:01.336Z</time>
      </trkpt>
      <trkpt lat="46.339905" lon="11.798436">
        <ele>2002.6</ele>
        <time>2024-07-17T10:47:11.416Z</time>
      </trkpt>
      <trkpt lat="46.339478" lon="11.798629">
        <ele>2007.5</ele>
        <time>2024-07-17T10:47:46.116Z</time>
      </trkpt>
      <trkpt lat="46.33898" lon="11.79873">
        <ele>2013.7</ele>
        <time>2024-07-17T10:48:25.831Z</time>
      </trkpt>
      <trkpt lat="46.338889" lon="11.798778">
        <ele>2014.9</ele>
        <time>2024-07-17T10:48:33.557Z</time>
      </trkpt>
      <trkpt lat="46.338813" lon="11.798893">
        <ele>2016.4</ele>
        <time>2024-07-17T10:48:42.324Z</time>
      </trkpt>
      <trkpt lat="46.338674" lon="11.799336">
        <ele>2020.5</ele>
        <time>2024-07-17T10:49:09.123Z</time>
      </trkpt>
      <trkpt lat="46.338613" lon="11.799609">
        <ele>2022.7</ele>
        <time>2024-07-17T10:49:24.850Z</time>
      </trkpt>
      <trkpt lat="46.338615" lon="11.800465">
        <ele>2028.7</ele>
        <time>2024-07-17T10:50:10.698Z</time>
      </trkpt>
      <trkpt lat="46.338547" lon="11.800459">
        <ele>2029.2</ele>
        <time>2024-07-17T10:50:15.848Z</time>
      </trkpt>
      <trkpt lat="46.338547" lon="11.800444">
        <ele>2029.3</ele>
        <time>2024-07-17T10:50:16.586Z</time>
      </trkpt>
      <trkpt lat="46.338438" lon="11.800452">
        <ele>2030.1</ele>
        <time>2024-07-17T10:50:24.338Z</time>
      </trkpt>
      <trkpt lat="46.338383" lon="11.800421">
        <ele>2030.4</ele>
        <time>2024-07-17T10:50:28.499Z</time>
      </trkpt>
      <trkpt lat="46.338361" lon="11.800268">
        <ele>2031.1</ele>
        <time>2024-07-17T10:50:36.119Z</time>
      </trkpt>
      <trkpt lat="46.338383" lon="11.800421">
        <ele>2031.6</ele>
        <time>2024-07-17T10:50:43.739Z</time>
      </trkpt>
      <trkpt lat="46.338438" lon="11.800452">
        <ele>2031.9</ele>
        <time>2024-07-17T10:50:47.842Z</time>
      </trkpt>
      <trkpt lat="46.338547" lon="11.800444">
        <ele>2032.4</ele>
        <time>2024-07-17T10:50:55.419Z</time>
      </trkpt>
      <trkpt lat="46.338547" lon="11.800459">
        <ele>2032.5</ele>
        <time>2024-07-17T10:50:56.130Z</time>
      </trkpt>
      <trkpt lat="46.338619" lon="11.800741">
        <ele>2033.4</ele>
        <time>2024-07-17T10:51:10.394Z</time>
      </trkpt>
      <trkpt lat="46.338624" lon="11.80116">
        <ele>2034</ele>
        <time>2024-07-17T10:51:29.359Z</time>
      </trkpt>
      <trkpt lat="46.339076" lon="11.801283">
        <ele>2034.5</ele>
        <time>2024-07-17T10:51:57.186Z</time>
      </trkpt>
      <trkpt lat="46.339299" lon="11.801291">
        <ele>2034.8</ele>
        <time>2024-07-17T10:52:10.563Z</time>
      </trkpt>
      <trkpt lat="46.339409" lon="11.801364">
        <ele>2035</ele>
        <time>2024-07-17T10:52:17.938Z</time>
      </trkpt>
      <trkpt lat="46.339444" lon="11.801456">
        <ele>2035.1</ele>
        <time>2024-07-17T10:52:22.397Z</time>
      </trkpt>
      <trkpt lat="46.339482" lon="11.801814">
        <ele>2035.6</ele>
        <time>2024-07-17T10:52:37.774Z</time>
      </trkpt>
      <trkpt lat="46.339513" lon="11.801928">
        <ele>2035.9</ele>
        <time>2024-07-17T10:52:43.069Z</time>
      </trkpt>
      <trkpt lat="46.339627" lon="11.802085">
        <ele>2036.3</ele>
        <time>2024-07-17T10:52:52.959Z</time>
      </trkpt>
      <trkpt lat="46.339761" lon="11.802122">
        <ele>2036.7</ele>
        <time>2024-07-17T10:53:01.615Z</time>
      </trkpt>
      <trkpt lat="46.340056" lon="11.802071">
        <ele>2037.4</ele>
        <time>2024-07-17T10:53:20.355Z</time>
      </trkpt>
      <trkpt lat="46.3401" lon="11.802041">
        <ele>2037.5</ele>
        <time>2024-07-17T10:53:23.383Z</time>
      </trkpt>
      <trkpt lat="46.340145" lon="11.801958">
        <ele>2037.6</ele>
        <time>2024-07-17T10:53:27.891Z</time>
      </trkpt>
      <trkpt lat="46.340215" lon="11.801649">
        <ele>2038</ele>
        <time>2024-07-17T10:53:41.685Z</time>
      </trkpt>
      <trkpt lat="46.340305" lon="11.801437">
        <ele>2038.2</ele>
        <time>2024-07-17T10:53:51.990Z</time>
      </trkpt>
      <trkpt lat="46.340516" lon="11.801179">
        <ele>2038.4</ele>
        <time>2024-07-17T10:54:08.503Z</time>
      </trkpt>
      <trkpt lat="46.340629" lon="11.800932">
        <ele>2038.4</ele>
        <time>2024-07-17T10:54:20.179Z</time>
      </trkpt>
      <trkpt lat="46.340707" lon="11.800824">
        <ele>2038.3</ele>
        <time>2024-07-17T10:54:26.092Z</time>
      </trkpt>
      <trkpt lat="46.340769" lon="11.800803">
        <ele>2038.2</ele>
        <time>2024-07-17T10:54:29.526Z</time>
      </trkpt>
      <trkpt lat="46.340791" lon="11.800815">
        <ele>2038.1</ele>
        <time>2024-07-17T10:54:30.785Z</time>
      </trkpt>
      <trkpt lat="46.340827" lon="11.800874">
        <ele>2038.1</ele>
        <time>2024-07-17T10:54:33.698Z</time>
      </trkpt>
      <trkpt lat="46.340834" lon="11.800962">
        <ele>2038</ele>
        <time>2024-07-17T10:54:36.934Z</time>
      </trkpt>
      <trkpt lat="46.340812" lon="11.801252">
        <ele>2037.6</ele>
        <time>2024-07-17T10:54:47.591Z</time>
      </trkpt>
      <trkpt lat="46.340829" lon="11.801373">
        <ele>2037.4</ele>
        <time>2024-07-17T10:54:52.077Z</time>
      </trkpt>
      <trkpt lat="46.340866" lon="11.80144">
        <ele>2037.4</ele>
        <time>2024-07-17T10:54:55.192Z</time>
      </trkpt>
      <trkpt lat="46.341267" lon="11.801855">
        <ele>2037.5</ele>
        <time>2024-07-17T10:55:22.336Z</time>
      </trkpt>
      <trkpt lat="46.341374" lon="11.802048">
        <ele>2037.3</ele>
        <time>2024-07-17T10:55:32.090Z</time>
      </trkpt>
      <trkpt lat="46.341445" lon="11.802295">
        <ele>2037.5</ele>
        <time>2024-07-17T10:55:42.869Z</time>
      </trkpt>
      <trkpt lat="46.341565" lon="11.802365">
        <ele>2037.8</ele>
        <time>2024-07-17T10:55:50.950Z</time>
      </trkpt>
      <trkpt lat="46.341834" lon="11.802359">
        <ele>2039</ele>
        <time>2024-07-17T10:56:08.753Z</time>
      </trkpt>
      <trkpt lat="46.341869" lon="11.802392">
        <ele>2039.3</ele>
        <time>2024-07-17T10:56:11.599Z</time>
      </trkpt>
      <trkpt lat="46.341909" lon="11.802466">
        <ele>2039.7</ele>
        <time>2024-07-17T10:56:16.189Z</time>
      </trkpt>
      <trkpt lat="46.341911" lon="11.802565">
        <ele>2040.2</ele>
        <time>2024-07-17T10:56:21.151Z</time>
      </trkpt>
      <trkpt lat="46.341859" lon="11.802983">
        <ele>2042.7</ele>
        <time>2024-07-17T10:56:42.483Z</time>
      </trkpt>
      <trkpt lat="46.341864" lon="11.803078">
        <ele>2043.4</ele>
        <time>2024-07-17T10:56:47.441Z</time>
      </trkpt>
      <trkpt lat="46.341893" lon="11.803126">
        <ele>2043.8</ele>
        <time>2024-07-17T10:56:50.778Z</time>
      </trkpt>
      <trkpt lat="46.34194" lon="11.803123">
        <ele>2044.3</ele>
        <time>2024-07-17T10:56:54.358Z</time>
      </trkpt>
      <trkpt lat="46.341982" lon="11.803063">
        <ele>2044.9</ele>
        <time>2024-07-17T10:56:58.919Z</time>
      </trkpt>
      <trkpt lat="46.342361" lon="11.801827">
        <ele>2053.3</ele>
        <time>2024-07-17T10:58:09.957Z</time>
      </trkpt>
      <trkpt lat="46.34258" lon="11.801091">
        <ele>2056.7</ele>
        <time>2024-07-17T10:58:50.999Z</time>
      </trkpt>
      <trkpt lat="46.342719" lon="11.800808">
        <ele>2057.5</ele>
        <time>2024-07-17T10:59:07.380Z</time>
      </trkpt>
      <trkpt lat="46.342821" lon="11.800659">
        <ele>2057.8</ele>
        <time>2024-07-17T10:59:16.391Z</time>
      </trkpt>
      <trkpt lat="46.342948" lon="11.800489">
        <ele>2057.9</ele>
        <time>2024-07-17T10:59:26.855Z</time>
      </trkpt>
      <trkpt lat="46.343064" lon="11.800156">
        <ele>2057.9</ele>
        <time>2024-07-17T10:59:41.855Z</time>
      </trkpt>
      <trkpt lat="46.343161" lon="11.800068">
        <ele>2057.9</ele>
        <time>2024-07-17T10:59:48.311Z</time>
      </trkpt>
      <trkpt lat="46.343306" lon="11.800064">
        <ele>2057.7</ele>
        <time>2024-07-17T10:59:56.402Z</time>
      </trkpt>
      <trkpt lat="46.343735" lon="11.800265">
        <ele>2057.5</ele>
        <time>2024-07-17T11:00:21.354Z</time>
      </trkpt>
      <trkpt lat="46.344419" lon="11.800315">
        <ele>2059.5</ele>
        <time>2024-07-17T11:01:02.991Z</time>
      </trkpt>
      <trkpt lat="46.344519" lon="11.800285">
        <ele>2060</ele>
        <time>2024-07-17T11:01:09.839Z</time>
      </trkpt>
      <trkpt lat="46.344795" lon="11.800102">
        <ele>2062.1</ele>
        <time>2024-07-17T11:01:31.714Z</time>
      </trkpt>
      <trkpt lat="46.344867" lon="11.800094">
        <ele>2062.7</ele>
        <time>2024-07-17T11:01:37.045Z</time>
      </trkpt>
      <trkpt lat="46.344962" lon="11.800163">
        <ele>2063.6</ele>
        <time>2024-07-17T11:01:44.996Z</time>
      </trkpt>
      <trkpt lat="46.34512" lon="11.800383">
        <ele>2065.7</ele>
        <time>2024-07-17T11:02:01.665Z</time>
      </trkpt>
      <trkpt lat="46.345216" lon="11.800433">
        <ele>2066.7</ele>
        <time>2024-07-17T11:02:09.424Z</time>
      </trkpt>
      <trkpt lat="46.345565" lon="11.800319">
        <ele>2070.7</ele>
        <time>2024-07-17T11:02:37.092Z</time>
      </trkpt>
      <trkpt lat="46.345666" lon="11.800137">
        <ele>2072.5</ele>
        <time>2024-07-17T11:02:49.718Z</time>
      </trkpt>
      <trkpt lat="46.345731" lon="11.800103">
        <ele>2073.2</ele>
        <time>2024-07-17T11:02:55.110Z</time>
      </trkpt>
      <trkpt lat="46.346016" lon="11.800174">
        <ele>2076.3</ele>
        <time>2024-07-17T11:03:17.673Z</time>
      </trkpt>
      <trkpt lat="46.346369" lon="11.800187">
        <ele>2080</ele>
        <time>2024-07-17T11:03:45.129Z</time>
      </trkpt>
      <trkpt lat="46.346757" lon="11.799981">
        <ele>2084</ele>
        <time>2024-07-17T11:04:17.016Z</time>
      </trkpt>
      <trkpt lat="46.346944" lon="11.799849">
        <ele>2086.1</ele>
        <time>2024-07-17T11:04:32.991Z</time>
      </trkpt>
      <trkpt lat="46.347059" lon="11.799821">
        <ele>2087.2</ele>
        <time>2024-07-17T11:04:41.961Z</time>
      </trkpt>
      <trkpt lat="46.347495" lon="11.799942">
        <ele>2091.6</ele>
        <time>2024-07-17T11:05:16.128Z</time>
      </trkpt>
      <trkpt lat="46.347596" lon="11.799954">
        <ele>2092.6</ele>
        <time>2024-07-17T11:05:23.931Z</time>
      </trkpt>
      <trkpt lat="46.347704" lon="11.799925">
        <ele>2093.7</ele>
        <time>2024-07-17T11:05:32.467Z</time>
      </trkpt>
      <trkpt lat="46.347924" lon="11.799688">
        <ele>2096.7</ele>
        <time>2024-07-17T11:05:53.773Z</time>
      </trkpt>
      <trkpt lat="46.348082" lon="11.79956">
        <ele>2098.6</ele>
        <time>2024-07-17T11:06:07.865Z</time>
      </trkpt>
      <trkpt lat="46.348875" lon="11.799522">
        <ele>2106.5</ele>
        <time>2024-07-17T11:07:09.097Z</time>
      </trkpt>
      <trkpt lat="46.348946" lon="11.799602">
        <ele>2107.4</ele>
        <time>2024-07-17T11:07:16.028Z</time>
      </trkpt>
      <trkpt lat="46.349148" lon="11.800259">
        <ele>2112</ele>
        <time>2024-07-17T11:07:53.906Z</time>
      </trkpt>
      <trkpt lat="46.349327" lon="11.800494">
        <ele>2114.4</ele>
        <time>2024-07-17T11:08:12.371Z</time>
      </trkpt>
      <trkpt lat="46.349608" lon="11.80097">
        <ele>2119</ele>
        <time>2024-07-17T11:08:45.909Z</time>
      </trkpt>
      <trkpt lat="46.349671" lon="11.801242">
        <ele>2121.3</ele>
        <time>2024-07-17T11:09:01.396Z</time>
      </trkpt>
      <trkpt lat="46.349807" lon="11.80166">
        <ele>2125.2</ele>
        <time>2024-07-17T11:09:26.684Z</time>
      </trkpt>
      <trkpt lat="46.350458" lon="11.802207">
        <ele>2135</ele>
        <time>2024-07-17T11:10:26.883Z</time>
      </trkpt>
      <trkpt lat="46.350921" lon="11.802852">
        <ele>2143.2</ele>
        <time>2024-07-17T11:11:18.328Z</time>
      </trkpt>
      <trkpt lat="46.351038" lon="11.803087">
        <ele>2145.4</ele>
        <time>2024-07-17T11:11:34.176Z</time>
      </trkpt>
      <trkpt lat="46.35111" lon="11.80335">
        <ele>2147.4</ele>
        <time>2024-07-17T11:11:49.379Z</time>
      </trkpt>
      <trkpt lat="46.351101" lon="11.803936">
        <ele>2150.9</ele>
        <time>2024-07-17T11:12:20.380Z</time>
      </trkpt>
      <trkpt lat="46.351078" lon="11.804286">
        <ele>2152.8</ele>
        <time>2024-07-17T11:12:38.493Z</time>
      </trkpt>
      <trkpt lat="46.351023" lon="11.804374">
        <ele>2153.4</ele>
        <time>2024-07-17T11:12:44.540Z</time>
      </trkpt>
      <trkpt lat="46.349838" lon="11.804393">
        <ele>2162.6</ele>
        <time>2024-07-17T11:14:12.094Z</time>
      </trkpt>
      <trkpt lat="46.349615" lon="11.804357">
        <ele>2164.6</ele>
        <time>2024-07-17T11:14:28.832Z</time>
      </trkpt>
      <trkpt lat="46.349595" lon="11.804445">
        <ele>2165.3</ele>
        <time>2024-07-17T11:14:33.720Z</time>
      </trkpt>
      <trkpt lat="46.349639" lon="11.804594">
        <ele>2166.4</ele>
        <time>2024-07-17T11:14:42.273Z</time>
      </trkpt>
      <trkpt lat="46.350254" lon="11.80563">
        <ele>2177.1</ele>
        <time>2024-07-17T11:15:55.880Z</time>
      </trkpt>
      <trkpt lat="46.350388" lon="11.80573">
        <ele>2178.9</ele>
        <time>2024-07-17T11:16:07.745Z</time>
      </trkpt>
      <trkpt lat="46.350859" lon="11.80594">
        <ele>2184.2</ele>
        <time>2024-07-17T11:16:46.334Z</time>
      </trkpt>
      <trkpt lat="46.351613" lon="11.806194">
        <ele>2191.3</ele>
        <time>2024-07-17T11:17:45.814Z</time>
      </trkpt>
      <trkpt lat="46.352036" lon="11.806162">
        <ele>2194.3</ele>
        <time>2024-07-17T11:18:17.562Z</time>
      </trkpt>
      <trkpt lat="46.352255" lon="11.806294">
        <ele>2195.8</ele>
        <time>2024-07-17T11:18:34.646Z</time>
      </trkpt>
      <trkpt lat="46.352328" lon="11.806303">
        <ele>2196.2</ele>
        <time>2024-07-17T11:18:39.848Z</time>
      </trkpt>
      <trkpt lat="46.35338" lon="11.806242">
        <ele>2202.1</ele>
        <time>2024-07-17T11:19:53.778Z</time>
      </trkpt>
      <trkpt lat="46.354116" lon="11.805956">
        <ele>2206.5</ele>
        <time>2024-07-17T11:20:47.217Z</time>
      </trkpt>
      <trkpt lat="46.354236" lon="11.80587">
        <ele>2207.4</ele>
        <time>2024-07-17T11:20:56.653Z</time>
      </trkpt>
      <trkpt lat="46.354366" lon="11.805729">
        <ele>2208.3</ele>
        <time>2024-07-17T11:21:08.220Z</time>
      </trkpt>
      <trkpt lat="46.354548" lon="11.805689">
        <ele>2209.5</ele>
        <time>2024-07-17T11:21:21.252Z</time>
      </trkpt>
      <trkpt lat="46.354681" lon="11.80572">
        <ele>2210.2</ele>
        <time>2024-07-17T11:21:30.623Z</time>
      </trkpt>
      <trkpt lat="46.35489" lon="11.805832">
        <ele>2211.2</ele>
        <time>2024-07-17T11:21:46.106Z</time>
      </trkpt>
      <trkpt lat="46.35507" lon="11.80604">
        <ele>2212.1</ele>
        <time>2024-07-17T11:22:01.568Z</time>
      </trkpt>
      <trkpt lat="46.355122" lon="11.80604">
        <ele>2212.3</ele>
        <time>2024-07-17T11:22:04.948Z</time>
      </trkpt>
      <trkpt lat="46.35515" lon="11.805998">
        <ele>2212.4</ele>
        <time>2024-07-17T11:22:07.569Z</time>
      </trkpt>
      <trkpt lat="46.355259" lon="11.805829">
        <ele>2212.8</ele>
        <time>2024-07-17T11:22:17.946Z</time>
      </trkpt>
      <trkpt lat="46.355431" lon="11.805479">
        <ele>2213.4</ele>
        <time>2024-07-17T11:22:36.550Z</time>
      </trkpt>
      <trkpt lat="46.355725" lon="11.805188">
        <ele>2213.7</ele>
        <time>2024-07-17T11:22:57.865Z</time>
      </trkpt>
      <trkpt lat="46.355813" lon="11.805181">
        <ele>2213.7</ele>
        <time>2024-07-17T11:23:02.958Z</time>
      </trkpt>
      <trkpt lat="46.355871" lon="11.805223">
        <ele>2213.7</ele>
        <time>2024-07-17T11:23:06.705Z</time>
      </trkpt>
      <trkpt lat="46.355999" lon="11.805536">
        <ele>2213.7</ele>
        <time>2024-07-17T11:23:20.961Z</time>
      </trkpt>
      <trkpt lat="46.3562" lon="11.805658">
        <ele>2213.6</ele>
        <time>2024-07-17T11:23:33.245Z</time>
      </trkpt>
      <trkpt lat="46.356356" lon="11.805955">
        <ele>2213.7</ele>
        <time>2024-07-17T11:23:47.870Z</time>
      </trkpt>
      <trkpt lat="46.356493" lon="11.806113">
        <ele>2213.7</ele>
        <time>2024-07-17T11:23:58.007Z</time>
      </trkpt>
      <trkpt lat="46.356664" lon="11.806124">
        <ele>2213.8</ele>
        <time>2024-07-17T11:24:07.898Z</time>
      </trkpt>
      <trkpt lat="46.35674" lon="11.806081">
        <ele>2213.9</ele>
        <time>2024-07-17T11:24:12.614Z</time>
      </trkpt>
      <trkpt lat="46.356812" lon="11.8061">
        <ele>2213.9</ele>
        <time>2024-07-17T11:24:16.843Z</time>
      </trkpt>
      <trkpt lat="46.357377" lon="11.806612">
        <ele>2214.1</ele>
        <time>2024-07-17T11:24:55.366Z</time>
      </trkpt>
      <trkpt lat="46.357562" lon="11.806526">
        <ele>2213.9</ele>
        <time>2024-07-17T11:25:06.295Z</time>
      </trkpt>
      <trkpt lat="46.35768" lon="11.806561">
        <ele>2213.7</ele>
        <time>2024-07-17T11:25:12.653Z</time>
      </trkpt>
      <trkpt lat="46.357836" lon="11.806725">
        <ele>2213.3</ele>
        <time>2024-07-17T11:25:22.825Z</time>
      </trkpt>
      <trkpt lat="46.35798" lon="11.807146">
        <ele>2212.2</ele>
        <time>2024-07-17T11:25:39.069Z</time>
      </trkpt>
      <trkpt lat="46.358283" lon="11.807315">
        <ele>2210.7</ele>
        <time>2024-07-17T11:25:54.320Z</time>
      </trkpt>
      <trkpt lat="46.358458" lon="11.807669">
        <ele>2209.2</ele>
        <time>2024-07-17T11:26:07.913Z</time>
      </trkpt>
      <trkpt lat="46.358691" lon="11.807835">
        <ele>2207.9</ele>
        <time>2024-07-17T11:26:19.547Z</time>
      </trkpt>
      <trkpt lat="46.359265" lon="11.80791">
        <ele>2205.4</ele>
        <time>2024-07-17T11:26:45.931Z</time>
      </trkpt>
      <trkpt lat="46.35957" lon="11.808184">
        <ele>2204.5</ele>
        <time>2024-07-17T11:27:03.089Z</time>
      </trkpt>
      <trkpt lat="46.359805" lon="11.808286">
        <ele>2204.1</ele>
        <time>2024-07-17T11:27:15.687Z</time>
      </trkpt>
      <trkpt lat="46.360013" lon="11.808238">
        <ele>2203.9</ele>
        <time>2024-07-17T11:27:27.057Z</time>
      </trkpt>
      <trkpt lat="46.360098" lon="11.808282">
        <ele>2203.9</ele>
        <time>2024-07-17T11:27:32.110Z</time>
      </trkpt>
      <trkpt lat="46.360396" lon="11.808533">
        <ele>2203.9</ele>
        <time>2024-07-17T11:27:51.434Z</time>
      </trkpt>
      <trkpt lat="46.360422" lon="11.808626">
        <ele>2203.9</ele>
        <time>2024-07-17T11:27:55.389Z</time>
      </trkpt>
      <trkpt lat="46.360514" lon="11.808718">
        <ele>2203.9</ele>
        <time>2024-07-17T11:28:01.777Z</time>
      </trkpt>
      <trkpt lat="46.360658" lon="11.808658">
        <ele>2204</ele>
        <time>2024-07-17T11:28:10.400Z</time>
      </trkpt>
      <trkpt lat="46.361147" lon="11.808699">
        <ele>2204.2</ele>
        <time>2024-07-17T11:28:38.668Z</time>
      </trkpt>
      <trkpt lat="46.361292" lon="11.808763">
        <ele>2204.3</ele>
        <time>2024-07-17T11:28:47.530Z</time>
      </trkpt>
      <trkpt lat="46.361377" lon="11.80887">
        <ele>2204.5</ele>
        <time>2024-07-17T11:28:54.305Z</time>
      </trkpt>
      <trkpt lat="46.361619" lon="11.808988">
        <ele>2204.8</ele>
        <time>2024-07-17T11:29:09.671Z</time>
      </trkpt>
      <trkpt lat="46.361675" lon="11.809069">
        <ele>2205</ele>
        <time>2024-07-17T11:29:14.549Z</time>
      </trkpt>
      <trkpt lat="46.36171" lon="11.80927">
        <ele>2205.3</ele>
        <time>2024-07-17T11:29:23.370Z</time>
      </trkpt>
      <trkpt lat="46.361801" lon="11.809412">
        <ele>2205.7</ele>
        <time>2024-07-17T11:29:31.812Z</time>
      </trkpt>
      <trkpt lat="46.362161" lon="11.809739">
        <ele>2207.1</ele>
        <time>2024-07-17T11:29:59.057Z</time>
      </trkpt>
      <trkpt lat="46.362313" lon="11.809959">
        <ele>2207.9</ele>
        <time>2024-07-17T11:30:13.100Z</time>
      </trkpt>
      <trkpt lat="46.362356" lon="11.809965">
        <ele>2208.1</ele>
        <time>2024-07-17T11:30:15.966Z</time>
      </trkpt>
      <trkpt lat="46.36243" lon="11.810051">
        <ele>2208.4</ele>
        <time>2024-07-17T11:30:22.261Z</time>
      </trkpt>
      <trkpt lat="46.362637" lon="11.810104">
        <ele>2209.3</ele>
        <time>2024-07-17T11:30:36.210Z</time>
      </trkpt>
      <trkpt lat="46.362876" lon="11.81026">
        <ele>2210.3</ele>
        <time>2024-07-17T11:30:53.611Z</time>
      </trkpt>
      <trkpt lat="46.36298" lon="11.810273">
        <ele>2210.7</ele>
        <time>2024-07-17T11:31:00.474Z</time>
      </trkpt>
      <trkpt lat="46.363152" lon="11.810364">
        <ele>2211.3</ele>
        <time>2024-07-17T11:31:12.513Z</time>
      </trkpt>
      <trkpt lat="46.363289" lon="11.810791">
        <ele>2212.2</ele>
        <time>2024-07-17T11:31:33.383Z</time>
      </trkpt>
      <trkpt lat="46.363331" lon="11.810847">
        <ele>2212.3</ele>
        <time>2024-07-17T11:31:36.933Z</time>
      </trkpt>
      <trkpt lat="46.363465" lon="11.810954">
        <ele>2212.5</ele>
        <time>2024-07-17T11:31:46.451Z</time>
      </trkpt>
      <trkpt lat="46.363535" lon="11.811086">
        <ele>2212.7</ele>
        <time>2024-07-17T11:31:53.423Z</time>
      </trkpt>
      <trkpt lat="46.363948" lon="11.811507">
        <ele>2212.8</ele>
        <time>2024-07-17T11:32:23.022Z</time>
      </trkpt>
      <trkpt lat="46.364159" lon="11.811647">
        <ele>2212.6</ele>
        <time>2024-07-17T11:32:36.119Z</time>
      </trkpt>
      <trkpt lat="46.364364" lon="11.811939">
        <ele>2212.2</ele>
        <time>2024-07-17T11:32:51.523Z</time>
      </trkpt>
      <trkpt lat="46.364473" lon="11.812009">
        <ele>2212</ele>
        <time>2024-07-17T11:32:57.783Z</time>
      </trkpt>
      <trkpt lat="46.364571" lon="11.812038">
        <ele>2211.9</ele>
        <time>2024-07-17T11:33:03.029Z</time>
      </trkpt>
      <trkpt lat="46.364679" lon="11.811958">
        <ele>2211.6</ele>
        <time>2024-07-17T11:33:09.332Z</time>
      </trkpt>
      <trkpt lat="46.364764" lon="11.811963">
        <ele>2211.4</ele>
        <time>2024-07-17T11:33:13.688Z</time>
      </trkpt>
      <trkpt lat="46.364799" lon="11.812009">
        <ele>2211.3</ele>
        <time>2024-07-17T11:33:16.108Z</time>
      </trkpt>
      <trkpt lat="46.365079" lon="11.812156">
        <ele>2210.5</ele>
        <time>2024-07-17T11:33:31.291Z</time>
      </trkpt>
      <trkpt lat="46.36528" lon="11.812151">
        <ele>2209.9</ele>
        <time>2024-07-17T11:33:41.290Z</time>
      </trkpt>
      <trkpt lat="46.365391" lon="11.812196">
        <ele>2209.5</ele>
        <time>2024-07-17T11:33:46.878Z</time>
      </trkpt>
      <trkpt lat="46.365488" lon="11.812347">
        <ele>2209</ele>
        <time>2024-07-17T11:33:53.766Z</time>
      </trkpt>
      <trkpt lat="46.365591" lon="11.8124">
        <ele>2208.6</ele>
        <time>2024-07-17T11:33:58.962Z</time>
      </trkpt>
      <trkpt lat="46.365702" lon="11.812406">
        <ele>2208.2</ele>
        <time>2024-07-17T11:34:04.201Z</time>
      </trkpt>
      <trkpt lat="46.36583" lon="11.812467">
        <ele>2207.6</ele>
        <time>2024-07-17T11:34:10.480Z</time>
      </trkpt>
      <trkpt lat="46.365967" lon="11.812481">
        <ele>2207</ele>
        <time>2024-07-17T11:34:16.838Z</time>
      </trkpt>
      <trkpt lat="46.366022" lon="11.812534">
        <ele>2206.7</ele>
        <time>2024-07-17T11:34:19.847Z</time>
      </trkpt>
      <trkpt lat="46.366058" lon="11.812516">
        <ele>2206.5</ele>
        <time>2024-07-17T11:34:21.583Z</time>
      </trkpt>
      <trkpt lat="46.366108" lon="11.812542">
        <ele>2206.2</ele>
        <time>2024-07-17T11:34:23.983Z</time>
      </trkpt>
      <trkpt lat="46.366311" lon="11.812768">
        <ele>2204.9</ele>
        <time>2024-07-17T11:34:35.434Z</time>
      </trkpt>
      <trkpt lat="46.36647" lon="11.812687">
        <ele>2203.9</ele>
        <time>2024-07-17T11:34:42.785Z</time>
      </trkpt>
      <trkpt lat="46.366604" lon="11.812722">
        <ele>2203.1</ele>
        <time>2024-07-17T11:34:48.625Z</time>
      </trkpt>
      <trkpt lat="46.366691" lon="11.812698">
        <ele>2202.5</ele>
        <time>2024-07-17T11:34:52.357Z</time>
      </trkpt>
      <trkpt lat="46.3668" lon="11.812714">
        <ele>2201.8</ele>
        <time>2024-07-17T11:34:56.921Z</time>
      </trkpt>
      <trkpt lat="46.366861" lon="11.812636">
        <ele>2201.2</ele>
        <time>2024-07-17T11:35:00.281Z</time>
      </trkpt>
      <trkpt lat="46.367046" lon="11.812588">
        <ele>2199.8</ele>
        <time>2024-07-17T11:35:08.044Z</time>
      </trkpt>
      <trkpt lat="46.367368" lon="11.812577">
        <ele>2197.1</ele>
        <time>2024-07-17T11:35:20.735Z</time>
      </trkpt>
      <trkpt lat="46.367472" lon="11.81254">
        <ele>2196.1</ele>
        <time>2024-07-17T11:35:24.732Z</time>
      </trkpt>
      <trkpt lat="46.367771" lon="11.8125">
        <ele>2193</ele>
        <time>2024-07-17T11:35:35.942Z</time>
      </trkpt>
      <trkpt lat="46.368004" lon="11.812387">
        <ele>2190.1</ele>
        <time>2024-07-17T11:35:44.688Z</time>
      </trkpt>
      <trkpt lat="46.368171" lon="11.812135">
        <ele>2186.9</ele>
        <time>2024-07-17T11:35:52.834Z</time>
      </trkpt>
      <trkpt lat="46.368819" lon="11.81162">
        <ele>2175</ele>
        <time>2024-07-17T11:36:16.287Z</time>
      </trkpt>
      <trkpt lat="46.368989" lon="11.81155">
        <ele>2171.9</ele>
        <time>2024-07-17T11:36:21.764Z</time>
      </trkpt>
      <trkpt lat="46.369245" lon="11.811499">
        <ele>2167.1</ele>
        <time>2024-07-17T11:36:29.635Z</time>
      </trkpt>
      <trkpt lat="46.369363" lon="11.811529">
        <ele>2164.9</ele>
        <time>2024-07-17T11:36:33.283Z</time>
      </trkpt>
      <trkpt lat="46.369696" lon="11.811685">
        <ele>2158.6</ele>
        <time>2024-07-17T11:36:43.935Z</time>
      </trkpt>
      <trkpt lat="46.369789" lon="11.81177">
        <ele>2156.8</ele>
        <time>2024-07-17T11:36:47.317Z</time>
      </trkpt>
      <trkpt lat="46.369843" lon="11.811885">
        <ele>2155.2</ele>
        <time>2024-07-17T11:36:50.307Z</time>
      </trkpt>
      <trkpt lat="46.369911" lon="11.812477">
        <ele>2147.8</ele>
        <time>2024-07-17T11:37:03.045Z</time>
      </trkpt>
      <trkpt lat="46.369926" lon="11.813026">
        <ele>2140.2</ele>
        <time>2024-07-17T11:37:14.500Z</time>
      </trkpt>
      <trkpt lat="46.369824" lon="11.813343">
        <ele>2135.2</ele>
        <time>2024-07-17T11:37:21.697Z</time>
      </trkpt>
      <trkpt lat="46.369775" lon="11.813688">
        <ele>2130</ele>
        <time>2024-07-17T11:37:28.903Z</time>
      </trkpt>
      <trkpt lat="46.369872" lon="11.814062">
        <ele>2124</ele>
        <time>2024-07-17T11:37:37.045Z</time>
      </trkpt>
      <trkpt lat="46.370037" lon="11.814174">
        <ele>2119.8</ele>
        <time>2024-07-17T11:37:42.380Z</time>
      </trkpt>
      <trkpt lat="46.370188" lon="11.813998">
        <ele>2115</ele>
        <time>2024-07-17T11:37:48.027Z</time>
      </trkpt>
      <trkpt lat="46.370412" lon="11.813801">
        <ele>2108.1</ele>
        <time>2024-07-17T11:37:55.631Z</time>
      </trkpt>
      <trkpt lat="46.370767" lon="11.813223">
        <ele>2094.2</ele>
        <time>2024-07-17T11:38:11.061Z</time>
      </trkpt>
      <trkpt lat="46.371061" lon="11.813087">
        <ele>2086.8</ele>
        <time>2024-07-17T11:38:20.006Z</time>
      </trkpt>
      <trkpt lat="46.371089" lon="11.813351">
        <ele>2082.5</ele>
        <time>2024-07-17T11:38:25.389Z</time>
      </trkpt>
      <trkpt lat="46.371232" lon="11.813667">
        <ele>2076.5</ele>
        <time>2024-07-17T11:38:33.018Z</time>
      </trkpt>
      <trkpt lat="46.371291" lon="11.813992">
        <ele>2071</ele>
        <time>2024-07-17T11:38:39.795Z</time>
      </trkpt>
      <trkpt lat="46.371532" lon="11.814292">
        <ele>2063.5</ele>
        <time>2024-07-17T11:38:49.066Z</time>
      </trkpt>
      <trkpt lat="46.371756" lon="11.814466">
        <ele>2057.7</ele>
        <time>2024-07-17T11:38:56.488Z</time>
      </trkpt>
      <trkpt lat="46.371854" lon="11.814641">
        <ele>2053.9</ele>
        <time>2024-07-17T11:39:01.025Z</time>
      </trkpt>
      <trkpt lat="46.371966" lon="11.814665">
        <ele>2051.1</ele>
        <time>2024-07-17T11:39:04.328Z</time>
      </trkpt>
      <trkpt lat="46.372335" lon="11.814089">
        <ele>2038.3</ele>
        <time>2024-07-17T11:39:20.135Z</time>
      </trkpt>
      <trkpt lat="46.372447" lon="11.814065">
        <ele>2035.6</ele>
        <time>2024-07-17T11:39:23.446Z</time>
      </trkpt>
      <trkpt lat="46.372542" lon="11.814292">
        <ele>2031.5</ele>
        <time>2024-07-17T11:39:28.814Z</time>
      </trkpt>
      <trkpt lat="46.372671" lon="11.8143">
        <ele>2028.6</ele>
        <time>2024-07-17T11:39:32.608Z</time>
      </trkpt>
      <trkpt lat="46.372755" lon="11.814118">
        <ele>2025.2</ele>
        <time>2024-07-17T11:39:37.053Z</time>
      </trkpt>
      <trkpt lat="46.372773" lon="11.813914">
        <ele>2022.2</ele>
        <time>2024-07-17T11:39:41.239Z</time>
      </trkpt>
      <trkpt lat="46.372783" lon="11.813793">
        <ele>2020.5</ele>
        <time>2024-07-17T11:39:43.732Z</time>
      </trkpt>
      <trkpt lat="46.372926" lon="11.813485">
        <ele>2015.5</ele>
        <time>2024-07-17T11:39:51.349Z</time>
      </trkpt>
      <trkpt lat="46.372999" lon="11.813201">
        <ele>2011.6</ele>
        <time>2024-07-17T11:39:57.641Z</time>
      </trkpt>
      <trkpt lat="46.37306" lon="11.81258">
        <ele>2004.7</ele>
        <time>2024-07-17T11:40:11.065Z</time>
      </trkpt>
      <trkpt lat="46.373032" lon="11.811343">
        <ele>1991.9</ele>
        <time>2024-07-17T11:40:38.209Z</time>
      </trkpt>
      <trkpt lat="46.373099" lon="11.810766">
        <ele>1986.1</ele>
        <time>2024-07-17T11:40:51.168Z</time>
      </trkpt>
      <trkpt lat="46.373304" lon="11.810073">
        <ele>1978.5</ele>
        <time>2024-07-17T11:41:07.963Z</time>
      </trkpt>
      <trkpt lat="46.373662" lon="11.808446">
        <ele>1958.3</ele>
        <time>2024-07-17T11:41:44.759Z</time>
      </trkpt>
      <trkpt lat="46.374183" lon="11.807103">
        <ele>1936.8</ele>
        <time>2024-07-17T11:42:16.990Z</time>
      </trkpt>
      <trkpt lat="46.374742" lon="11.806296">
        <ele>1921.8</ele>
        <time>2024-07-17T11:42:40.645Z</time>
      </trkpt>
      <trkpt lat="46.375322" lon="11.804401">
        <ele>1900.5</ele>
        <time>2024-07-17T11:43:25.320Z</time>
      </trkpt>
      <trkpt lat="46.375526" lon="11.804032">
        <ele>1896.1</ele>
        <time>2024-07-17T11:43:35.824Z</time>
      </trkpt>
      <trkpt lat="46.376268" lon="11.803131">
        <ele>1884.4</ele>
        <time>2024-07-17T11:44:08.605Z</time>
      </trkpt>
      <trkpt lat="46.376736" lon="11.802495">
        <ele>1878</ele>
        <time>2024-07-17T11:44:31.072Z</time>
      </trkpt>
      <trkpt lat="46.37703" lon="11.802273">
        <ele>1875.4</ele>
        <time>2024-07-17T11:44:43.481Z</time>
      </trkpt>
      <trkpt lat="46.377501" lon="11.802142">
        <ele>1872.6</ele>
        <time>2024-07-17T11:45:03.410Z</time>
      </trkpt>
      <trkpt lat="46.377676" lon="11.801908">
        <ele>1871.5</ele>
        <time>2024-07-17T11:45:13.866Z</time>
      </trkpt>
      <trkpt lat="46.378381" lon="11.802101">
        <ele>1870.5</ele>
        <time>2024-07-17T11:45:50.629Z</time>
      </trkpt>
      <trkpt lat="46.378496" lon="11.802112">
        <ele>1870.7</ele>
        <time>2024-07-17T11:45:56.889Z</time>
      </trkpt>
      <trkpt lat="46.378906" lon="11.802149">
        <ele>1872.1</ele>
        <time>2024-07-17T11:46:23.326Z</time>
      </trkpt>
      <trkpt lat="46.379154" lon="11.801897">
        <ele>1873.5</ele>
        <time>2024-07-17T11:46:43.435Z</time>
      </trkpt>
      <trkpt lat="46.379121" lon="11.801627">
        <ele>1874.6</ele>
        <time>2024-07-17T11:46:56.472Z</time>
      </trkpt>
      <trkpt lat="46.378428" lon="11.798815">
        <ele>1890.8</ele>
        <time>2024-07-17T11:49:28.473Z</time>
      </trkpt>
      <trkpt lat="46.378367" lon="11.798505">
        <ele>1892.9</ele>
        <time>2024-07-17T11:49:45.028Z</time>
      </trkpt>
      <trkpt lat="46.378344" lon="11.798237">
        <ele>1894.6</ele>
        <time>2024-07-17T11:49:59.150Z</time>
      </trkpt>
      <trkpt lat="46.378348" lon="11.797897">
        <ele>1896.6</ele>
        <time>2024-07-17T11:50:16.932Z</time>
      </trkpt>
      <trkpt lat="46.378472" lon="11.796681">
        <ele>1900.7</ele>
        <time>2024-07-17T11:51:17.183Z</time>
      </trkpt>
      <trkpt lat="46.378509" lon="11.796697">
        <ele>1900.7</ele>
        <time>2024-07-17T11:51:19.783Z</time>
      </trkpt>
      <trkpt lat="46.378532" lon="11.796809">
        <ele>1900.8</ele>
        <time>2024-07-17T11:51:24.531Z</time>
      </trkpt>
      <trkpt lat="46.37856" lon="11.798049">
        <ele>1899.7</ele>
        <time>2024-07-17T11:52:10.895Z</time>
      </trkpt>
      <trkpt lat="46.378835" lon="11.798582">
        <ele>1897.6</ele>
        <time>2024-07-17T11:52:34.157Z</time>
      </trkpt>
      <trkpt lat="46.378951" lon="11.798732">
        <ele>1896.9</ele>
        <time>2024-07-17T11:52:41.374Z</time>
      </trkpt>
      <trkpt lat="46.379009" lon="11.799129">
        <ele>1895.9</ele>
        <time>2024-07-17T11:52:54.589Z</time>
      </trkpt>
      <trkpt lat="46.379237" lon="11.800067">
        <ele>1894.4</ele>
        <time>2024-07-17T11:53:28.653Z</time>
      </trkpt>
      <trkpt lat="46.379519" lon="11.800418">
        <ele>1893.7</ele>
        <time>2024-07-17T11:53:47.806Z</time>
      </trkpt>
      <trkpt lat="46.379601" lon="11.800554">
        <ele>1893.5</ele>
        <time>2024-07-17T11:53:54.403Z</time>
      </trkpt>
      <trkpt lat="46.379634" lon="11.800789">
        <ele>1893.4</ele>
        <time>2024-07-17T11:54:03.360Z</time>
      </trkpt>
      <trkpt lat="46.37965" lon="11.801353">
        <ele>1893.2</ele>
        <time>2024-07-17T11:54:24.741Z</time>
      </trkpt>
      <trkpt lat="46.3797" lon="11.801726">
        <ele>1893.1</ele>
        <time>2024-07-17T11:54:39.371Z</time>
      </trkpt>
      <trkpt lat="46.37978" lon="11.801898">
        <ele>1893.1</ele>
        <time>2024-07-17T11:54:47.336Z</time>
      </trkpt>
      <trkpt lat="46.380012" lon="11.802129">
        <ele>1892.9</ele>
        <time>2024-07-17T11:55:03.005Z</time>
      </trkpt>
      <trkpt lat="46.380107" lon="11.802691">
        <ele>1892.7</ele>
        <time>2024-07-17T11:55:25.173Z</time>
      </trkpt>
      <trkpt lat="46.380328" lon="11.803643">
        <ele>1893.6</ele>
        <time>2024-07-17T11:56:05.649Z</time>
      </trkpt>
      <trkpt lat="46.380359" lon="11.803955">
        <ele>1893.6</ele>
        <time>2024-07-17T11:56:18.436Z</time>
      </trkpt>
      <trkpt lat="46.380479" lon="11.804227">
        <ele>1893.6</ele>
        <time>2024-07-17T11:56:30.907Z</time>
      </trkpt>
      <trkpt lat="46.380553" lon="11.804504">
        <ele>1893.4</ele>
        <time>2024-07-17T11:56:42.378Z</time>
      </trkpt>
      <trkpt lat="46.380657" lon="11.805283">
        <ele>1892.8</ele>
        <time>2024-07-17T11:57:12.313Z</time>
      </trkpt>
      <trkpt lat="46.380701" lon="11.806039">
        <ele>1892.3</ele>
        <time>2024-07-17T11:57:40.660Z</time>
      </trkpt>
      <trkpt lat="46.38068" lon="11.806583">
        <ele>1892</ele>
        <time>2024-07-17T11:58:01.149Z</time>
      </trkpt>
      <trkpt lat="46.380708" lon="11.806708">
        <ele>1891.9</ele>
        <time>2024-07-17T11:58:06.071Z</time>
      </trkpt>
      <trkpt lat="46.380777" lon="11.806784">
        <ele>1891.8</ele>
        <time>2024-07-17T11:58:10.741Z</time>
      </trkpt>
      <trkpt lat="46.380816" lon="11.806791">
        <ele>1891.8</ele>
        <time>2024-07-17T11:58:12.876Z</time>
      </trkpt>
      <trkpt lat="46.381016" lon="11.80664">
        <ele>1891.5</ele>
        <time>2024-07-17T11:58:25.129Z</time>
      </trkpt>
      <trkpt lat="46.381199" lon="11.806671">
        <ele>1891.4</ele>
        <time>2024-07-17T11:58:35.243Z</time>
      </trkpt>
      <trkpt lat="46.38138" lon="11.806608">
        <ele>1891.4</ele>
        <time>2024-07-17T11:58:45.508Z</time>
      </trkpt>
      <trkpt lat="46.381522" lon="11.806625">
        <ele>1891.3</ele>
        <time>2024-07-17T11:58:53.494Z</time>
      </trkpt>
      <trkpt lat="46.381702" lon="11.806743">
        <ele>1891.3</ele>
        <time>2024-07-17T11:59:04.711Z</time>
      </trkpt>
      <trkpt lat="46.381816" lon="11.806943">
        <ele>1891.4</ele>
        <time>2024-07-17T11:59:14.873Z</time>
      </trkpt>
      <trkpt lat="46.381849" lon="11.80742">
        <ele>1891.4</ele>
        <time>2024-07-17T11:59:33.857Z</time>
      </trkpt>
      <trkpt lat="46.38183" lon="11.80757">
        <ele>1891.5</ele>
        <time>2024-07-17T11:59:39.881Z</time>
      </trkpt>
      <trkpt lat="46.381778" lon="11.807704">
        <ele>1891.5</ele>
        <time>2024-07-17T11:59:45.902Z</time>
      </trkpt>
      <trkpt lat="46.381534" lon="11.807998">
        <ele>1891.4</ele>
        <time>2024-07-17T12:00:03.916Z</time>
      </trkpt>
      <trkpt lat="46.381467" lon="11.808147">
        <ele>1891.4</ele>
        <time>2024-07-17T12:00:10.843Z</time>
      </trkpt>
      <trkpt lat="46.381435" lon="11.808296">
        <ele>1891.4</ele>
        <time>2024-07-17T12:00:16.914Z</time>
      </trkpt>
      <trkpt lat="46.381418" lon="11.808487">
        <ele>1891.4</ele>
        <time>2024-07-17T12:00:24.629Z</time>
      </trkpt>
      <trkpt lat="46.381469" lon="11.808815">
        <ele>1891.7</ele>
        <time>2024-07-17T12:00:38.296Z</time>
      </trkpt>
      <trkpt lat="46.381432" lon="11.808974">
        <ele>1892</ele>
        <time>2024-07-17T12:00:45.409Z</time>
      </trkpt>
      <trkpt lat="46.381342" lon="11.809183">
        <ele>1892.6</ele>
        <time>2024-07-17T12:00:56.051Z</time>
      </trkpt>
      <trkpt lat="46.38134" lon="11.809779">
        <ele>1894.7</ele>
        <time>2024-07-17T12:01:23.700Z</time>
      </trkpt>
      <trkpt lat="46.381375" lon="11.809977">
        <ele>1895.6</ele>
        <time>2024-07-17T12:01:33.596Z</time>
      </trkpt>
      <trkpt lat="46.381453" lon="11.810131">
        <ele>1896.5</ele>
        <time>2024-07-17T12:01:43.154Z</time>
      </trkpt>
      <trkpt lat="46.381621" lon="11.810329">
        <ele>1898.1</ele>
        <time>2024-07-17T12:01:58.829Z</time>
      </trkpt>
      <trkpt lat="46.381728" lon="11.810401">
        <ele>1898.9</ele>
        <time>2024-07-17T12:02:07.341Z</time>
      </trkpt>
      <trkpt lat="46.381817" lon="11.810423">
        <ele>1899.5</ele>
        <time>2024-07-17T12:02:13.820Z</time>
      </trkpt>
      <trkpt lat="46.381969" lon="11.810376">
        <ele>1900.4</ele>
        <time>2024-07-17T12:02:24.974Z</time>
      </trkpt>
      <trkpt lat="46.382105" lon="11.810269">
        <ele>1901.3</ele>
        <time>2024-07-17T12:02:35.975Z</time>
      </trkpt>
      <trkpt lat="46.382545" lon="11.809802">
        <ele>1903</ele>
        <time>2024-07-17T12:03:12.684Z</time>
      </trkpt>
      <trkpt lat="46.382663" lon="11.80981">
        <ele>1903.1</ele>
        <time>2024-07-17T12:03:20.139Z</time>
      </trkpt>
      <trkpt lat="46.382726" lon="11.809901">
        <ele>1903.2</ele>
        <time>2024-07-17T12:03:25.098Z</time>
      </trkpt>
      <trkpt lat="46.382825" lon="11.810299">
        <ele>1902.8</ele>
        <time>2024-07-17T12:03:40.976Z</time>
      </trkpt>
      <trkpt lat="46.382911" lon="11.810468">
        <ele>1902.4</ele>
        <time>2024-07-17T12:03:48.361Z</time>
      </trkpt>
      <trkpt lat="46.383133" lon="11.810758">
        <ele>1901.2</ele>
        <time>2024-07-17T12:04:03.179Z</time>
      </trkpt>
      <trkpt lat="46.383148" lon="11.810898">
        <ele>1900.8</ele>
        <time>2024-07-17T12:04:07.749Z</time>
      </trkpt>
      <trkpt lat="46.383108" lon="11.811094">
        <ele>1900</ele>
        <time>2024-07-17T12:04:14.226Z</time>
      </trkpt>
      <trkpt lat="46.382811" lon="11.81184">
        <ele>1897.6</ele>
        <time>2024-07-17T12:04:41.717Z</time>
      </trkpt>
      <trkpt lat="46.38273" lon="11.812606">
        <ele>1898</ele>
        <time>2024-07-17T12:05:09.672Z</time>
      </trkpt>
      <trkpt lat="46.382741" lon="11.812974">
        <ele>1899.7</ele>
        <time>2024-07-17T12:05:26.588Z</time>
      </trkpt>
      <trkpt lat="46.382799" lon="11.81323">
        <ele>1901.5</ele>
        <time>2024-07-17T12:05:40.538Z</time>
      </trkpt>
      <trkpt lat="46.382914" lon="11.81348">
        <ele>1903.5</ele>
        <time>2024-07-17T12:05:56.093Z</time>
      </trkpt>
      <trkpt lat="46.383129" lon="11.8138">
        <ele>1906.6</ele>
        <time>2024-07-17T12:06:19.789Z</time>
      </trkpt>
      <trkpt lat="46.383322" lon="11.813978">
        <ele>1909.1</ele>
        <time>2024-07-17T12:06:37.646Z</time>
      </trkpt>
      <trkpt lat="46.383499" lon="11.814092">
        <ele>1911.4</ele>
        <time>2024-07-17T12:06:52.906Z</time>
      </trkpt>
      <trkpt lat="46.383637" lon="11.814141">
        <ele>1913</ele>
        <time>2024-07-17T12:07:04.099Z</time>
      </trkpt>
      <trkpt lat="46.383681" lon="11.814237">
        <ele>1914</ele>
        <time>2024-07-17T12:07:10.393Z</time>
      </trkpt>
      <trkpt lat="46.38354" lon="11.814704">
        <ele>1918.2</ele>
        <time>2024-07-17T12:07:38.229Z</time>
      </trkpt>
      <trkpt lat="46.38347" lon="11.815082">
        <ele>1921.3</ele>
        <time>2024-07-17T12:07:59.593Z</time>
      </trkpt>
      <trkpt lat="46.383476" lon="11.815359">
        <ele>1923.4</ele>
        <time>2024-07-17T12:08:14.448Z</time>
      </trkpt>
      <trkpt lat="46.383522" lon="11.815607">
        <ele>1924.9</ele>
        <time>2024-07-17T12:08:28.056Z</time>
      </trkpt>
      <trkpt lat="46.38378" lon="11.81633">
        <ele>1930.5</ele>
        <time>2024-07-17T12:09:11.279Z</time>
      </trkpt>
      <trkpt lat="46.383825" lon="11.816547">
        <ele>1932.2</ele>
        <time>2024-07-17T12:09:23.399Z</time>
      </trkpt>
      <trkpt lat="46.383924" lon="11.816692">
        <ele>1933.8</ele>
        <time>2024-07-17T12:09:34.429Z</time>
      </trkpt>
      <trkpt lat="46.384158" lon="11.81683">
        <ele>1936.6</ele>
        <time>2024-07-17T12:09:54.226Z</time>
      </trkpt>
      <trkpt lat="46.384205" lon="11.816957">
        <ele>1937.7</ele>
        <time>2024-07-17T12:10:02.017Z</time>
      </trkpt>
      <trkpt lat="46.384236" lon="11.817163">
        <ele>1939.3</ele>
        <time>2024-07-17T12:10:13.403Z</time>
      </trkpt>
      <trkpt lat="46.3843" lon="11.817277">
        <ele>1940.4</ele>
        <time>2024-07-17T12:10:21.302Z</time>
      </trkpt>
      <trkpt lat="46.384535" lon="11.817527">
        <ele>1943.4</ele>
        <time>2024-07-17T12:10:44.006Z</time>
      </trkpt>
      <trkpt lat="46.385139" lon="11.817946">
        <ele>1949.2</ele>
        <time>2024-07-17T12:11:35.040Z</time>
      </trkpt>
      <trkpt lat="46.385249" lon="11.818157">
        <ele>1950.5</ele>
        <time>2024-07-17T12:11:48.562Z</time>
      </trkpt>
      <trkpt lat="46.38536" lon="11.8183">
        <ele>1951.3</ele>
        <time>2024-07-17T12:11:59.168Z</time>
      </trkpt>
      <trkpt lat="46.385926" lon="11.81853">
        <ele>1953.3</ele>
        <time>2024-07-17T12:12:38.902Z</time>
      </trkpt>
      <trkpt lat="46.386027" lon="11.818601">
        <ele>1953.5</ele>
        <time>2024-07-17T12:12:46.022Z</time>
      </trkpt>
      <trkpt lat="46.38618" lon="11.818598">
        <ele>1953.7</ele>
        <time>2024-07-17T12:12:55.141Z</time>
      </trkpt>
      <trkpt lat="46.386258" lon="11.818655">
        <ele>1953.8</ele>
        <time>2024-07-17T12:13:00.297Z</time>
      </trkpt>
      <trkpt lat="46.386325" lon="11.818763">
        <ele>1953.8</ele>
        <time>2024-07-17T12:13:06.213Z</time>
      </trkpt>
      <trkpt lat="46.386404" lon="11.819063">
        <ele>1953.9</ele>
        <time>2024-07-17T12:13:19.191Z</time>
      </trkpt>
      <trkpt lat="46.386533" lon="11.819348">
        <ele>1953.9</ele>
        <time>2024-07-17T12:13:32.729Z</time>
      </trkpt>
      <trkpt lat="46.386694" lon="11.820067">
        <ele>1953.9</ele>
        <time>2024-07-17T12:14:02.333Z</time>
      </trkpt>
      <trkpt lat="46.386785" lon="11.820172">
        <ele>1953.9</ele>
        <time>2024-07-17T12:14:08.937Z</time>
      </trkpt>
      <trkpt lat="46.386901" lon="11.820146">
        <ele>1953.9</ele>
        <time>2024-07-17T12:14:15.728Z</time>
      </trkpt>
      <trkpt lat="46.387113" lon="11.820003">
        <ele>1954.1</ele>
        <time>2024-07-17T12:14:29.318Z</time>
      </trkpt>
      <trkpt lat="46.387217" lon="11.820034">
        <ele>1954.2</ele>
        <time>2024-07-17T12:14:35.651Z</time>
      </trkpt>
      <trkpt lat="46.387381" lon="11.820215">
        <ele>1954.5</ele>
        <time>2024-07-17T12:14:48.045Z</time>
      </trkpt>
      <trkpt lat="46.387448" lon="11.820383">
        <ele>1954.8</ele>
        <time>2024-07-17T12:14:56.294Z</time>
      </trkpt>
      <trkpt lat="46.387488" lon="11.820637">
        <ele>1955.3</ele>
        <time>2024-07-17T12:15:07.369Z</time>
      </trkpt>
      <trkpt lat="46.387501" lon="11.821126">
        <ele>1956.3</ele>
        <time>2024-07-17T12:15:28.868Z</time>
      </trkpt>
      <trkpt lat="46.387596" lon="11.82144">
        <ele>1957.1</ele>
        <time>2024-07-17T12:15:44.141Z</time>
      </trkpt>
      <trkpt lat="46.3878" lon="11.821768">
        <ele>1957.9</ele>
        <time>2024-07-17T12:16:03.684Z</time>
      </trkpt>
      <trkpt lat="46.388137" lon="11.822062">
        <ele>1958.7</ele>
        <time>2024-07-17T12:16:28.285Z</time>
      </trkpt>
      <trkpt lat="46.38829" lon="11.822195">
        <ele>1958.9</ele>
        <time>2024-07-17T12:16:39.203Z</time>
      </trkpt>
      <trkpt lat="46.388748" lon="11.822737">
        <ele>1959.3</ele>
        <time>2024-07-17T12:17:13.946Z</time>
      </trkpt>
      <trkpt lat="46.38882" lon="11.822858">
        <ele>1959.3</ele>
        <time>2024-07-17T12:17:20.302Z</time>
      </trkpt>
      <trkpt lat="46.388897" lon="11.823068">
        <ele>1959.2</ele>
        <time>2024-07-17T12:17:29.463Z</time>
      </trkpt>
      <trkpt lat="46.388983" lon="11.823579">
        <ele>1958.9</ele>
        <time>2024-07-17T12:17:49.481Z</time>
      </trkpt>
      <trkpt lat="46.38908" lon="11.823897">
        <ele>1958.7</ele>
        <time>2024-07-17T12:18:02.591Z</time>
      </trkpt>
      <trkpt lat="46.389339" lon="11.824479">
        <ele>1958.4</ele>
        <time>2024-07-17T12:18:28.867Z</time>
      </trkpt>
      <trkpt lat="46.389401" lon="11.824567">
        <ele>1958.4</ele>
        <time>2024-07-17T12:18:33.674Z</time>
      </trkpt>
      <trkpt lat="46.389817" lon="11.825045">
        <ele>1959</ele>
        <time>2024-07-17T12:19:05.126Z</time>
      </trkpt>
      <trkpt lat="46.390005" lon="11.825208">
        <ele>1959.4</ele>
        <time>2024-07-17T12:19:18.305Z</time>
      </trkpt>
      <trkpt lat="46.390327" lon="11.825348">
        <ele>1960.3</ele>
        <time>2024-07-17T12:19:39.373Z</time>
      </trkpt>
      <trkpt lat="46.390673" lon="11.825599">
        <ele>1961.4</ele>
        <time>2024-07-17T12:20:04.015Z</time>
      </trkpt>
      <trkpt lat="46.390888" lon="11.825672">
        <ele>1961.9</ele>
        <time>2024-07-17T12:20:18.011Z</time>
      </trkpt>
      <trkpt lat="46.391197" lon="11.825654">
        <ele>1962.6</ele>
        <time>2024-07-17T12:20:37.308Z</time>
      </trkpt>
      <trkpt lat="46.391244" lon="11.825686">
        <ele>1962.7</ele>
        <time>2024-07-17T12:20:40.470Z</time>
      </trkpt>
      <trkpt lat="46.391476" lon="11.826">
        <ele>1963</ele>
        <time>2024-07-17T12:20:59.795Z</time>
      </trkpt>
      <trkpt lat="46.39191" lon="11.826405">
        <ele>1964.1</ele>
        <time>2024-07-17T12:21:31.315Z</time>
      </trkpt>
      <trkpt lat="46.391939" lon="11.826476">
        <ele>1964.3</ele>
        <time>2024-07-17T12:21:34.921Z</time>
      </trkpt>
      <trkpt lat="46.391941" lon="11.826557">
        <ele>1964.5</ele>
        <time>2024-07-17T12:21:38.543Z</time>
      </trkpt>
      <trkpt lat="46.391875" lon="11.826798">
        <ele>1965</ele>
        <time>2024-07-17T12:21:50.130Z</time>
      </trkpt>
      <trkpt lat="46.391872" lon="11.826899">
        <ele>1965.3</ele>
        <time>2024-07-17T12:21:54.647Z</time>
      </trkpt>
      <trkpt lat="46.391906" lon="11.826992">
        <ele>1965.5</ele>
        <time>2024-07-17T12:21:59.352Z</time>
      </trkpt>
      <trkpt lat="46.392583" lon="11.827722">
        <ele>1966.6</ele>
        <time>2024-07-17T12:22:51.426Z</time>
      </trkpt>
      <trkpt lat="46.39262" lon="11.827763">
        <ele>1966.6</ele>
        <time>2024-07-17T12:22:54.182Z</time>
      </trkpt>
      <trkpt lat="46.392648" lon="11.827693">
        <ele>1966.5</ele>
        <time>2024-07-17T12:22:57.349Z</time>
      </trkpt>
      <trkpt lat="46.3927" lon="11.827639">
        <ele>1966.5</ele>
        <time>2024-07-17T12:23:00.981Z</time>
      </trkpt>
      <trkpt lat="46.392648" lon="11.827693">
        <ele>1966.5</ele>
        <time>2024-07-17T12:23:04.612Z</time>
      </trkpt>
      <trkpt lat="46.39262" lon="11.827763">
        <ele>1966.6</ele>
        <time>2024-07-17T12:23:07.781Z</time>
      </trkpt>
      <trkpt lat="46.392583" lon="11.827722">
        <ele>1966.6</ele>
        <time>2024-07-17T12:23:10.423Z</time>
      </trkpt>
      <trkpt lat="46.391906" lon="11.826992">
        <ele>1965.5</ele>
        <time>2024-07-17T12:23:56.318Z</time>
      </trkpt>
      <trkpt lat="46.391872" lon="11.826899">
        <ele>1965.3</ele>
        <time>2024-07-17T12:24:00.080Z</time>
      </trkpt>
      <trkpt lat="46.391875" lon="11.826798">
        <ele>1965</ele>
        <time>2024-07-17T12:24:03.480Z</time>
      </trkpt>
      <trkpt lat="46.391941" lon="11.826557">
        <ele>1964.5</ele>
        <time>2024-07-17T12:24:12.202Z</time>
      </trkpt>
      <trkpt lat="46.391939" lon="11.826476">
        <ele>1964.3</ele>
        <time>2024-07-17T12:24:14.928Z</time>
      </trkpt>
      <trkpt lat="46.39191" lon="11.826405">
        <ele>1964.1</ele>
        <time>2024-07-17T12:24:17.702Z</time>
      </trkpt>
      <trkpt lat="46.391476" lon="11.826">
        <ele>1963</ele>
        <time>2024-07-17T12:24:43.602Z</time>
      </trkpt>
      <trkpt lat="46.391244" lon="11.825686">
        <ele>1962.7</ele>
        <time>2024-07-17T12:25:00.259Z</time>
      </trkpt>
      <trkpt lat="46.391197" lon="11.825654">
        <ele>1962.6</ele>
        <time>2024-07-17T12:25:02.995Z</time>
      </trkpt>
      <trkpt lat="46.390888" lon="11.825672">
        <ele>1961.9</ele>
        <time>2024-07-17T12:25:19.281Z</time>
      </trkpt>
      <trkpt lat="46.390673" lon="11.825599">
        <ele>1961.4</ele>
        <time>2024-07-17T12:25:30.575Z</time>
      </trkpt>
      <trkpt lat="46.390327" lon="11.825348">
        <ele>1960.3</ele>
        <time>2024-07-17T12:25:49.989Z</time>
      </trkpt>
      <trkpt lat="46.390005" lon="11.825208">
        <ele>1959.4</ele>
        <time>2024-07-17T12:26:06.750Z</time>
      </trkpt>
      <trkpt lat="46.389817" lon="11.825045">
        <ele>1959</ele>
        <time>2024-07-17T12:26:17.896Z</time>
      </trkpt>
      <trkpt lat="46.389401" lon="11.824567">
        <ele>1958.4</ele>
        <time>2024-07-17T12:26:46.235Z</time>
      </trkpt>
      <trkpt lat="46.389339" lon="11.824479">
        <ele>1958.4</ele>
        <time>2024-07-17T12:26:50.947Z</time>
      </trkpt>
      <trkpt lat="46.38908" lon="11.823897">
        <ele>1958.7</ele>
        <time>2024-07-17T12:27:18.719Z</time>
      </trkpt>
      <trkpt lat="46.388983" lon="11.823579">
        <ele>1958.9</ele>
        <time>2024-07-17T12:27:32.762Z</time>
      </trkpt>
      <trkpt lat="46.388897" lon="11.823068">
        <ele>1959.2</ele>
        <time>2024-07-17T12:27:54.129Z</time>
      </trkpt>
      <trkpt lat="46.38882" lon="11.822858">
        <ele>1959.3</ele>
        <time>2024-07-17T12:28:03.705Z</time>
      </trkpt>
      <trkpt lat="46.388748" lon="11.822737">
        <ele>1959.3</ele>
        <time>2024-07-17T12:28:10.067Z</time>
      </trkpt>
      <trkpt lat="46.38829" lon="11.822195">
        <ele>1958.9</ele>
        <time>2024-07-17T12:28:43.110Z</time>
      </trkpt>
      <trkpt lat="46.388137" lon="11.822062">
        <ele>1958.7</ele>
        <time>2024-07-17T12:28:52.885Z</time>
      </trkpt>
      <trkpt lat="46.3878" lon="11.821768">
        <ele>1957.9</ele>
        <time>2024-07-17T12:29:13.473Z</time>
      </trkpt>
      <trkpt lat="46.387596" lon="11.82144">
        <ele>1957.1</ele>
        <time>2024-07-17T12:29:29.012Z</time>
      </trkpt>
      <trkpt lat="46.387501" lon="11.821126">
        <ele>1956.3</ele>
        <time>2024-07-17T12:29:40.696Z</time>
      </trkpt>
      <trkpt lat="46.387488" lon="11.820637">
        <ele>1955.3</ele>
        <time>2024-07-17T12:29:57.229Z</time>
      </trkpt>
      <trkpt lat="46.387448" lon="11.820383">
        <ele>1954.8</ele>
        <time>2024-07-17T12:30:06.189Z</time>
      </trkpt>
      <trkpt lat="46.387381" lon="11.820215">
        <ele>1954.5</ele>
        <time>2024-07-17T12:30:13.141Z</time>
      </trkpt>
      <trkpt lat="46.387217" lon="11.820034">
        <ele>1954.2</ele>
        <time>2024-07-17T12:30:23.843Z</time>
      </trkpt>
      <trkpt lat="46.387113" lon="11.820003">
        <ele>1954.1</ele>
        <time>2024-07-17T12:30:29.515Z</time>
      </trkpt>
      <trkpt lat="46.386901" lon="11.820146">
        <ele>1953.9</ele>
        <time>2024-07-17T12:30:42.118Z</time>
      </trkpt>
      <trkpt lat="46.386785" lon="11.820172">
        <ele>1953.9</ele>
        <time>2024-07-17T12:30:48.626Z</time>
      </trkpt>
      <trkpt lat="46.386694" lon="11.820067">
        <ele>1953.9</ele>
        <time>2024-07-17T12:30:55.103Z</time>
      </trkpt>
      <trkpt lat="46.386533" lon="11.819348">
        <ele>1953.9</ele>
        <time>2024-07-17T12:31:24.709Z</time>
      </trkpt>
      <trkpt lat="46.386404" lon="11.819063">
        <ele>1953.9</ele>
        <time>2024-07-17T12:31:38.059Z</time>
      </trkpt>
      <trkpt lat="46.386325" lon="11.818763">
        <ele>1953.8</ele>
        <time>2024-07-17T12:31:50.460Z</time>
      </trkpt>
      <trkpt lat="46.386258" lon="11.818655">
        <ele>1953.8</ele>
        <time>2024-07-17T12:31:55.966Z</time>
      </trkpt>
      <trkpt lat="46.38618" lon="11.818598">
        <ele>1953.7</ele>
        <time>2024-07-17T12:32:00.727Z</time>
      </trkpt>
      <trkpt lat="46.386027" lon="11.818601">
        <ele>1953.5</ele>
        <time>2024-07-17T12:32:09.067Z</time>
      </trkpt>
      <trkpt lat="46.385926" lon="11.81853">
        <ele>1953.3</ele>
        <time>2024-07-17T12:32:15.125Z</time>
      </trkpt>
      <trkpt lat="46.38536" lon="11.8183">
        <ele>1951.3</ele>
        <time>2024-07-17T12:32:44.585Z</time>
      </trkpt>
      <trkpt lat="46.385249" lon="11.818157">
        <ele>1950.5</ele>
        <time>2024-07-17T12:32:51.410Z</time>
      </trkpt>
      <trkpt lat="46.385139" lon="11.817946">
        <ele>1949.2</ele>
        <time>2024-07-17T12:32:59.097Z</time>
      </trkpt>
      <trkpt lat="46.384535" lon="11.817527">
        <ele>1943.4</ele>
        <time>2024-07-17T12:33:25.504Z</time>
      </trkpt>
      <trkpt lat="46.3843" lon="11.817277">
        <ele>1940.4</ele>
        <time>2024-07-17T12:33:36.388Z</time>
      </trkpt>
      <trkpt lat="46.384236" lon="11.817163">
        <ele>1939.3</ele>
        <time>2024-07-17T12:33:40.003Z</time>
      </trkpt>
      <trkpt lat="46.384205" lon="11.816957">
        <ele>1937.7</ele>
        <time>2024-07-17T12:33:45.189Z</time>
      </trkpt>
      <trkpt lat="46.384158" lon="11.81683">
        <ele>1936.6</ele>
        <time>2024-07-17T12:33:48.695Z</time>
      </trkpt>
      <trkpt lat="46.383924" lon="11.816692">
        <ele>1933.8</ele>
        <time>2024-07-17T12:33:57.585Z</time>
      </trkpt>
      <trkpt lat="46.383825" lon="11.816547">
        <ele>1932.2</ele>
        <time>2024-07-17T12:34:02.537Z</time>
      </trkpt>
      <trkpt lat="46.38378" lon="11.81633">
        <ele>1930.5</ele>
        <time>2024-07-17T12:34:08.035Z</time>
      </trkpt>
      <trkpt lat="46.383522" lon="11.815607">
        <ele>1924.9</ele>
        <time>2024-07-17T12:34:28.255Z</time>
      </trkpt>
      <trkpt lat="46.383476" lon="11.815359">
        <ele>1923.4</ele>
        <time>2024-07-17T12:34:34.734Z</time>
      </trkpt>
      <trkpt lat="46.38347" lon="11.815082">
        <ele>1921.3</ele>
        <time>2024-07-17T12:34:41.757Z</time>
      </trkpt>
      <trkpt lat="46.38354" lon="11.814704">
        <ele>1918.2</ele>
        <time>2024-07-17T12:34:51.437Z</time>
      </trkpt>
      <trkpt lat="46.383681" lon="11.814237">
        <ele>1914</ele>
        <time>2024-07-17T12:35:03.541Z</time>
      </trkpt>
      <trkpt lat="46.383637" lon="11.814141">
        <ele>1913</ele>
        <time>2024-07-17T12:35:06.277Z</time>
      </trkpt>
      <trkpt lat="46.383499" lon="11.814092">
        <ele>1911.4</ele>
        <time>2024-07-17T12:35:11.163Z</time>
      </trkpt>
      <trkpt lat="46.383322" lon="11.813978">
        <ele>1909.1</ele>
        <time>2024-07-17T12:35:17.898Z</time>
      </trkpt>
      <trkpt lat="46.383129" lon="11.8138">
        <ele>1906.6</ele>
        <time>2024-07-17T12:35:25.851Z</time>
      </trkpt>
      <trkpt lat="46.382914" lon="11.81348">
        <ele>1903.5</ele>
        <time>2024-07-17T12:35:36.789Z</time>
      </trkpt>
      <trkpt lat="46.382799" lon="11.81323">
        <ele>1901.5</ele>
        <time>2024-07-17T12:35:44.386Z</time>
      </trkpt>
      <trkpt lat="46.382741" lon="11.812974">
        <ele>1899.7</ele>
        <time>2024-07-17T12:35:51.542Z</time>
      </trkpt>
      <trkpt lat="46.38273" lon="11.812606">
        <ele>1898</ele>
        <time>2024-07-17T12:36:01.329Z</time>
      </trkpt>
      <trkpt lat="46.382811" lon="11.81184">
        <ele>1897.6</ele>
        <time>2024-07-17T12:36:26.442Z</time>
      </trkpt>
      <trkpt lat="46.383108" lon="11.811094">
        <ele>1900</ele>
        <time>2024-07-17T12:37:02.844Z</time>
      </trkpt>
      <trkpt lat="46.383148" lon="11.810898">
        <ele>1900.8</ele>
        <time>2024-07-17T12:37:12.332Z</time>
      </trkpt>
      <trkpt lat="46.383133" lon="11.810758">
        <ele>1901.2</ele>
        <time>2024-07-17T12:37:18.939Z</time>
      </trkpt>
      <trkpt lat="46.382911" lon="11.810468">
        <ele>1902.4</ele>
        <time>2024-07-17T12:37:38.901Z</time>
      </trkpt>
      <trkpt lat="46.382825" lon="11.810299">
        <ele>1902.8</ele>
        <time>2024-07-17T12:37:48.168Z</time>
      </trkpt>
      <trkpt lat="46.382726" lon="11.809901">
        <ele>1903.2</ele>
        <time>2024-07-17T12:38:06.432Z</time>
      </trkpt>
      <trkpt lat="46.382663" lon="11.80981">
        <ele>1903.1</ele>
        <time>2024-07-17T12:38:11.693Z</time>
      </trkpt>
      <trkpt lat="46.382545" lon="11.809802">
        <ele>1903</ele>
        <time>2024-07-17T12:38:18.520Z</time>
      </trkpt>
      <trkpt lat="46.382105" lon="11.810269">
        <ele>1901.3</ele>
        <time>2024-07-17T12:38:46.026Z</time>
      </trkpt>
      <trkpt lat="46.381969" lon="11.810376">
        <ele>1900.4</ele>
        <time>2024-07-17T12:38:53.182Z</time>
      </trkpt>
      <trkpt lat="46.381817" lon="11.810423">
        <ele>1899.5</ele>
        <time>2024-07-17T12:38:59.780Z</time>
      </trkpt>
      <trkpt lat="46.381728" lon="11.810401">
        <ele>1898.9</ele>
        <time>2024-07-17T12:39:03.552Z</time>
      </trkpt>
      <trkpt lat="46.381621" lon="11.810329">
        <ele>1898.1</ele>
        <time>2024-07-17T12:39:08.481Z</time>
      </trkpt>
      <trkpt lat="46.381453" lon="11.810131">
        <ele>1896.5</ele>
        <time>2024-07-17T12:39:17.445Z</time>
      </trkpt>
      <trkpt lat="46.381375" lon="11.809977">
        <ele>1895.6</ele>
        <time>2024-07-17T12:39:22.869Z</time>
      </trkpt>
      <trkpt lat="46.38134" lon="11.809779">
        <ele>1894.7</ele>
        <time>2024-07-17T12:39:28.656Z</time>
      </trkpt>
      <trkpt lat="46.381342" lon="11.809183">
        <ele>1892.6</ele>
        <time>2024-07-17T12:39:46.490Z</time>
      </trkpt>
      <trkpt lat="46.381432" lon="11.808974">
        <ele>1892</ele>
        <time>2024-07-17T12:39:54.359Z</time>
      </trkpt>
      <trkpt lat="46.381469" lon="11.808815">
        <ele>1891.7</ele>
        <time>2024-07-17T12:40:00.256Z</time>
      </trkpt>
      <trkpt lat="46.381418" lon="11.808487">
        <ele>1891.4</ele>
        <time>2024-07-17T12:40:12.344Z</time>
      </trkpt>
      <trkpt lat="46.381435" lon="11.808296">
        <ele>1891.4</ele>
        <time>2024-07-17T12:40:19.601Z</time>
      </trkpt>
      <trkpt lat="46.381467" lon="11.808147">
        <ele>1891.4</ele>
        <time>2024-07-17T12:40:25.573Z</time>
      </trkpt>
      <trkpt lat="46.381534" lon="11.807998">
        <ele>1891.4</ele>
        <time>2024-07-17T12:40:32.587Z</time>
      </trkpt>
      <trkpt lat="46.381778" lon="11.807704">
        <ele>1891.5</ele>
        <time>2024-07-17T12:40:50.703Z</time>
      </trkpt>
      <trkpt lat="46.38183" lon="11.80757">
        <ele>1891.5</ele>
        <time>2024-07-17T12:40:56.724Z</time>
      </trkpt>
      <trkpt lat="46.381849" lon="11.80742">
        <ele>1891.4</ele>
        <time>2024-07-17T12:41:02.698Z</time>
      </trkpt>
      <trkpt lat="46.381816" lon="11.806943">
        <ele>1891.4</ele>
        <time>2024-07-17T12:41:21.320Z</time>
      </trkpt>
      <trkpt lat="46.381702" lon="11.806743">
        <ele>1891.3</ele>
        <time>2024-07-17T12:41:31.367Z</time>
      </trkpt>
      <trkpt lat="46.381522" lon="11.806625">
        <ele>1891.3</ele>
        <time>2024-07-17T12:41:42.585Z</time>
      </trkpt>
      <trkpt lat="46.38138" lon="11.806608">
        <ele>1891.4</ele>
        <time>2024-07-17T12:41:50.673Z</time>
      </trkpt>
      <trkpt lat="46.381199" lon="11.806671">
        <ele>1891.4</ele>
        <time>2024-07-17T12:42:01.377Z</time>
      </trkpt>
      <trkpt lat="46.381016" lon="11.80664">
        <ele>1891.5</ele>
        <time>2024-07-17T12:42:12.139Z</time>
      </trkpt>
      <trkpt lat="46.380816" lon="11.806791">
        <ele>1891.8</ele>
        <time>2024-07-17T12:42:25.367Z</time>
      </trkpt>
      <trkpt lat="46.380777" lon="11.806784">
        <ele>1891.8</ele>
        <time>2024-07-17T12:42:27.693Z</time>
      </trkpt>
      <trkpt lat="46.380708" lon="11.806708">
        <ele>1891.9</ele>
        <time>2024-07-17T12:42:32.825Z</time>
      </trkpt>
      <trkpt lat="46.38068" lon="11.806583">
        <ele>1892</ele>
        <time>2024-07-17T12:42:38.233Z</time>
      </trkpt>
      <trkpt lat="46.380701" lon="11.806039">
        <ele>1892.3</ele>
        <time>2024-07-17T12:43:00.511Z</time>
      </trkpt>
      <trkpt lat="46.380657" lon="11.805283">
        <ele>1892.8</ele>
        <time>2024-07-17T12:43:31.413Z</time>
      </trkpt>
      <trkpt lat="46.380553" lon="11.804504">
        <ele>1893.4</ele>
        <time>2024-07-17T12:44:03.925Z</time>
      </trkpt>
      <trkpt lat="46.380479" lon="11.804227">
        <ele>1893.6</ele>
        <time>2024-07-17T12:44:15.987Z</time>
      </trkpt>
      <trkpt lat="46.380359" lon="11.803955">
        <ele>1893.6</ele>
        <time>2024-07-17T12:44:28.811Z</time>
      </trkpt>
      <trkpt lat="46.380328" lon="11.803643">
        <ele>1893.6</ele>
        <time>2024-07-17T12:44:41.328Z</time>
      </trkpt>
      <trkpt lat="46.380107" lon="11.802691">
        <ele>1892.7</ele>
        <time>2024-07-17T12:45:19.269Z</time>
      </trkpt>
      <trkpt lat="46.380012" lon="11.802129">
        <ele>1892.9</ele>
        <time>2024-07-17T12:45:41.282Z</time>
      </trkpt>
      <trkpt lat="46.37978" lon="11.801898">
        <ele>1893.1</ele>
        <time>2024-07-17T12:45:57.611Z</time>
      </trkpt>
      <trkpt lat="46.3797" lon="11.801726">
        <ele>1893.1</ele>
        <time>2024-07-17T12:46:05.895Z</time>
      </trkpt>
      <trkpt lat="46.37965" lon="11.801353">
        <ele>1893.2</ele>
        <time>2024-07-17T12:46:21.070Z</time>
      </trkpt>
      <trkpt lat="46.379634" lon="11.800789">
        <ele>1893.4</ele>
        <time>2024-07-17T12:46:43.557Z</time>
      </trkpt>
      <trkpt lat="46.379601" lon="11.800554">
        <ele>1893.5</ele>
        <time>2024-07-17T12:46:53.260Z</time>
      </trkpt>
      <trkpt lat="46.379519" lon="11.800418">
        <ele>1893.7</ele>
        <time>2024-07-17T12:47:00.663Z</time>
      </trkpt>
      <trkpt lat="46.379237" lon="11.800067">
        <ele>1894.4</ele>
        <time>2024-07-17T12:47:23.193Z</time>
      </trkpt>
      <trkpt lat="46.379009" lon="11.799129">
        <ele>1895.9</ele>
        <time>2024-07-17T12:48:05.749Z</time>
      </trkpt>
      <trkpt lat="46.378951" lon="11.798732">
        <ele>1896.9</ele>
        <time>2024-07-17T12:48:23.641Z</time>
      </trkpt>
      <trkpt lat="46.378835" lon="11.798582">
        <ele>1897.6</ele>
        <time>2024-07-17T12:48:33.955Z</time>
      </trkpt>
      <trkpt lat="46.37856" lon="11.798049">
        <ele>1899.8</ele>
        <time>2024-07-17T12:49:04.889Z</time>
      </trkpt>
      <trkpt lat="46.378532" lon="11.796809">
        <ele>1903.4</ele>
        <time>2024-07-17T12:50:02.649Z</time>
      </trkpt>
      <trkpt lat="46.378526" lon="11.796612">
        <ele>1903.9</ele>
        <time>2024-07-17T12:50:11.738Z</time>
      </trkpt>
      <trkpt lat="46.378474" lon="11.796585">
        <ele>1904.1</ele>
        <time>2024-07-17T12:50:15.373Z</time>
      </trkpt>
      <trkpt lat="46.378453" lon="11.795755">
        <ele>1906</ele>
        <time>2024-07-17T12:50:52.732Z</time>
      </trkpt>
      <trkpt lat="46.378431" lon="11.794961">
        <ele>1907.4</ele>
        <time>2024-07-17T12:51:27.885Z</time>
      </trkpt>
      <trkpt lat="46.378394" lon="11.794943">
        <ele>1907.5</ele>
        <time>2024-07-17T12:51:30.366Z</time>
      </trkpt>
      <trkpt lat="46.378282" lon="11.794915">
        <ele>1907.9</ele>
        <time>2024-07-17T12:51:37.743Z</time>
      </trkpt>
      <trkpt lat="46.378123" lon="11.793577">
        <ele>1912</ele>
        <time>2024-07-17T12:52:40.563Z</time>
      </trkpt>
      <trkpt lat="46.378264" lon="11.793427">
        <ele>1912.9</ele>
        <time>2024-07-17T12:52:52.400Z</time>
      </trkpt>
      <trkpt lat="46.378279" lon="11.792945">
        <ele>1914.6</ele>
        <time>2024-07-17T12:53:15.367Z</time>
      </trkpt>
      <trkpt lat="46.378358" lon="11.79172">
        <ele>1917.4</ele>
        <time>2024-07-17T12:54:11.505Z</time>
      </trkpt>
      <trkpt lat="46.378361" lon="11.791383">
        <ele>1917.6</ele>
        <time>2024-07-17T12:54:26.320Z</time>
      </trkpt>
      <trkpt lat="46.378351" lon="11.79099">
        <ele>1917.3</ele>
        <time>2024-07-17T12:54:41.586Z</time>
      </trkpt>
      <trkpt lat="46.378241" lon="11.790172">
        <ele>1915.3</ele>
        <time>2024-07-17T12:55:10.319Z</time>
      </trkpt>
      <trkpt lat="46.378041" lon="11.788797">
        <ele>1909.6</ele>
        <time>2024-07-17T12:55:53.789Z</time>
      </trkpt>
      <trkpt lat="46.37805" lon="11.788444">
        <ele>1908.1</ele>
        <time>2024-07-17T12:56:04.247Z</time>
      </trkpt>
      <trkpt lat="46.378054" lon="11.788396">
        <ele>1907.9</ele>
        <time>2024-07-17T12:56:05.665Z</time>
      </trkpt>
      <trkpt lat="46.378195" lon="11.787739">
        <ele>1905.5</ele>
        <time>2024-07-17T12:56:26.489Z</time>
      </trkpt>
      <trkpt lat="46.378261" lon="11.787443">
        <ele>1904.6</ele>
        <time>2024-07-17T12:56:36.237Z</time>
      </trkpt>
      <trkpt lat="46.378326" lon="11.787199">
        <ele>1903.8</ele>
        <time>2024-07-17T12:56:44.683Z</time>
      </trkpt>
      <trkpt lat="46.378398" lon="11.787018">
        <ele>1903.3</ele>
        <time>2024-07-17T12:56:51.429Z</time>
      </trkpt>
      <trkpt lat="46.37888" lon="11.785984">
        <ele>1899.7</ele>
        <time>2024-07-17T12:57:31.621Z</time>
      </trkpt>
      <trkpt lat="46.378915" lon="11.785798">
        <ele>1899.3</ele>
        <time>2024-07-17T12:57:37.915Z</time>
      </trkpt>
      <trkpt lat="46.378921" lon="11.78562">
        <ele>1899</ele>
        <time>2024-07-17T12:57:44.053Z</time>
      </trkpt>
      <trkpt lat="46.378816" lon="11.784602">
        <ele>1898.4</ele>
        <time>2024-07-17T12:58:21.943Z</time>
      </trkpt>
      <trkpt lat="46.378914" lon="11.784585">
        <ele>1898.4</ele>
        <time>2024-07-17T12:58:27.360Z</time>
      </trkpt>
      <trkpt lat="46.379275" lon="11.784656">
        <ele>1898.1</ele>
        <time>2024-07-17T12:58:47.315Z</time>
      </trkpt>
      <trkpt lat="46.379319" lon="11.784636">
        <ele>1898</ele>
        <time>2024-07-17T12:58:49.805Z</time>
      </trkpt>
      <trkpt lat="46.379421" lon="11.784186">
        <ele>1897.6</ele>
        <time>2024-07-17T12:59:07.457Z</time>
      </trkpt>
      <trkpt lat="46.379382" lon="11.783856">
        <ele>1897.1</ele>
        <time>2024-07-17T12:59:19.597Z</time>
      </trkpt>
      <trkpt lat="46.37939" lon="11.783772">
        <ele>1897</ele>
        <time>2024-07-17T12:59:22.614Z</time>
      </trkpt>
      <trkpt lat="46.379138" lon="11.783065">
        <ele>1894.6</ele>
        <time>2024-07-17T12:59:48.935Z</time>
      </trkpt>
      <trkpt lat="46.379069" lon="11.782719">
        <ele>1892.7</ele>
        <time>2024-07-17T12:59:59.867Z</time>
      </trkpt>
      <trkpt lat="46.378942" lon="11.782405">
        <ele>1890.6</ele>
        <time>2024-07-17T13:00:09.726Z</time>
      </trkpt>
      <trkpt lat="46.378864" lon="11.782111">
        <ele>1888.8</ele>
        <time>2024-07-17T13:00:18.151Z</time>
      </trkpt>
      <trkpt lat="46.378639" lon="11.781626">
        <ele>1885.3</ele>
        <time>2024-07-17T13:00:33.653Z</time>
      </trkpt>
      <trkpt lat="46.378461" lon="11.781471">
        <ele>1883.5</ele>
        <time>2024-07-17T13:00:41.592Z</time>
      </trkpt>
      <trkpt lat="46.37841" lon="11.781116">
        <ele>1881.5</ele>
        <time>2024-07-17T13:00:51.357Z</time>
      </trkpt>
      <trkpt lat="46.378349" lon="11.780871">
        <ele>1880.1</ele>
        <time>2024-07-17T13:00:58.440Z</time>
      </trkpt>
      <trkpt lat="46.378079" lon="11.780908">
        <ele>1878.1</ele>
        <time>2024-07-17T13:01:09.223Z</time>
      </trkpt>
      <trkpt lat="46.37798" lon="11.780957">
        <ele>1877.3</ele>
        <time>2024-07-17T13:01:13.509Z</time>
      </trkpt>
      <trkpt lat="46.377898" lon="11.780804">
        <ele>1876.4</ele>
        <time>2024-07-17T13:01:18.985Z</time>
      </trkpt>
      <trkpt lat="46.37781" lon="11.780533">
        <ele>1875.1</ele>
        <time>2024-07-17T13:01:27.541Z</time>
      </trkpt>
      <trkpt lat="46.377628" lon="11.780217">
        <ele>1873.2</ele>
        <time>2024-07-17T13:01:39.310Z</time>
      </trkpt>
      <trkpt lat="46.377535" lon="11.779876">
        <ele>1871.5</ele>
        <time>2024-07-17T13:01:49.800Z</time>
      </trkpt>
      <trkpt lat="46.377445" lon="11.779244">
        <ele>1869</ele>
        <time>2024-07-17T13:02:08.837Z</time>
      </trkpt>
      <trkpt lat="46.377486" lon="11.778588">
        <ele>1866.5</ele>
        <time>2024-07-17T13:02:28.679Z</time>
      </trkpt>
      <trkpt lat="46.377594" lon="11.778174">
        <ele>1864.8</ele>
        <time>2024-07-17T13:02:42.031Z</time>
      </trkpt>
      <trkpt lat="46.377569" lon="11.77791">
        <ele>1863.7</ele>
        <time>2024-07-17T13:02:49.912Z</time>
      </trkpt>
      <trkpt lat="46.377576" lon="11.777719">
        <ele>1862.8</ele>
        <time>2024-07-17T13:02:55.467Z</time>
      </trkpt>
      <trkpt lat="46.377626" lon="11.777411">
        <ele>1861.4</ele>
        <time>2024-07-17T13:03:04.655Z</time>
      </trkpt>
      <trkpt lat="46.377716" lon="11.777062">
        <ele>1859.4</ele>
        <time>2024-07-17T13:03:15.039Z</time>
      </trkpt>
      <trkpt lat="46.377668" lon="11.77706">
        <ele>1859</ele>
        <time>2024-07-17T13:03:16.927Z</time>
      </trkpt>
      <trkpt lat="46.377623" lon="11.776959">
        <ele>1858.3</ele>
        <time>2024-07-17T13:03:20.185Z</time>
      </trkpt>
      <trkpt lat="46.377623" lon="11.77685">
        <ele>1857.7</ele>
        <time>2024-07-17T13:03:23.134Z</time>
      </trkpt>
      <trkpt lat="46.377589" lon="11.776737">
        <ele>1857</ele>
        <time>2024-07-17T13:03:26.451Z</time>
      </trkpt>
      <trkpt lat="46.37762" lon="11.776576">
        <ele>1856.1</ele>
        <time>2024-07-17T13:03:30.931Z</time>
      </trkpt>
      <trkpt lat="46.377606" lon="11.776439">
        <ele>1855.3</ele>
        <time>2024-07-17T13:03:34.642Z</time>
      </trkpt>
      <trkpt lat="46.377487" lon="11.776208">
        <ele>1853.6</ele>
        <time>2024-07-17T13:03:42.378Z</time>
      </trkpt>
      <trkpt lat="46.377158" lon="11.775767">
        <ele>1849.9</ele>
        <time>2024-07-17T13:03:59.783Z</time>
      </trkpt>
      <trkpt lat="46.377063" lon="11.775494">
        <ele>1848.4</ele>
        <time>2024-07-17T13:04:08.227Z</time>
      </trkpt>
      <trkpt lat="46.377006" lon="11.775405">
        <ele>1847.8</ele>
        <time>2024-07-17T13:04:11.693Z</time>
      </trkpt>
      <trkpt lat="46.376957" lon="11.775388">
        <ele>1847.5</ele>
        <time>2024-07-17T13:04:13.776Z</time>
      </trkpt>
      <trkpt lat="46.376893" lon="11.775426">
        <ele>1847.1</ele>
        <time>2024-07-17T13:04:16.705Z</time>
      </trkpt>
      <trkpt lat="46.376601" lon="11.775678">
        <ele>1845.2</ele>
        <time>2024-07-17T13:04:31.226Z</time>
      </trkpt>
      <trkpt lat="46.37651" lon="11.775667">
        <ele>1844.8</ele>
        <time>2024-07-17T13:04:35.437Z</time>
      </trkpt>
      <trkpt lat="46.37622" lon="11.775472">
        <ele>1843.9</ele>
        <time>2024-07-17T13:04:50.473Z</time>
      </trkpt>
      <trkpt lat="46.376118" lon="11.775445">
        <ele>1843.7</ele>
        <time>2024-07-17T13:04:55.745Z</time>
      </trkpt>
      <trkpt lat="46.375977" lon="11.775461">
        <ele>1843.5</ele>
        <time>2024-07-17T13:05:03.105Z</time>
      </trkpt>
      <trkpt lat="46.375831" lon="11.775521">
        <ele>1843.3</ele>
        <time>2024-07-17T13:05:11.260Z</time>
      </trkpt>
      <trkpt lat="46.375781" lon="11.775616">
        <ele>1843.3</ele>
        <time>2024-07-17T13:05:15.781Z</time>
      </trkpt>
      <trkpt lat="46.375677" lon="11.775651">
        <ele>1843.2</ele>
        <time>2024-07-17T13:05:21.703Z</time>
      </trkpt>
      <trkpt lat="46.375482" lon="11.775579">
        <ele>1843.3</ele>
        <time>2024-07-17T13:05:33.059Z</time>
      </trkpt>
      <trkpt lat="46.375398" lon="11.77549">
        <ele>1843.3</ele>
        <time>2024-07-17T13:05:39.011Z</time>
      </trkpt>
      <trkpt lat="46.375298" lon="11.775461">
        <ele>1843.4</ele>
        <time>2024-07-17T13:05:44.901Z</time>
      </trkpt>
      <trkpt lat="46.375039" lon="11.775521">
        <ele>1843.6</ele>
        <time>2024-07-17T13:06:00.213Z</time>
      </trkpt>
      <trkpt lat="46.374912" lon="11.77549">
        <ele>1843.7</ele>
        <time>2024-07-17T13:06:07.777Z</time>
      </trkpt>
      <trkpt lat="46.374849" lon="11.775349">
        <ele>1843.7</ele>
        <time>2024-07-17T13:06:14.589Z</time>
      </trkpt>
      <trkpt lat="46.374808" lon="11.775106">
        <ele>1843.9</ele>
        <time>2024-07-17T13:06:24.737Z</time>
      </trkpt>
      <trkpt lat="46.374747" lon="11.775016">
        <ele>1844</ele>
        <time>2024-07-17T13:06:29.893Z</time>
      </trkpt>
      <trkpt lat="46.374671" lon="11.774715">
        <ele>1844.3</ele>
        <time>2024-07-17T13:06:43.041Z</time>
      </trkpt>
      <trkpt lat="46.374555" lon="11.77455">
        <ele>1844.5</ele>
        <time>2024-07-17T13:06:52.850Z</time>
      </trkpt>
      <trkpt lat="46.374405" lon="11.774498">
        <ele>1844.7</ele>
        <time>2024-07-17T13:07:02.140Z</time>
      </trkpt>
      <trkpt lat="46.374345" lon="11.774406">
        <ele>1844.9</ele>
        <time>2024-07-17T13:07:07.411Z</time>
      </trkpt>
      <trkpt lat="46.374325" lon="11.774302">
        <ele>1845</ele>
        <time>2024-07-17T13:07:11.905Z</time>
      </trkpt>
      <trkpt lat="46.374346" lon="11.774152">
        <ele>1845.1</ele>
        <time>2024-07-17T13:07:18.288Z</time>
      </trkpt>
      <trkpt lat="46.374313" lon="11.773971">
        <ele>1845.3</ele>
        <time>2024-07-17T13:07:26.035Z</time>
      </trkpt>
      <trkpt lat="46.374137" lon="11.773723">
        <ele>1845.5</ele>
        <time>2024-07-17T13:07:40.749Z</time>
      </trkpt>
      <trkpt lat="46.374067" lon="11.773426">
        <ele>1845.6</ele>
        <time>2024-07-17T13:07:53.468Z</time>
      </trkpt>
      <trkpt lat="46.374036" lon="11.773152">
        <ele>1845.7</ele>
        <time>2024-07-17T13:08:04.599Z</time>
      </trkpt>
      <trkpt lat="46.373951" lon="11.772944">
        <ele>1845.8</ele>
        <time>2024-07-17T13:08:14.390Z</time>
      </trkpt>
      <trkpt lat="46.373899" lon="11.772637">
        <ele>1846.1</ele>
        <time>2024-07-17T13:08:27.255Z</time>
      </trkpt>
      <trkpt lat="46.373951" lon="11.772289">
        <ele>1846.6</ele>
        <time>2024-07-17T13:08:42.191Z</time>
      </trkpt>
      <trkpt lat="46.373934" lon="11.772016">
        <ele>1847</ele>
        <time>2024-07-17T13:08:53.917Z</time>
      </trkpt>
      <trkpt lat="46.373942" lon="11.771423">
        <ele>1848</ele>
        <time>2024-07-17T13:09:19.471Z</time>
      </trkpt>
      <trkpt lat="46.373762" lon="11.770265">
        <ele>1850.3</ele>
        <time>2024-07-17T13:10:11.484Z</time>
      </trkpt>
      <trkpt lat="46.373634" lon="11.769866">
        <ele>1850.8</ele>
        <time>2024-07-17T13:10:30.622Z</time>
      </trkpt>
      <trkpt lat="46.373835" lon="11.769085">
        <ele>1850.3</ele>
        <time>2024-07-17T13:11:03.276Z</time>
      </trkpt>
      <trkpt lat="46.373952" lon="11.768432">
        <ele>1848.1</ele>
        <time>2024-07-17T13:11:26.676Z</time>
      </trkpt>
      <trkpt lat="46.374119" lon="11.767936">
        <ele>1845.6</ele>
        <time>2024-07-17T13:11:43.304Z</time>
      </trkpt>
      <trkpt lat="46.374314" lon="11.767203">
        <ele>1842</ele>
        <time>2024-07-17T13:12:05.875Z</time>
      </trkpt>
      <trkpt lat="46.374411" lon="11.766647">
        <ele>1839.5</ele>
        <time>2024-07-17T13:12:22.428Z</time>
      </trkpt>
      <trkpt lat="46.374433" lon="11.766197">
        <ele>1837.8</ele>
        <time>2024-07-17T13:12:35.783Z</time>
      </trkpt>
      <trkpt lat="46.37452" lon="11.765863">
        <ele>1836.6</ele>
        <time>2024-07-17T13:12:46.717Z</time>
      </trkpt>
      <trkpt lat="46.374508" lon="11.765428">
        <ele>1835.5</ele>
        <time>2024-07-17T13:13:00.691Z</time>
      </trkpt>
      <trkpt lat="46.37454" lon="11.764947">
        <ele>1834.5</ele>
        <time>2024-07-17T13:13:16.881Z</time>
      </trkpt>
      <trkpt lat="46.374515" lon="11.764519">
        <ele>1833.9</ele>
        <time>2024-07-17T13:13:31.817Z</time>
      </trkpt>
      <trkpt lat="46.374514" lon="11.763853">
        <ele>1833.5</ele>
        <time>2024-07-17T13:13:56.361Z</time>
      </trkpt>
      <trkpt lat="46.374476" lon="11.763647">
        <ele>1833.5</ele>
        <time>2024-07-17T13:14:04.553Z</time>
      </trkpt>
      <trkpt lat="46.374474" lon="11.763504">
        <ele>1833.6</ele>
        <time>2024-07-17T13:14:10.455Z</time>
      </trkpt>
      <trkpt lat="46.37433" lon="11.763052">
        <ele>1834.2</ele>
        <time>2024-07-17T13:14:30.996Z</time>
      </trkpt>
      <trkpt lat="46.374089" lon="11.761724">
        <ele>1837.4</ele>
        <time>2024-07-17T13:15:31.437Z</time>
      </trkpt>
      <trkpt lat="46.373841" lon="11.761006">
        <ele>1838.8</ele>
        <time>2024-07-17T13:16:07.117Z</time>
      </trkpt>
      <trkpt lat="46.37341" lon="11.759381">
        <ele>1838.7</ele>
        <time>2024-07-17T13:17:17.585Z</time>
      </trkpt>
      <trkpt lat="46.373321" lon="11.759227">
        <ele>1838.3</ele>
        <time>2024-07-17T13:17:25.176Z</time>
      </trkpt>
      <trkpt lat="46.373277" lon="11.758959">
        <ele>1837.6</ele>
        <time>2024-07-17T13:17:34.238Z</time>
      </trkpt>
      <trkpt lat="46.373187" lon="11.75868">
        <ele>1836.7</ele>
        <time>2024-07-17T13:17:44.368Z</time>
      </trkpt>
      <trkpt lat="46.37303" lon="11.758341">
        <ele>1834.9</ele>
        <time>2024-07-17T13:17:57.010Z</time>
      </trkpt>
      <trkpt lat="46.372856" lon="11.758049">
        <ele>1832.8</ele>
        <time>2024-07-17T13:18:07.855Z</time>
      </trkpt>
      <trkpt lat="46.372796" lon="11.757762">
        <ele>1831.1</ele>
        <time>2024-07-17T13:18:15.971Z</time>
      </trkpt>
      <trkpt lat="46.372612" lon="11.757314">
        <ele>1827.9</ele>
        <time>2024-07-17T13:18:29.742Z</time>
      </trkpt>
      <trkpt lat="46.372501" lon="11.756855">
        <ele>1825</ele>
        <time>2024-07-17T13:18:42.529Z</time>
      </trkpt>
      <trkpt lat="46.3724" lon="11.756577">
        <ele>1823.3</ele>
        <time>2024-07-17T13:18:51.005Z</time>
      </trkpt>
      <trkpt lat="46.37235" lon="11.756315">
        <ele>1821.9</ele>
        <time>2024-07-17T13:18:58.472Z</time>
      </trkpt>
      <trkpt lat="46.372201" lon="11.75587">
        <ele>1819.9</ele>
        <time>2024-07-17T13:19:12.543Z</time>
      </trkpt>
      <trkpt lat="46.372013" lon="11.755414">
        <ele>1817.7</ele>
        <time>2024-07-17T13:19:28.273Z</time>
      </trkpt>
      <trkpt lat="46.371947" lon="11.754954">
        <ele>1816</ele>
        <time>2024-07-17T13:19:42.370Z</time>
      </trkpt>
      <trkpt lat="46.371851" lon="11.754656">
        <ele>1814.6</ele>
        <time>2024-07-17T13:19:52.121Z</time>
      </trkpt>
      <trkpt lat="46.371866" lon="11.754376">
        <ele>1813.3</ele>
        <time>2024-07-17T13:20:00.210Z</time>
      </trkpt>
      <trkpt lat="46.371904" lon="11.754203">
        <ele>1812.4</ele>
        <time>2024-07-17T13:20:05.377Z</time>
      </trkpt>
      <trkpt lat="46.371958" lon="11.754152">
        <ele>1812</ele>
        <time>2024-07-17T13:20:08.008Z</time>
      </trkpt>
      <trkpt lat="46.372032" lon="11.754207">
        <ele>1811.4</ele>
        <time>2024-07-17T13:20:11.404Z</time>
      </trkpt>
      <trkpt lat="46.372112" lon="11.754425">
        <ele>1810.1</ele>
        <time>2024-07-17T13:20:18.314Z</time>
      </trkpt>
      <trkpt lat="46.372311" lon="11.754724">
        <ele>1807.5</ele>
        <time>2024-07-17T13:20:29.497Z</time>
      </trkpt>
      <trkpt lat="46.37237" lon="11.754824">
        <ele>1806.6</ele>
        <time>2024-07-17T13:20:32.861Z</time>
      </trkpt>
      <trkpt lat="46.372497" lon="11.755047">
        <ele>1804.6</ele>
        <time>2024-07-17T13:20:40.252Z</time>
      </trkpt>
      <trkpt lat="46.372758" lon="11.755372">
        <ele>1800.9</ele>
        <time>2024-07-17T13:20:52.644Z</time>
      </trkpt>
      <trkpt lat="46.372837" lon="11.75539">
        <ele>1800.1</ele>
        <time>2024-07-17T13:20:55.527Z</time>
      </trkpt>
      <trkpt lat="46.372963" lon="11.755315">
        <ele>1798.8</ele>
        <time>2024-07-17T13:21:00.441Z</time>
      </trkpt>
      <trkpt lat="46.373081" lon="11.755186">
        <ele>1797.3</ele>
        <time>2024-07-17T13:21:05.793Z</time>
      </trkpt>
      <trkpt lat="46.373112" lon="11.755084">
        <ele>1796.5</ele>
        <time>2024-07-17T13:21:08.577Z</time>
      </trkpt>
      <trkpt lat="46.373118" lon="11.754813">
        <ele>1794.5</ele>
        <time>2024-07-17T13:21:15.353Z</time>
      </trkpt>
      <trkpt lat="46.372936" lon="11.753674">
        <ele>1784.3</ele>
        <time>2024-07-17T13:21:43.071Z</time>
      </trkpt>
      <trkpt lat="46.372858" lon="11.753018">
        <ele>1778.5</ele>
        <time>2024-07-17T13:21:58.545Z</time>
      </trkpt>
      <trkpt lat="46.372894" lon="11.7529">
        <ele>1777.3</ele>
        <time>2024-07-17T13:22:01.558Z</time>
      </trkpt>
      <trkpt lat="46.372967" lon="11.752856">
        <ele>1776.4</ele>
        <time>2024-07-17T13:22:04.251Z</time>
      </trkpt>
      <trkpt lat="46.373232" lon="11.752837">
        <ele>1773.2</ele>
        <time>2024-07-17T13:22:13.285Z</time>
      </trkpt>
      <trkpt lat="46.37365" lon="11.752866">
        <ele>1768.2</ele>
        <time>2024-07-17T13:22:27.590Z</time>
      </trkpt>
      <trkpt lat="46.373799" lon="11.752826">
        <ele>1766.7</ele>
        <time>2024-07-17T13:22:32.959Z</time>
      </trkpt>
      <trkpt lat="46.37366" lon="11.752651">
        <ele>1765</ele>
        <time>2024-07-17T13:22:39.780Z</time>
      </trkpt>
      <trkpt lat="46.373364" lon="11.751879">
        <ele>1759.8</ele>
        <time>2024-07-17T13:23:02.897Z</time>
      </trkpt>
      <trkpt lat="46.37315" lon="11.751734">
        <ele>1757.8</ele>
        <time>2024-07-17T13:23:11.988Z</time>
      </trkpt>
      <trkpt lat="46.372961" lon="11.751541">
        <ele>1755.7</ele>
        <time>2024-07-17T13:23:20.731Z</time>
      </trkpt>
      <trkpt lat="46.37285" lon="11.751278">
        <ele>1753.7</ele>
        <time>2024-07-17T13:23:28.697Z</time>
      </trkpt>
      <trkpt lat="46.372817" lon="11.750903">
        <ele>1751.2</ele>
        <time>2024-07-17T13:23:38.420Z</time>
      </trkpt>
      <trkpt lat="46.372702" lon="11.750506">
        <ele>1748.3</ele>
        <time>2024-07-17T13:23:49.369Z</time>
      </trkpt>
      <trkpt lat="46.372576" lon="11.750184">
        <ele>1745.6</ele>
        <time>2024-07-17T13:23:58.636Z</time>
      </trkpt>
      <trkpt lat="46.372506" lon="11.749803">
        <ele>1742.6</ele>
        <time>2024-07-17T13:24:08.293Z</time>
      </trkpt>
      <trkpt lat="46.372569" lon="11.749057">
        <ele>1736.6</ele>
        <time>2024-07-17T13:24:26.380Z</time>
      </trkpt>
      <trkpt lat="46.372572" lon="11.748757">
        <ele>1734.1</ele>
        <time>2024-07-17T13:24:33.531Z</time>
      </trkpt>
      <trkpt lat="46.372435" lon="11.74829">
        <ele>1729.7</ele>
        <time>2024-07-17T13:24:45.405Z</time>
      </trkpt>
      <trkpt lat="46.372395" lon="11.747888">
        <ele>1726.2</ele>
        <time>2024-07-17T13:24:54.871Z</time>
      </trkpt>
      <trkpt lat="46.372332" lon="11.747603">
        <ele>1723.6</ele>
        <time>2024-07-17T13:25:01.864Z</time>
      </trkpt>
      <trkpt lat="46.372236" lon="11.747341">
        <ele>1721.1</ele>
        <time>2024-07-17T13:25:08.818Z</time>
      </trkpt>
      <trkpt lat="46.372224" lon="11.747169">
        <ele>1719.6</ele>
        <time>2024-07-17T13:25:12.869Z</time>
      </trkpt>
      <trkpt lat="46.372324" lon="11.747099">
        <ele>1718.3</ele>
        <time>2024-07-17T13:25:16.697Z</time>
      </trkpt>
      <trkpt lat="46.372591" lon="11.747244">
        <ele>1715.1</ele>
        <time>2024-07-17T13:25:26.575Z</time>
      </trkpt>
      <trkpt lat="46.372669" lon="11.747044">
        <ele>1713.4</ele>
        <time>2024-07-17T13:25:32.138Z</time>
      </trkpt>
      <trkpt lat="46.372609" lon="11.746398">
        <ele>1708.9</ele>
        <time>2024-07-17T13:25:48.250Z</time>
      </trkpt>
      <trkpt lat="46.372598" lon="11.746138">
        <ele>1707.3</ele>
        <time>2024-07-17T13:25:54.928Z</time>
      </trkpt>
      <trkpt lat="46.372616" lon="11.745918">
        <ele>1706</ele>
        <time>2024-07-17T13:26:00.763Z</time>
      </trkpt>
      <trkpt lat="46.372528" lon="11.745468">
        <ele>1703.6</ele>
        <time>2024-07-17T13:26:13.393Z</time>
      </trkpt>
      <trkpt lat="46.37251" lon="11.744876">
        <ele>1701.1</ele>
        <time>2024-07-17T13:26:30.352Z</time>
      </trkpt>
      <trkpt lat="46.372486" lon="11.744751">
        <ele>1700.6</ele>
        <time>2024-07-17T13:26:34.221Z</time>
      </trkpt>
      <trkpt lat="46.372357" lon="11.744421">
        <ele>1699.2</ele>
        <time>2024-07-17T13:26:45.882Z</time>
      </trkpt>
      <trkpt lat="46.372313" lon="11.744203">
        <ele>1698.5</ele>
        <time>2024-07-17T13:26:52.863Z</time>
      </trkpt>
      <trkpt lat="46.372264" lon="11.74364">
        <ele>1697.2</ele>
        <time>2024-07-17T13:27:11.088Z</time>
      </trkpt>
      <trkpt lat="46.372132" lon="11.743063">
        <ele>1696.4</ele>
        <time>2024-07-17T13:27:32.176Z</time>
      </trkpt>
      <trkpt lat="46.372106" lon="11.742707">
        <ele>1696</ele>
        <time>2024-07-17T13:27:45.185Z</time>
      </trkpt>
      <trkpt lat="46.372153" lon="11.742574">
        <ele>1695.9</ele>
        <time>2024-07-17T13:27:50.726Z</time>
      </trkpt>
      <trkpt lat="46.37206" lon="11.742597">
        <ele>1695.8</ele>
        <time>2024-07-17T13:27:55.793Z</time>
      </trkpt>
      <trkpt lat="46.371961" lon="11.742457">
        <ele>1695.7</ele>
        <time>2024-07-17T13:28:03.224Z</time>
      </trkpt>
      <trkpt lat="46.371781" lon="11.741958">
        <ele>1695.5</ele>
        <time>2024-07-17T13:28:24.599Z</time>
      </trkpt>
      <trkpt lat="46.371358" lon="11.74094">
        <ele>1696.1</ele>
        <time>2024-07-17T13:29:11.845Z</time>
      </trkpt>
      <trkpt lat="46.371244" lon="11.740602">
        <ele>1695.8</ele>
        <time>2024-07-17T13:29:26.767Z</time>
      </trkpt>
      <trkpt lat="46.371161" lon="11.740206">
        <ele>1695.4</ele>
        <time>2024-07-17T13:29:42.049Z</time>
      </trkpt>
      <trkpt lat="46.371039" lon="11.739798">
        <ele>1694.6</ele>
        <time>2024-07-17T13:29:57.901Z</time>
      </trkpt>
      <trkpt lat="46.370527" lon="11.738599">
        <ele>1690.2</ele>
        <time>2024-07-17T13:30:43.474Z</time>
      </trkpt>
      <trkpt lat="46.370399" lon="11.738145">
        <ele>1688</ele>
        <time>2024-07-17T13:30:58.613Z</time>
      </trkpt>
      <trkpt lat="46.370294" lon="11.737882">
        <ele>1686.6</ele>
        <time>2024-07-17T13:31:07.361Z</time>
      </trkpt>
      <trkpt lat="46.370123" lon="11.737519">
        <ele>1684.8</ele>
        <time>2024-07-17T13:31:20.199Z</time>
      </trkpt>
      <trkpt lat="46.369694" lon="11.736785">
        <ele>1681.1</ele>
        <time>2024-07-17T13:31:49.007Z</time>
      </trkpt>
      <trkpt lat="46.369392" lon="11.736212">
        <ele>1678.1</ele>
        <time>2024-07-17T13:32:10.520Z</time>
      </trkpt>
      <trkpt lat="46.369235" lon="11.735775">
        <ele>1675.6</ele>
        <time>2024-07-17T13:32:24.704Z</time>
      </trkpt>
      <trkpt lat="46.369188" lon="11.735552">
        <ele>1674.3</ele>
        <time>2024-07-17T13:32:31.109Z</time>
      </trkpt>
      <trkpt lat="46.369205" lon="11.735201">
        <ele>1672.4</ele>
        <time>2024-07-17T13:32:40.672Z</time>
      </trkpt>
      <trkpt lat="46.369389" lon="11.734604">
        <ele>1668.9</ele>
        <time>2024-07-17T13:32:58.508Z</time>
      </trkpt>
      <trkpt lat="46.369389" lon="11.734512">
        <ele>1668.4</ele>
        <time>2024-07-17T13:33:01.027Z</time>
      </trkpt>
      <trkpt lat="46.369364" lon="11.734325">
        <ele>1667.4</ele>
        <time>2024-07-17T13:33:06.279Z</time>
      </trkpt>
      <trkpt lat="46.36926" lon="11.733906">
        <ele>1665.1</ele>
        <time>2024-07-17T13:33:18.563Z</time>
      </trkpt>
      <trkpt lat="46.369111" lon="11.733552">
        <ele>1663.1</ele>
        <time>2024-07-17T13:33:30.123Z</time>
      </trkpt>
      <trkpt lat="46.368913" lon="11.733206">
        <ele>1661.1</ele>
        <time>2024-07-17T13:33:43.059Z</time>
      </trkpt>
      <trkpt lat="46.368864" lon="11.733074">
        <ele>1660.5</ele>
        <time>2024-07-17T13:33:47.487Z</time>
      </trkpt>
      <trkpt lat="46.368839" lon="11.732779">
        <ele>1659.4</ele>
        <time>2024-07-17T13:33:56.271Z</time>
      </trkpt>
      <trkpt lat="46.368952" lon="11.732353">
        <ele>1657.9</ele>
        <time>2024-07-17T13:34:10.265Z</time>
      </trkpt>
      <trkpt lat="46.368919" lon="11.73223">
        <ele>1657.4</ele>
        <time>2024-07-17T13:34:14.360Z</time>
      </trkpt>
      <trkpt lat="46.368284" lon="11.731325">
        <ele>1653.1</ele>
        <time>2024-07-17T13:34:54.531Z</time>
      </trkpt>
      <trkpt lat="46.368201" lon="11.73117">
        <ele>1652.4</ele>
        <time>2024-07-17T13:35:00.633Z</time>
      </trkpt>
      <trkpt lat="46.368075" lon="11.730652">
        <ele>1650.3</ele>
        <time>2024-07-17T13:35:17.269Z</time>
      </trkpt>
      <trkpt lat="46.36777" lon="11.73009">
        <ele>1647.2</ele>
        <time>2024-07-17T13:35:38.418Z</time>
      </trkpt>
      <trkpt lat="46.367682" lon="11.729783">
        <ele>1645.7</ele>
        <time>2024-07-17T13:35:48.075Z</time>
      </trkpt>
      <trkpt lat="46.367712" lon="11.729409">
        <ele>1643.7</ele>
        <time>2024-07-17T13:35:58.641Z</time>
      </trkpt>
      <trkpt lat="46.367844" lon="11.72905">
        <ele>1641.8</ele>
        <time>2024-07-17T13:36:10.138Z</time>
      </trkpt>
      <trkpt lat="46.367885" lon="11.728847">
        <ele>1640.9</ele>
        <time>2024-07-17T13:36:16.435Z</time>
      </trkpt>
      <trkpt lat="46.367888" lon="11.728639">
        <ele>1640.2</ele>
        <time>2024-07-17T13:36:22.678Z</time>
      </trkpt>
      <trkpt lat="46.367838" lon="11.728431">
        <ele>1639.5</ele>
        <time>2024-07-17T13:36:29.699Z</time>
      </trkpt>
      <trkpt lat="46.367838" lon="11.728349">
        <ele>1639.3</ele>
        <time>2024-07-17T13:36:32.313Z</time>
      </trkpt>
      <trkpt lat="46.367745" lon="11.728214">
        <ele>1638.9</ele>
        <time>2024-07-17T13:36:38.540Z</time>
      </trkpt>
      <trkpt lat="46.367732" lon="11.728129">
        <ele>1638.8</ele>
        <time>2024-07-17T13:36:41.511Z</time>
      </trkpt>
      <trkpt lat="46.367462" lon="11.727729">
        <ele>1637.9</ele>
        <time>2024-07-17T13:37:00.615Z</time>
      </trkpt>
      <trkpt lat="46.367196" lon="11.727514">
        <ele>1637.3</ele>
        <time>2024-07-17T13:37:16.271Z</time>
      </trkpt>
      <trkpt lat="46.366808" lon="11.727134">
        <ele>1637.2</ele>
        <time>2024-07-17T13:37:41.780Z</time>
      </trkpt>
      <trkpt lat="46.366622" lon="11.726772">
        <ele>1637.3</ele>
        <time>2024-07-17T13:37:59.461Z</time>
      </trkpt>
      <trkpt lat="46.366589" lon="11.726406">
        <ele>1637.1</ele>
        <time>2024-07-17T13:38:13.631Z</time>
      </trkpt>
      <trkpt lat="46.366557" lon="11.726267">
        <ele>1636.9</ele>
        <time>2024-07-17T13:38:19.081Z</time>
      </trkpt>
      <trkpt lat="46.366193" lon="11.725461">
        <ele>1633.5</ele>
        <time>2024-07-17T13:38:50.729Z</time>
      </trkpt>
      <trkpt lat="46.366187" lon="11.725251">
        <ele>1632.6</ele>
        <time>2024-07-17T13:38:57.135Z</time>
      </trkpt>
      <trkpt lat="46.366219" lon="11.724694">
        <ele>1629.8</ele>
        <time>2024-07-17T13:39:12.945Z</time>
      </trkpt>
      <trkpt lat="46.366174" lon="11.723727">
        <ele>1622.8</ele>
        <time>2024-07-17T13:39:37.939Z</time>
      </trkpt>
      <trkpt lat="46.366017" lon="11.722648">
        <ele>1612.7</ele>
        <time>2024-07-17T13:40:04.044Z</time>
      </trkpt>
      <trkpt lat="46.365859" lon="11.721817">
        <ele>1606.6</ele>
        <time>2024-07-17T13:40:24.455Z</time>
      </trkpt>
      <trkpt lat="46.365841" lon="11.72123">
        <ele>1604.7</ele>
        <time>2024-07-17T13:40:40.381Z</time>
      </trkpt>
      <trkpt lat="46.365847" lon="11.720953">
        <ele>1604.6</ele>
        <time>2024-07-17T13:40:50.472Z</time>
      </trkpt>
      <trkpt lat="46.365791" lon="11.720789">
        <ele>1604.9</ele>
        <time>2024-07-17T13:40:58.310Z</time>
      </trkpt>
      <trkpt lat="46.365694" lon="11.720823">
        <ele>1605.3</ele>
        <time>2024-07-17T13:41:04.505Z</time>
      </trkpt>
      <trkpt lat="46.365592" lon="11.720778">
        <ele>1605.8</ele>
        <time>2024-07-17T13:41:11.123Z</time>
      </trkpt>
      <trkpt lat="46.365322" lon="11.720362">
        <ele>1609</ele>
        <time>2024-07-17T13:41:39.051Z</time>
      </trkpt>
      <trkpt lat="46.365131" lon="11.719981">
        <ele>1612.9</ele>
        <time>2024-07-17T13:42:04.056Z</time>
      </trkpt>
      <trkpt lat="46.365042" lon="11.719666">
        <ele>1616.3</ele>
        <time>2024-07-17T13:42:22.894Z</time>
      </trkpt>
      <trkpt lat="46.36479" lon="11.718944">
        <ele>1624.1</ele>
        <time>2024-07-17T13:43:08.127Z</time>
      </trkpt>
      <trkpt lat="46.364413" lon="11.718058">
        <ele>1634.6</ele>
        <time>2024-07-17T13:44:06.423Z</time>
      </trkpt>
      <trkpt lat="46.363978" lon="11.717134">
        <ele>1644.8</ele>
        <time>2024-07-17T13:45:08.833Z</time>
      </trkpt>
      <trkpt lat="46.36388" lon="11.717066">
        <ele>1646.2</ele>
        <time>2024-07-17T13:45:17.549Z</time>
      </trkpt>
      <trkpt lat="46.363732" lon="11.717075">
        <ele>1648.1</ele>
        <time>2024-07-17T13:45:29.407Z</time>
      </trkpt>
      <trkpt lat="46.363655" lon="11.717038">
        <ele>1649.1</ele>
        <time>2024-07-17T13:45:35.907Z</time>
      </trkpt>
      <trkpt lat="46.363607" lon="11.716877">
        <ele>1650.7</ele>
        <time>2024-07-17T13:45:45.605Z</time>
      </trkpt>
      <trkpt lat="46.363667" lon="11.71664">
        <ele>1653</ele>
        <time>2024-07-17T13:45:59.560Z</time>
      </trkpt>
      <trkpt lat="46.363658" lon="11.716391">
        <ele>1655.2</ele>
        <time>2024-07-17T13:46:13.346Z</time>
      </trkpt>
      <trkpt lat="46.363482" lon="11.715562">
        <ele>1663.1</ele>
        <time>2024-07-17T13:47:01.391Z</time>
      </trkpt>
      <trkpt lat="46.363159" lon="11.71476">
        <ele>1671.6</ele>
        <time>2024-07-17T13:47:52.884Z</time>
      </trkpt>
      <trkpt lat="46.363084" lon="11.714357">
        <ele>1675.7</ele>
        <time>2024-07-17T13:48:16.129Z</time>
      </trkpt>
      <trkpt lat="46.363026" lon="11.714175">
        <ele>1677.7</ele>
        <time>2024-07-17T13:48:27.354Z</time>
      </trkpt>
      <trkpt lat="46.36276" lon="11.713688">
        <ele>1683.9</ele>
        <time>2024-07-17T13:49:02.153Z</time>
      </trkpt>
      <trkpt lat="46.362658" lon="11.713408">
        <ele>1687.1</ele>
        <time>2024-07-17T13:49:19.915Z</time>
      </trkpt>
      <trkpt lat="46.362565" lon="11.713027">
        <ele>1691.1</ele>
        <time>2024-07-17T13:49:42.573Z</time>
      </trkpt>
      <trkpt lat="46.362481" lon="11.712979">
        <ele>1692.4</ele>
        <time>2024-07-17T13:49:49.891Z</time>
      </trkpt>
      <trkpt lat="46.362397" lon="11.713112">
        <ele>1694.1</ele>
        <time>2024-07-17T13:49:59.978Z</time>
      </trkpt>
      <trkpt lat="46.362268" lon="11.713498">
        <ele>1698.3</ele>
        <time>2024-07-17T13:50:23.951Z</time>
      </trkpt>
      <trkpt lat="46.36194" lon="11.714632">
        <ele>1710.1</ele>
        <time>2024-07-17T13:51:32.593Z</time>
      </trkpt>
      <trkpt lat="46.361781" lon="11.716072">
        <ele>1722.2</ele>
        <time>2024-07-17T13:52:53.178Z</time>
      </trkpt>
      <trkpt lat="46.361665" lon="11.716484">
        <ele>1725.7</ele>
        <time>2024-07-17T13:53:17.490Z</time>
      </trkpt>
      <trkpt lat="46.361692" lon="11.716746">
        <ele>1727.9</ele>
        <time>2024-07-17T13:53:31.919Z</time>
      </trkpt>
      <trkpt lat="46.361537" lon="11.717211">
        <ele>1732.4</ele>
        <time>2024-07-17T13:54:00.314Z</time>
      </trkpt>
      <trkpt lat="46.36116" lon="11.717854">
        <ele>1739.3</ele>
        <time>2024-07-17T13:54:46.559Z</time>
      </trkpt>
      <trkpt lat="46.36108" lon="11.718084">
        <ele>1741.2</ele>
        <time>2024-07-17T13:55:00.579Z</time>
      </trkpt>
      <trkpt lat="46.36097" lon="11.718625">
        <ele>1744.4</ele>
        <time>2024-07-17T13:55:30.071Z</time>
      </trkpt>
      <trkpt lat="46.360987" lon="11.718851">
        <ele>1745.7</ele>
        <time>2024-07-17T13:55:41.863Z</time>
      </trkpt>
      <trkpt lat="46.361119" lon="11.719192">
        <ele>1748.2</ele>
        <time>2024-07-17T13:56:02.395Z</time>
      </trkpt>
      <trkpt lat="46.361203" lon="11.719328">
        <ele>1749.5</ele>
        <time>2024-07-17T13:56:12.002Z</time>
      </trkpt>
      <trkpt lat="46.361293" lon="11.719427">
        <ele>1750.6</ele>
        <time>2024-07-17T13:56:20.683Z</time>
      </trkpt>
      <trkpt lat="46.361417" lon="11.719444">
        <ele>1751.8</ele>
        <time>2024-07-17T13:56:30.321Z</time>
      </trkpt>
      <trkpt lat="46.361602" lon="11.719535">
        <ele>1753.8</ele>
        <time>2024-07-17T13:56:45.440Z</time>
      </trkpt>
      <trkpt lat="46.361564" lon="11.719631">
        <ele>1754.7</ele>
        <time>2024-07-17T13:56:51.407Z</time>
      </trkpt>
      <trkpt lat="46.361244" lon="11.719821">
        <ele>1758.8</ele>
        <time>2024-07-17T13:57:18.492Z</time>
      </trkpt>
      <trkpt lat="46.36112" lon="11.719874">
        <ele>1760.5</ele>
        <time>2024-07-17T13:57:28.811Z</time>
      </trkpt>
      <trkpt lat="46.360934" lon="11.719897">
        <ele>1763.1</ele>
        <time>2024-07-17T13:57:43.986Z</time>
      </trkpt>
      <trkpt lat="46.360797" lon="11.719826">
        <ele>1765.5</ele>
        <time>2024-07-17T13:57:55.813Z</time>
      </trkpt>
      <trkpt lat="46.360455" lon="11.719496">
        <ele>1773.3</ele>
        <time>2024-07-17T13:58:29.798Z</time>
      </trkpt>
      <trkpt lat="46.360204" lon="11.719376">
        <ele>1778.4</ele>
        <time>2024-07-17T13:58:51.842Z</time>
      </trkpt>
      <trkpt lat="46.360015" lon="11.71922">
        <ele>1782.2</ele>
        <time>2024-07-17T13:59:09.937Z</time>
      </trkpt>
      <trkpt lat="46.359815" lon="11.718779">
        <ele>1788.6</ele>
        <time>2024-07-17T13:59:40.106Z</time>
      </trkpt>
      <trkpt lat="46.359751" lon="11.718543">
        <ele>1791.6</ele>
        <time>2024-07-17T13:59:54.596Z</time>
      </trkpt>
      <trkpt lat="46.359715" lon="11.717873">
        <ele>1799.3</ele>
        <time>2024-07-17T14:00:32.861Z</time>
      </trkpt>
      <trkpt lat="46.359729" lon="11.71727">
        <ele>1805.3</ele>
        <time>2024-07-17T14:01:06.965Z</time>
      </trkpt>
      <trkpt lat="46.359765" lon="11.716855">
        <ele>1808.8</ele>
        <time>2024-07-17T14:01:30.216Z</time>
      </trkpt>
      <trkpt lat="46.359872" lon="11.716538">
        <ele>1811.4</ele>
        <time>2024-07-17T14:01:49.259Z</time>
      </trkpt>
      <trkpt lat="46.35987" lon="11.716275">
        <ele>1813.1</ele>
        <time>2024-07-17T14:02:03.221Z</time>
      </trkpt>
      <trkpt lat="46.359941" lon="11.716112">
        <ele>1814.3</ele>
        <time>2024-07-17T14:02:13.452Z</time>
      </trkpt>
      <trkpt lat="46.36016" lon="11.715777">
        <ele>1816.8</ele>
        <time>2024-07-17T14:02:37.367Z</time>
      </trkpt>
      <trkpt lat="46.360202" lon="11.715523">
        <ele>1817.9</ele>
        <time>2024-07-17T14:02:50.392Z</time>
      </trkpt>
      <trkpt lat="46.360213" lon="11.715245">
        <ele>1819</ele>
        <time>2024-07-17T14:03:03.861Z</time>
      </trkpt>
      <trkpt lat="46.360188" lon="11.714993">
        <ele>1819.9</ele>
        <time>2024-07-17T14:03:16.176Z</time>
      </trkpt>
      <trkpt lat="46.359915" lon="11.714512">
        <ele>1822.2</ele>
        <time>2024-07-17T14:03:46.069Z</time>
      </trkpt>
      <trkpt lat="46.359259" lon="11.713559">
        <ele>1831.1</ele>
        <time>2024-07-17T14:04:55.424Z</time>
      </trkpt>
      <trkpt lat="46.359141" lon="11.713221">
        <ele>1834.4</ele>
        <time>2024-07-17T14:05:15.759Z</time>
      </trkpt>
      <trkpt lat="46.359016" lon="11.713093">
        <ele>1836.4</ele>
        <time>2024-07-17T14:05:28.035Z</time>
      </trkpt>
      <trkpt lat="46.358846" lon="11.713028">
        <ele>1838.8</ele>
        <time>2024-07-17T14:05:42.165Z</time>
      </trkpt>
      <trkpt lat="46.358666" lon="11.713035">
        <ele>1841.3</ele>
        <time>2024-07-17T14:05:56.721Z</time>
      </trkpt>
      <trkpt lat="46.358486" lon="11.712987">
        <ele>1844</ele>
        <time>2024-07-17T14:06:11.572Z</time>
      </trkpt>
      <trkpt lat="46.358394" lon="11.712785">
        <ele>1846.5</ele>
        <time>2024-07-17T14:06:25.148Z</time>
      </trkpt>
      <trkpt lat="46.358125" lon="11.712609">
        <ele>1850.9</ele>
        <time>2024-07-17T14:06:49.196Z</time>
      </trkpt>
      <trkpt lat="46.358024" lon="11.712489">
        <ele>1852.8</ele>
        <time>2024-07-17T14:06:59.835Z</time>
      </trkpt>
      <trkpt lat="46.357796" lon="11.71234">
        <ele>1856.5</ele>
        <time>2024-07-17T14:07:20.216Z</time>
      </trkpt>
      <trkpt lat="46.357686" lon="11.712172">
        <ele>1858.9</ele>
        <time>2024-07-17T14:07:33.236Z</time>
      </trkpt>
      <trkpt lat="46.357555" lon="11.711687">
        <ele>1864.4</ele>
        <time>2024-07-17T14:08:02.576Z</time>
      </trkpt>
      <trkpt lat="46.35756" lon="11.711562">
        <ele>1865.7</ele>
        <time>2024-07-17T14:08:09.639Z</time>
      </trkpt>
      <trkpt lat="46.357784" lon="11.71094">
        <ele>1873.9</ele>
        <time>2024-07-17T14:08:49.443Z</time>
      </trkpt>
      <trkpt lat="46.357737" lon="11.710886">
        <ele>1875</ele>
        <time>2024-07-17T14:08:54.408Z</time>
      </trkpt>
      <trkpt lat="46.357656" lon="11.710891">
        <ele>1876.4</ele>
        <time>2024-07-17T14:09:01.134Z</time>
      </trkpt>
      <trkpt lat="46.357545" lon="11.711005">
        <ele>1878.8</ele>
        <time>2024-07-17T14:09:12.419Z</time>
      </trkpt>
      <trkpt lat="46.357422" lon="11.711077">
        <ele>1881.2</ele>
        <time>2024-07-17T14:09:23.428Z</time>
      </trkpt>
      <trkpt lat="46.357196" lon="11.711152">
        <ele>1885.4</ele>
        <time>2024-07-17T14:09:42.664Z</time>
      </trkpt>
      <trkpt lat="46.357016" lon="11.711308">
        <ele>1889.1</ele>
        <time>2024-07-17T14:10:00.071Z</time>
      </trkpt>
      <trkpt lat="46.356847" lon="11.711572">
        <ele>1892.8</ele>
        <time>2024-07-17T14:10:20.481Z</time>
      </trkpt>
      <trkpt lat="46.356797" lon="11.711597">
        <ele>1893.6</ele>
        <time>2024-07-17T14:10:24.761Z</time>
      </trkpt>
      <trkpt lat="46.356783" lon="11.711557">
        <ele>1894</ele>
        <time>2024-07-17T14:10:27.265Z</time>
      </trkpt>
      <trkpt lat="46.356793" lon="11.711418">
        <ele>1895.1</ele>
        <time>2024-07-17T14:10:35.071Z</time>
      </trkpt>
      <trkpt lat="46.356906" lon="11.710924">
        <ele>1898.5</ele>
        <time>2024-07-17T14:11:03.525Z</time>
      </trkpt>
      <trkpt lat="46.357014" lon="11.710691">
        <ele>1899.8</ele>
        <time>2024-07-17T14:11:17.612Z</time>
      </trkpt>
      <trkpt lat="46.357189" lon="11.710454">
        <ele>1900.7</ele>
        <time>2024-07-17T14:11:34.119Z</time>
      </trkpt>
      <trkpt lat="46.357708" lon="11.710004">
        <ele>1900.9</ele>
        <time>2024-07-17T14:12:11.980Z</time>
      </trkpt>
      <trkpt lat="46.358046" lon="11.709983">
        <ele>1900.2</ele>
        <time>2024-07-17T14:12:30.730Z</time>
      </trkpt>
      <trkpt lat="46.35814" lon="11.709834">
        <ele>1899.9</ele>
        <time>2024-07-17T14:12:37.947Z</time>
      </trkpt>
      <trkpt lat="46.358156" lon="11.709497">
        <ele>1899.5</ele>
        <time>2024-07-17T14:12:50.075Z</time>
      </trkpt>
      <trkpt lat="46.358047" lon="11.709129">
        <ele>1899.4</ele>
        <time>2024-07-17T14:13:04.901Z</time>
      </trkpt>
      <trkpt lat="46.357827" lon="11.708888">
        <ele>1899.4</ele>
        <time>2024-07-17T14:13:20.431Z</time>
      </trkpt>
      <trkpt lat="46.357421" lon="11.708281">
        <ele>1899.2</ele>
        <time>2024-07-17T14:13:53.207Z</time>
      </trkpt>
      <trkpt lat="46.357347" lon="11.708007">
        <ele>1898.7</ele>
        <time>2024-07-17T14:14:04.046Z</time>
      </trkpt>
      <trkpt lat="46.357215" lon="11.707824">
        <ele>1898.1</ele>
        <time>2024-07-17T14:14:13.117Z</time>
      </trkpt>
      <trkpt lat="46.35685" lon="11.707124">
        <ele>1894.4</ele>
        <time>2024-07-17T14:14:40.450Z</time>
      </trkpt>
      <trkpt lat="46.356815" lon="11.706958">
        <ele>1893.6</ele>
        <time>2024-07-17T14:14:45.529Z</time>
      </trkpt>
      <trkpt lat="46.356486" lon="11.706096">
        <ele>1889.5</ele>
        <time>2024-07-17T14:15:14.451Z</time>
      </trkpt>
      <trkpt lat="46.356336" lon="11.705871">
        <ele>1888.7</ele>
        <time>2024-07-17T14:15:23.917Z</time>
      </trkpt>
      <trkpt lat="46.356184" lon="11.705373">
        <ele>1887.8</ele>
        <time>2024-07-17T14:15:42.558Z</time>
      </trkpt>
      <trkpt lat="46.356032" lon="11.705067">
        <ele>1887.7</ele>
        <time>2024-07-17T14:15:56.440Z</time>
      </trkpt>
      <trkpt lat="46.356023" lon="11.704998">
        <ele>1887.7</ele>
        <time>2024-07-17T14:15:59.191Z</time>
      </trkpt>
      <trkpt lat="46.356047" lon="11.704923">
        <ele>1887.7</ele>
        <time>2024-07-17T14:16:02.431Z</time>
      </trkpt>
      <trkpt lat="46.356058" lon="11.704756">
        <ele>1887.8</ele>
        <time>2024-07-17T14:16:09.004Z</time>
      </trkpt>
      <trkpt lat="46.355807" lon="11.703825">
        <ele>1887.6</ele>
        <time>2024-07-17T14:16:47.978Z</time>
      </trkpt>
      <trkpt lat="46.355824" lon="11.703742">
        <ele>1887.5</ele>
        <time>2024-07-17T14:16:51.241Z</time>
      </trkpt>
      <trkpt lat="46.355944" lon="11.703566">
        <ele>1887.3</ele>
        <time>2024-07-17T14:17:00.141Z</time>
      </trkpt>
      <trkpt lat="46.35602" lon="11.703379">
        <ele>1886.9</ele>
        <time>2024-07-17T14:17:07.948Z</time>
      </trkpt>
      <trkpt lat="46.35633" lon="11.703155">
        <ele>1885.1</ele>
        <time>2024-07-17T14:17:24.667Z</time>
      </trkpt>
      <trkpt lat="46.356649" lon="11.703017">
        <ele>1882.3</ele>
        <time>2024-07-17T14:17:38.433Z</time>
      </trkpt>
      <trkpt lat="46.35677" lon="11.702882">
        <ele>1880.7</ele>
        <time>2024-07-17T14:17:44.121Z</time>
      </trkpt>
      <trkpt lat="46.356833" lon="11.702768">
        <ele>1879.6</ele>
        <time>2024-07-17T14:17:47.718Z</time>
      </trkpt>
      <trkpt lat="46.357308" lon="11.701341">
        <ele>1863.5</ele>
        <time>2024-07-17T14:18:23.423Z</time>
      </trkpt>
      <trkpt lat="46.357336" lon="11.700966">
        <ele>1859.2</ele>
        <time>2024-07-17T14:18:31.735Z</time>
      </trkpt>
      <trkpt lat="46.357432" lon="11.700446">
        <ele>1853.5</ele>
        <time>2024-07-17T14:18:43.437Z</time>
      </trkpt>
      <trkpt lat="46.357513" lon="11.700101">
        <ele>1850</ele>
        <time>2024-07-17T14:18:51.515Z</time>
      </trkpt>
      <trkpt lat="46.357619" lon="11.699791">
        <ele>1846.7</ele>
        <time>2024-07-17T14:18:59.326Z</time>
      </trkpt>
      <trkpt lat="46.357859" lon="11.699324">
        <ele>1841.4</ele>
        <time>2024-07-17T14:19:12.638Z</time>
      </trkpt>
      <trkpt lat="46.357873" lon="11.699266">
        <ele>1840.9</ele>
        <time>2024-07-17T14:19:14.064Z</time>
      </trkpt>
      <trkpt lat="46.357856" lon="11.699189">
        <ele>1840.2</ele>
        <time>2024-07-17T14:19:15.942Z</time>
      </trkpt>
      <trkpt lat="46.357795" lon="11.699166">
        <ele>1839.4</ele>
        <time>2024-07-17T14:19:18.092Z</time>
      </trkpt>
      <trkpt lat="46.357579" lon="11.699293">
        <ele>1836.6</ele>
        <time>2024-07-17T14:19:26.042Z</time>
      </trkpt>
      <trkpt lat="46.357224" lon="11.699334">
        <ele>1832.2</ele>
        <time>2024-07-17T14:19:38.160Z</time>
      </trkpt>
      <trkpt lat="46.35684" lon="11.699321">
        <ele>1827.2</ele>
        <time>2024-07-17T14:19:51.080Z</time>
      </trkpt>
      <trkpt lat="46.356702" lon="11.699367">
        <ele>1825.2</ele>
        <time>2024-07-17T14:19:55.699Z</time>
      </trkpt>
      <trkpt lat="46.356592" lon="11.699355">
        <ele>1823.5</ele>
        <time>2024-07-17T14:19:59.216Z</time>
      </trkpt>
      <trkpt lat="46.35655" lon="11.699288">
        <ele>1822.5</ele>
        <time>2024-07-17T14:20:01.208Z</time>
      </trkpt>
      <trkpt lat="46.356536" lon="11.699206">
        <ele>1821.6</ele>
        <time>2024-07-17T14:20:03.066Z</time>
      </trkpt>
      <trkpt lat="46.356584" lon="11.699108">
        <ele>1820.3</ele>
        <time>2024-07-17T14:20:05.711Z</time>
      </trkpt>
      <trkpt lat="46.357024" lon="11.698587">
        <ele>1811.2</ele>
        <time>2024-07-17T14:20:23.599Z</time>
      </trkpt>
      <trkpt lat="46.357087" lon="11.698458">
        <ele>1809.5</ele>
        <time>2024-07-17T14:20:27.028Z</time>
      </trkpt>
      <trkpt lat="46.357173" lon="11.697969">
        <ele>1804.4</ele>
        <time>2024-07-17T14:20:38.190Z</time>
      </trkpt>
      <trkpt lat="46.357279" lon="11.697693">
        <ele>1801.5</ele>
        <time>2024-07-17T14:20:45.341Z</time>
      </trkpt>
      <trkpt lat="46.357271" lon="11.697603">
        <ele>1800.7</ele>
        <time>2024-07-17T14:20:47.474Z</time>
      </trkpt>
      <trkpt lat="46.357248" lon="11.697577">
        <ele>1800.4</ele>
        <time>2024-07-17T14:20:48.468Z</time>
      </trkpt>
      <trkpt lat="46.357172" lon="11.697591">
        <ele>1799.4</ele>
        <time>2024-07-17T14:20:51.079Z</time>
      </trkpt>
      <trkpt lat="46.356957" lon="11.697845">
        <ele>1796.3</ele>
        <time>2024-07-17T14:21:00.599Z</time>
      </trkpt>
      <trkpt lat="46.35687" lon="11.69791">
        <ele>1795.3</ele>
        <time>2024-07-17T14:21:04.011Z</time>
      </trkpt>
      <trkpt lat="46.356385" lon="11.69815">
        <ele>1790.5</ele>
        <time>2024-07-17T14:21:22.677Z</time>
      </trkpt>
      <trkpt lat="46.356264" lon="11.698173">
        <ele>1789.6</ele>
        <time>2024-07-17T14:21:27.416Z</time>
      </trkpt>
      <trkpt lat="46.35605" lon="11.698082">
        <ele>1788.2</ele>
        <time>2024-07-17T14:21:36.913Z</time>
      </trkpt>
      <trkpt lat="46.355843" lon="11.698145">
        <ele>1787.1</ele>
        <time>2024-07-17T14:21:46.135Z</time>
      </trkpt>
      <trkpt lat="46.355684" lon="11.698149">
        <ele>1786.5</ele>
        <time>2024-07-17T14:21:53.314Z</time>
      </trkpt>
      <trkpt lat="46.355556" lon="11.698117">
        <ele>1786.1</ele>
        <time>2024-07-17T14:21:59.360Z</time>
      </trkpt>
      <trkpt lat="46.355108" lon="11.697891">
        <ele>1785.3</ele>
        <time>2024-07-17T14:22:23.480Z</time>
      </trkpt>
      <trkpt lat="46.354904" lon="11.697648">
        <ele>1785.2</ele>
        <time>2024-07-17T14:22:37.656Z</time>
      </trkpt>
      <trkpt lat="46.354667" lon="11.697498">
        <ele>1785.4</ele>
        <time>2024-07-17T14:22:52.649Z</time>
      </trkpt>
      <trkpt lat="46.354581" lon="11.697386">
        <ele>1785.6</ele>
        <time>2024-07-17T14:22:59.597Z</time>
      </trkpt>
      <trkpt lat="46.354527" lon="11.697244">
        <ele>1785.8</ele>
        <time>2024-07-17T14:23:06.315Z</time>
      </trkpt>
      <trkpt lat="46.354394" lon="11.697014">
        <ele>1786.1</ele>
        <time>2024-07-17T14:23:18.912Z</time>
      </trkpt>
      <trkpt lat="46.354397" lon="11.696892">
        <ele>1786.2</ele>
        <time>2024-07-17T14:23:24.036Z</time>
      </trkpt>
      <trkpt lat="46.354451" lon="11.696757">
        <ele>1786.4</ele>
        <time>2024-07-17T14:23:30.453Z</time>
      </trkpt>
      <trkpt lat="46.354672" lon="11.696457">
        <ele>1786.5</ele>
        <time>2024-07-17T14:23:48.417Z</time>
      </trkpt>
      <trkpt lat="46.354895" lon="11.696214">
        <ele>1786.1</ele>
        <time>2024-07-17T14:24:04.155Z</time>
      </trkpt>
      <trkpt lat="46.355057" lon="11.695877">
        <ele>1785.9</ele>
        <time>2024-07-17T14:24:19.479Z</time>
      </trkpt>
      <trkpt lat="46.355196" lon="11.6955">
        <ele>1786.2</ele>
        <time>2024-07-17T14:24:36.359Z</time>
      </trkpt>
      <trkpt lat="46.35554" lon="11.695109">
        <ele>1788</ele>
        <time>2024-07-17T14:25:04.315Z</time>
      </trkpt>
      <trkpt lat="46.355574" lon="11.695006">
        <ele>1788.4</ele>
        <time>2024-07-17T14:25:09.606Z</time>
      </trkpt>
      <trkpt lat="46.354809" lon="11.695723">
        <ele>1797.6</ele>
        <time>2024-07-17T14:26:19.507Z</time>
      </trkpt>
      <trkpt lat="46.35447" lon="11.695902">
        <ele>1803.3</ele>
        <time>2024-07-17T14:26:48.015Z</time>
      </trkpt>
      <trkpt lat="46.354146" lon="11.696174">
        <ele>1808.9</ele>
        <time>2024-07-17T14:27:18.645Z</time>
      </trkpt>
      <trkpt lat="46.353909" lon="11.69662">
        <ele>1814.2</ele>
        <time>2024-07-17T14:27:50.164Z</time>
      </trkpt>
      <trkpt lat="46.353174" lon="11.697189">
        <ele>1824.6</ele>
        <time>2024-07-17T14:28:56.870Z</time>
      </trkpt>
      <trkpt lat="46.352867" lon="11.697257">
        <ele>1828.3</ele>
        <time>2024-07-17T14:29:21.587Z</time>
      </trkpt>
      <trkpt lat="46.352627" lon="11.697425">
        <ele>1831.5</ele>
        <time>2024-07-17T14:29:42.732Z</time>
      </trkpt>
      <trkpt lat="46.352532" lon="11.697441">
        <ele>1832.7</ele>
        <time>2024-07-17T14:29:50.360Z</time>
      </trkpt>
      <trkpt lat="46.352268" lon="11.697368">
        <ele>1836.2</ele>
        <time>2024-07-17T14:30:11.796Z</time>
      </trkpt>
      <trkpt lat="46.352072" lon="11.697379">
        <ele>1838.9</ele>
        <time>2024-07-17T14:30:27.567Z</time>
      </trkpt>
      <trkpt lat="46.352035" lon="11.697406">
        <ele>1839.5</ele>
        <time>2024-07-17T14:30:30.931Z</time>
      </trkpt>
      <trkpt lat="46.351919" lon="11.69779">
        <ele>1843.8</ele>
        <time>2024-07-17T14:30:54.430Z</time>
      </trkpt>
      <trkpt lat="46.351791" lon="11.69794">
        <ele>1846.4</ele>
        <time>2024-07-17T14:31:07.877Z</time>
      </trkpt>
      <trkpt lat="46.351608" lon="11.697961">
        <ele>1849.2</ele>
        <time>2024-07-17T14:31:22.908Z</time>
      </trkpt>
      <trkpt lat="46.350773" lon="11.697802">
        <ele>1862.7</ele>
        <time>2024-07-17T14:32:32.032Z</time>
      </trkpt>
      <trkpt lat="46.350224" lon="11.698073">
        <ele>1872.2</ele>
        <time>2024-07-17T14:33:19.727Z</time>
      </trkpt>
      <trkpt lat="46.349713" lon="11.698475">
        <ele>1879.5</ele>
        <time>2024-07-17T14:34:06.971Z</time>
      </trkpt>
      <trkpt lat="46.349522" lon="11.698595">
        <ele>1881.3</ele>
        <time>2024-07-17T14:34:23.204Z</time>
      </trkpt>
      <trkpt lat="46.349325" lon="11.698623">
        <ele>1882.8</ele>
        <time>2024-07-17T14:34:37.843Z</time>
      </trkpt>
      <trkpt lat="46.34917" lon="11.698727">
        <ele>1884</ele>
        <time>2024-07-17T14:34:50.380Z</time>
      </trkpt>
      <trkpt lat="46.349002" lon="11.699004">
        <ele>1885.7</ele>
        <time>2024-07-17T14:35:08.818Z</time>
      </trkpt>
      <trkpt lat="46.348999" lon="11.699119">
        <ele>1886.2</ele>
        <time>2024-07-17T14:35:14.538Z</time>
      </trkpt>
      <trkpt lat="46.349047" lon="11.699236">
        <ele>1886.8</ele>
        <time>2024-07-17T14:35:21.310Z</time>
      </trkpt>
      <trkpt lat="46.349122" lon="11.699258">
        <ele>1887.3</ele>
        <time>2024-07-17T14:35:26.829Z</time>
      </trkpt>
      <trkpt lat="46.349315" lon="11.699133">
        <ele>1888.8</ele>
        <time>2024-07-17T14:35:42.087Z</time>
      </trkpt>
      <trkpt lat="46.349443" lon="11.699171">
        <ele>1889.7</ele>
        <time>2024-07-17T14:35:51.569Z</time>
      </trkpt>
      <trkpt lat="46.349548" lon="11.69925">
        <ele>1890.6</ele>
        <time>2024-07-17T14:36:00.175Z</time>
      </trkpt>
      <trkpt lat="46.349795" lon="11.699633">
        <ele>1893.8</ele>
        <time>2024-07-17T14:36:27.156Z</time>
      </trkpt>
      <trkpt lat="46.349984" lon="11.700084">
        <ele>1898.4</ele>
        <time>2024-07-17T14:36:55.679Z</time>
      </trkpt>
      <trkpt lat="46.350015" lon="11.700128">
        <ele>1899.1</ele>
        <time>2024-07-17T14:36:59.226Z</time>
      </trkpt>
      <trkpt lat="46.350132" lon="11.700155">
        <ele>1901.1</ele>
        <time>2024-07-17T14:37:08.911Z</time>
      </trkpt>
      <trkpt lat="46.350262" lon="11.700238">
        <ele>1904</ele>
        <time>2024-07-17T14:37:20.727Z</time>
      </trkpt>
      <trkpt lat="46.350476" lon="11.700569">
        <ele>1910.4</ele>
        <time>2024-07-17T14:37:46.865Z</time>
      </trkpt>
      <trkpt lat="46.35064" lon="11.700878">
        <ele>1915.6</ele>
        <time>2024-07-17T14:38:09.366Z</time>
      </trkpt>
      <trkpt lat="46.350914" lon="11.701192">
        <ele>1922.8</ele>
        <time>2024-07-17T14:38:38.585Z</time>
      </trkpt>
      <trkpt lat="46.350911" lon="11.701284">
        <ele>1924</ele>
        <time>2024-07-17T14:38:43.915Z</time>
      </trkpt>
      <trkpt lat="46.350846" lon="11.701372">
        <ele>1926</ele>
        <time>2024-07-17T14:38:51.372Z</time>
      </trkpt>
      <trkpt lat="46.35031" lon="11.701136">
        <ele>1937.2</ele>
        <time>2024-07-17T14:39:38.265Z</time>
      </trkpt>
      <trkpt lat="46.350109" lon="11.701153">
        <ele>1941.1</ele>
        <time>2024-07-17T14:39:55.079Z</time>
      </trkpt>
      <trkpt lat="46.349974" lon="11.701215">
        <ele>1943.6</ele>
        <time>2024-07-17T14:40:06.765Z</time>
      </trkpt>
      <trkpt lat="46.349756" lon="11.701433">
        <ele>1947.4</ele>
        <time>2024-07-17T14:40:28.624Z</time>
      </trkpt>
      <trkpt lat="46.349136" lon="11.701305">
        <ele>1955.3</ele>
        <time>2024-07-17T14:41:19.195Z</time>
      </trkpt>
      <trkpt lat="46.348668" lon="11.701285">
        <ele>1960.2</ele>
        <time>2024-07-17T14:41:56.179Z</time>
      </trkpt>
      <trkpt lat="46.347983" lon="11.701403">
        <ele>1966.1</ele>
        <time>2024-07-17T14:42:48.763Z</time>
      </trkpt>
      <trkpt lat="46.347833" lon="11.701394">
        <ele>1967.6</ele>
        <time>2024-07-17T14:43:00.099Z</time>
      </trkpt>
      <trkpt lat="46.347521" lon="11.701591">
        <ele>1971.8</ele>
        <time>2024-07-17T14:43:26.958Z</time>
      </trkpt>
      <trkpt lat="46.34715" lon="11.701697">
        <ele>1978</ele>
        <time>2024-07-17T14:43:57.684Z</time>
      </trkpt>
      <trkpt lat="46.346883" lon="11.70188">
        <ele>1983.7</ele>
        <time>2024-07-17T14:44:22.169Z</time>
      </trkpt>
      <trkpt lat="46.346453" lon="11.702379">
        <ele>1995.5</ele>
        <time>2024-07-17T14:45:08.351Z</time>
      </trkpt>
      <trkpt lat="46.346352" lon="11.702408">
        <ele>1997.7</ele>
        <time>2024-07-17T14:45:17.000Z</time>
      </trkpt>
      <trkpt lat="46.34619" lon="11.702316">
        <ele>2001.5</ele>
        <time>2024-07-17T14:45:31.622Z</time>
      </trkpt>
      <trkpt lat="46.345803" lon="11.702294">
        <ele>2009.5</ele>
        <time>2024-07-17T14:46:04.121Z</time>
      </trkpt>
      <trkpt lat="46.345371" lon="11.702062">
        <ele>2017.9</ele>
        <time>2024-07-17T14:46:42.577Z</time>
      </trkpt>
      <trkpt lat="46.345242" lon="11.701871">
        <ele>2021</ele>
        <time>2024-07-17T14:46:57.840Z</time>
      </trkpt>
      <trkpt lat="46.345142" lon="11.701612">
        <ele>2024.2</ele>
        <time>2024-07-17T14:47:14.686Z</time>
      </trkpt>
      <trkpt lat="46.344977" lon="11.70131">
        <ele>2028.1</ele>
        <time>2024-07-17T14:47:36.435Z</time>
      </trkpt>
      <trkpt lat="46.344912" lon="11.701261">
        <ele>2029.1</ele>
        <time>2024-07-17T14:47:42.380Z</time>
      </trkpt>
      <trkpt lat="46.344701" lon="11.701218">
        <ele>2032.1</ele>
        <time>2024-07-17T14:47:59.670Z</time>
      </trkpt>
      <trkpt lat="46.344279" lon="11.701461">
        <ele>2037.3</ele>
        <time>2024-07-17T14:48:35.853Z</time>
      </trkpt>
      <trkpt lat="46.344164" lon="11.70141">
        <ele>2038.2</ele>
        <time>2024-07-17T14:48:44.969Z</time>
      </trkpt>
      <trkpt lat="46.343911" lon="11.701202">
        <ele>2039.9</ele>
        <time>2024-07-17T14:49:05.274Z</time>
      </trkpt>
      <trkpt lat="46.343797" lon="11.701181">
        <ele>2040.2</ele>
        <time>2024-07-17T14:49:12.820Z</time>
      </trkpt>
      <trkpt lat="46.343739" lon="11.701206">
        <ele>2040.3</ele>
        <time>2024-07-17T14:49:16.696Z</time>
      </trkpt>
      <trkpt lat="46.343686" lon="11.701277">
        <ele>2040.4</ele>
        <time>2024-07-17T14:49:20.698Z</time>
      </trkpt>
      <trkpt lat="46.343587" lon="11.701434">
        <ele>2040.2</ele>
        <time>2024-07-17T14:49:28.835Z</time>
      </trkpt>
      <trkpt lat="46.34351" lon="11.701666">
        <ele>2039.6</ele>
        <time>2024-07-17T14:49:38.688Z</time>
      </trkpt>
      <trkpt lat="46.343089" lon="11.701799">
        <ele>2036</ele>
        <time>2024-07-17T14:49:57.819Z</time>
      </trkpt>
      <trkpt lat="46.342514" lon="11.701719">
        <ele>2027.5</ele>
        <time>2024-07-17T14:50:17.615Z</time>
      </trkpt>
      <trkpt lat="46.342235" lon="11.701773">
        <ele>2022.6</ele>
        <time>2024-07-17T14:50:26.517Z</time>
      </trkpt>
      <trkpt lat="46.341852" lon="11.701756">
        <ele>2015.9</ele>
        <time>2024-07-17T14:50:38.298Z</time>
      </trkpt>
      <trkpt lat="46.341319" lon="11.701909">
        <ele>2006.4</ele>
        <time>2024-07-17T14:50:54.997Z</time>
      </trkpt>
      <trkpt lat="46.340921" lon="11.701802">
        <ele>1999.2</ele>
        <time>2024-07-17T14:51:07.418Z</time>
      </trkpt>
      <trkpt lat="46.340465" lon="11.701582">
        <ele>1990.7</ele>
        <time>2024-07-17T14:51:22.142Z</time>
      </trkpt>
      <trkpt lat="46.340185" lon="11.701372">
        <ele>1985.2</ele>
        <time>2024-07-17T14:51:31.818Z</time>
      </trkpt>
      <trkpt lat="46.339893" lon="11.701296">
        <ele>1980.1</ele>
        <time>2024-07-17T14:51:40.956Z</time>
      </trkpt>
      <trkpt lat="46.3397" lon="11.701196">
        <ele>1976.7</ele>
        <time>2024-07-17T14:51:47.302Z</time>
      </trkpt>
      <trkpt lat="46.339195" lon="11.701108">
        <ele>1968.5</ele>
        <time>2024-07-17T14:52:03.214Z</time>
      </trkpt>
      <trkpt lat="46.338886" lon="11.700921">
        <ele>1963.5</ele>
        <time>2024-07-17T14:52:13.797Z</time>
      </trkpt>
      <trkpt lat="46.338163" lon="11.701008">
        <ele>1953.7</ele>
        <time>2024-07-17T14:52:37.487Z</time>
      </trkpt>
      <trkpt lat="46.337966" lon="11.701116">
        <ele>1951.1</ele>
        <time>2024-07-17T14:52:44.477Z</time>
      </trkpt>
      <trkpt lat="46.337623" lon="11.701094">
        <ele>1946.9</ele>
        <time>2024-07-17T14:52:56.154Z</time>
      </trkpt>
      <trkpt lat="46.336654" lon="11.701348">
        <ele>1935.8</ele>
        <time>2024-07-17T14:53:30.363Z</time>
      </trkpt>
      <trkpt lat="46.33628" lon="11.701482">
        <ele>1931.4</ele>
        <time>2024-07-17T14:53:43.829Z</time>
      </trkpt>
      <trkpt lat="46.335963" lon="11.701462">
        <ele>1927.4</ele>
        <time>2024-07-17T14:53:54.715Z</time>
      </trkpt>
      <trkpt lat="46.335826" lon="11.701549">
        <ele>1925.4</ele>
        <time>2024-07-17T14:53:59.728Z</time>
      </trkpt>
      <trkpt lat="46.335534" lon="11.701749">
        <ele>1920.9</ele>
        <time>2024-07-17T14:54:10.322Z</time>
      </trkpt>
      <trkpt lat="46.335383" lon="11.701758">
        <ele>1918.6</ele>
        <time>2024-07-17T14:54:15.172Z</time>
      </trkpt>
      <trkpt lat="46.335198" lon="11.701709">
        <ele>1915.6</ele>
        <time>2024-07-17T14:54:21.117Z</time>
      </trkpt>
      <trkpt lat="46.332686" lon="11.700788">
        <ele>1867.8</ele>
        <time>2024-07-17T14:55:40.123Z</time>
      </trkpt>
      <trkpt lat="46.332508" lon="11.700543">
        <ele>1864.2</ele>
        <time>2024-07-17T14:55:47.609Z</time>
      </trkpt>
      <trkpt lat="46.332308" lon="11.700741">
        <ele>1860.9</ele>
        <time>2024-07-17T14:55:55.488Z</time>
      </trkpt>
      <trkpt lat="46.332172" lon="11.701087">
        <ele>1857.5</ele>
        <time>2024-07-17T14:56:04.722Z</time>
      </trkpt>
      <trkpt lat="46.332099" lon="11.701174">
        <ele>1856.4</ele>
        <time>2024-07-17T14:56:07.957Z</time>
      </trkpt>
      <trkpt lat="46.331963" lon="11.701194">
        <ele>1854.8</ele>
        <time>2024-07-17T14:56:12.634Z</time>
      </trkpt>
      <trkpt lat="46.331558" lon="11.700783">
        <ele>1849.5</ele>
        <time>2024-07-17T14:56:30.073Z</time>
      </trkpt>
      <trkpt lat="46.331386" lon="11.700816">
        <ele>1847.8</ele>
        <time>2024-07-17T14:56:36.297Z</time>
      </trkpt>
      <trkpt lat="46.33107" lon="11.701086">
        <ele>1844.2</ele>
        <time>2024-07-17T14:56:49.760Z</time>
      </trkpt>
      <trkpt lat="46.330966" lon="11.701119">
        <ele>1843.2</ele>
        <time>2024-07-17T14:56:53.678Z</time>
      </trkpt>
      <trkpt lat="46.330178" lon="11.70108">
        <ele>1835.9</ele>
        <time>2024-07-17T14:57:23.165Z</time>
      </trkpt>
      <trkpt lat="46.329425" lon="11.700937">
        <ele>1830.3</ele>
        <time>2024-07-17T14:57:52.598Z</time>
      </trkpt>
      <trkpt lat="46.329103" lon="11.700824">
        <ele>1828.2</ele>
        <time>2024-07-17T14:58:06.129Z</time>
      </trkpt>
      <trkpt lat="46.328841" lon="11.700723">
        <ele>1826.8</ele>
        <time>2024-07-17T14:58:17.882Z</time>
      </trkpt>
      <trkpt lat="46.328755" lon="11.700577">
        <ele>1826.1</ele>
        <time>2024-07-17T14:58:23.814Z</time>
      </trkpt>
      <trkpt lat="46.328539" lon="11.700446">
        <ele>1825</ele>
        <time>2024-07-17T14:58:34.298Z</time>
      </trkpt>
      <trkpt lat="46.3283" lon="11.700372">
        <ele>1823.8</ele>
        <time>2024-07-17T14:58:45.402Z</time>
      </trkpt>
      <trkpt lat="46.328189" lon="11.700378">
        <ele>1823.4</ele>
        <time>2024-07-17T14:58:50.497Z</time>
      </trkpt>
      <trkpt lat="46.327664" lon="11.700565">
        <ele>1821.2</ele>
        <time>2024-07-17T14:59:15.608Z</time>
      </trkpt>
      <trkpt lat="46.327334" lon="11.700748">
        <ele>1819.6</ele>
        <time>2024-07-17T14:59:32.013Z</time>
      </trkpt>
      <trkpt lat="46.326767" lon="11.70086">
        <ele>1816.6</ele>
        <time>2024-07-17T14:59:57.691Z</time>
      </trkpt>
      <trkpt lat="46.32653" lon="11.700857">
        <ele>1815</ele>
        <time>2024-07-17T15:00:07.979Z</time>
      </trkpt>
      <trkpt lat="46.326113" lon="11.700795">
        <ele>1812</ele>
        <time>2024-07-17T15:00:25.136Z</time>
      </trkpt>
      <trkpt lat="46.325672" lon="11.700608">
        <ele>1807.8</ele>
        <time>2024-07-17T15:00:43.043Z</time>
      </trkpt>
      <trkpt lat="46.325493" lon="11.700601">
        <ele>1806</ele>
        <time>2024-07-17T15:00:49.710Z</time>
      </trkpt>
      <trkpt lat="46.325208" lon="11.700679">
        <ele>1803.2</ele>
        <time>2024-07-17T15:01:00.353Z</time>
      </trkpt>
      <trkpt lat="46.32495" lon="11.700423">
        <ele>1800.1</ele>
        <time>2024-07-17T15:01:11.838Z</time>
      </trkpt>
      <trkpt lat="46.324614" lon="11.69959">
        <ele>1793.3</ele>
        <time>2024-07-17T15:01:36.029Z</time>
      </trkpt>
      <trkpt lat="46.324302" lon="11.699213">
        <ele>1788.3</ele>
        <time>2024-07-17T15:01:50.365Z</time>
      </trkpt>
      <trkpt lat="46.324115" lon="11.699049">
        <ele>1785.8</ele>
        <time>2024-07-17T15:01:57.831Z</time>
      </trkpt>
      <trkpt lat="46.324029" lon="11.698815">
        <ele>1783.5</ele>
        <time>2024-07-17T15:02:04.052Z</time>
      </trkpt>
      <trkpt lat="46.323907" lon="11.698707">
        <ele>1781.6</ele>
        <time>2024-07-17T15:02:08.868Z</time>
      </trkpt>
      <trkpt lat="46.323678" lon="11.698612">
        <ele>1778.4</ele>
        <time>2024-07-17T15:02:16.752Z</time>
      </trkpt>
      <trkpt lat="46.323537" lon="11.698409">
        <ele>1775.6</ele>
        <time>2024-07-17T15:02:23.251Z</time>
      </trkpt>
      <trkpt lat="46.323444" lon="11.698089">
        <ele>1772.1</ele>
        <time>2024-07-17T15:02:31.027Z</time>
      </trkpt>
      <trkpt lat="46.323287" lon="11.697948">
        <ele>1769.3</ele>
        <time>2024-07-17T15:02:36.967Z</time>
      </trkpt>
      <trkpt lat="46.323061" lon="11.697932">
        <ele>1765.9</ele>
        <time>2024-07-17T15:02:44.228Z</time>
      </trkpt>
      <trkpt lat="46.322858" lon="11.69787">
        <ele>1762.9</ele>
        <time>2024-07-17T15:02:50.876Z</time>
      </trkpt>
      <trkpt lat="46.322639" lon="11.697698">
        <ele>1759.4</ele>
        <time>2024-07-17T15:02:58.920Z</time>
      </trkpt>
      <trkpt lat="46.322444" lon="11.697331">
        <ele>1754.7</ele>
        <time>2024-07-17T15:03:09.262Z</time>
      </trkpt>
      <trkpt lat="46.322257" lon="11.69712">
        <ele>1751.1</ele>
        <time>2024-07-17T15:03:16.855Z</time>
      </trkpt>
      <trkpt lat="46.321943" lon="11.696997">
        <ele>1745.8</ele>
        <time>2024-07-17T15:03:27.069Z</time>
      </trkpt>
      <trkpt lat="46.321858" lon="11.696972">
        <ele>1744.3</ele>
        <time>2024-07-17T15:03:29.751Z</time>
      </trkpt>
      <trkpt lat="46.32167" lon="11.697029">
        <ele>1740.8</ele>
        <time>2024-07-17T15:03:35.688Z</time>
      </trkpt>
      <trkpt lat="46.321296" lon="11.696812">
        <ele>1733</ele>
        <time>2024-07-17T15:03:47.881Z</time>
      </trkpt>
      <trkpt lat="46.321156" lon="11.69666">
        <ele>1729.4</ele>
        <time>2024-07-17T15:03:53.126Z</time>
      </trkpt>
      <trkpt lat="46.320792" lon="11.6965">
        <ele>1721.1</ele>
        <time>2024-07-17T15:04:04.374Z</time>
      </trkpt>
      <trkpt lat="46.320521" lon="11.696484">
        <ele>1715.2</ele>
        <time>2024-07-17T15:04:12.373Z</time>
      </trkpt>
      <trkpt lat="46.320199" lon="11.696332">
        <ele>1708</ele>
        <time>2024-07-17T15:04:22.383Z</time>
      </trkpt>
      <trkpt lat="46.319967" lon="11.696123">
        <ele>1702.5</ele>
        <time>2024-07-17T15:04:30.502Z</time>
      </trkpt>
      <trkpt lat="46.31971" lon="11.696051">
        <ele>1697.7</ele>
        <time>2024-07-17T15:04:38.437Z</time>
      </trkpt>
      <trkpt lat="46.319568" lon="11.695893">
        <ele>1694.7</ele>
        <time>2024-07-17T15:04:43.925Z</time>
      </trkpt>
      <trkpt lat="46.319309" lon="11.695458">
        <ele>1688.5</ele>
        <time>2024-07-17T15:04:56.247Z</time>
      </trkpt>
      <trkpt lat="46.319229" lon="11.695025">
        <ele>1684.2</ele>
        <time>2024-07-17T15:05:06.169Z</time>
      </trkpt>
      <trkpt lat="46.319107" lon="11.694605">
        <ele>1680.3</ele>
        <time>2024-07-17T15:05:16.640Z</time>
      </trkpt>
      <trkpt lat="46.318958" lon="11.694397">
        <ele>1677.9</ele>
        <time>2024-07-17T15:05:23.736Z</time>
      </trkpt>
      <trkpt lat="46.318905" lon="11.694213">
        <ele>1676.3</ele>
        <time>2024-07-17T15:05:28.535Z</time>
      </trkpt>
      <trkpt lat="46.318756" lon="11.694022">
        <ele>1674.1</ele>
        <time>2024-07-17T15:05:35.471Z</time>
      </trkpt>
      <trkpt lat="46.318499" lon="11.693873">
        <ele>1671</ele>
        <time>2024-07-17T15:05:45.166Z</time>
      </trkpt>
      <trkpt lat="46.318186" lon="11.693702">
        <ele>1667</ele>
        <time>2024-07-17T15:05:56.756Z</time>
      </trkpt>
      <trkpt lat="46.31808" lon="11.693343">
        <ele>1663.7</ele>
        <time>2024-07-17T15:06:05.975Z</time>
      </trkpt>
      <trkpt lat="46.31804" lon="11.692913">
        <ele>1659.9</ele>
        <time>2024-07-17T15:06:16.115Z</time>
      </trkpt>
      <trkpt lat="46.318034" lon="11.692619">
        <ele>1657.3</ele>
        <time>2024-07-17T15:06:22.942Z</time>
      </trkpt>
      <trkpt lat="46.318161" lon="11.690441">
        <ele>1634.7</ele>
        <time>2024-07-17T15:07:11.473Z</time>
      </trkpt>
      <trkpt lat="46.318297" lon="11.689767">
        <ele>1626.8</ele>
        <time>2024-07-17T15:07:26.894Z</time>
      </trkpt>
      <trkpt lat="46.318357" lon="11.689442">
        <ele>1622.9</ele>
        <time>2024-07-17T15:07:34.140Z</time>
      </trkpt>
      <trkpt lat="46.318482" lon="11.688313">
        <ele>1611.6</ele>
        <time>2024-07-17T15:07:59.448Z</time>
      </trkpt>
      <trkpt lat="46.318486" lon="11.688232">
        <ele>1611</ele>
        <time>2024-07-17T15:08:01.300Z</time>
      </trkpt>
      <trkpt lat="46.318457" lon="11.688161">
        <ele>1610.4</ele>
        <time>2024-07-17T15:08:03.429Z</time>
      </trkpt>
      <trkpt lat="46.318456" lon="11.688028">
        <ele>1609.5</ele>
        <time>2024-07-17T15:08:06.860Z</time>
      </trkpt>
      <trkpt lat="46.318538" lon="11.687658">
        <ele>1607.2</ele>
        <time>2024-07-17T15:08:16.889Z</time>
      </trkpt>
      <trkpt lat="46.318744" lon="11.687625">
        <ele>1605.7</ele>
        <time>2024-07-17T15:08:24.873Z</time>
      </trkpt>
      <trkpt lat="46.319197" lon="11.688045">
        <ele>1602</ele>
        <time>2024-07-17T15:08:46.918Z</time>
      </trkpt>
      <trkpt lat="46.319411" lon="11.688152">
        <ele>1600.7</ele>
        <time>2024-07-17T15:08:56.394Z</time>
      </trkpt>
      <trkpt lat="46.319472" lon="11.688263">
        <ele>1600.1</ele>
        <time>2024-07-17T15:09:00.482Z</time>
      </trkpt>
      <trkpt lat="46.319674" lon="11.688275">
        <ele>1598.8</ele>
        <time>2024-07-17T15:09:08.919Z</time>
      </trkpt>
      <trkpt lat="46.319814" lon="11.688226">
        <ele>1597.6</ele>
        <time>2024-07-17T15:09:14.544Z</time>
      </trkpt>
      <trkpt lat="46.320119" lon="11.688209">
        <ele>1594.6</ele>
        <time>2024-07-17T15:09:26.465Z</time>
      </trkpt>
      <trkpt lat="46.320514" lon="11.688267">
        <ele>1589.4</ele>
        <time>2024-07-17T15:09:40.427Z</time>
      </trkpt>
      <trkpt lat="46.320747" lon="11.688187">
        <ele>1586.1</ele>
        <time>2024-07-17T15:09:48.328Z</time>
      </trkpt>
      <trkpt lat="46.320843" lon="11.688098">
        <ele>1584.5</ele>
        <time>2024-07-17T15:09:52.057Z</time>
      </trkpt>
      <trkpt lat="46.320886" lon="11.688028">
        <ele>1583.6</ele>
        <time>2024-07-17T15:09:54.174Z</time>
      </trkpt>
      <trkpt lat="46.320422" lon="11.687354">
        <ele>1573.8</ele>
        <time>2024-07-17T15:10:15.390Z</time>
      </trkpt>
      <trkpt lat="46.32018" lon="11.687149">
        <ele>1569.5</ele>
        <time>2024-07-17T15:10:24.347Z</time>
      </trkpt>
      <trkpt lat="46.31971" lon="11.686711">
        <ele>1561.4</ele>
        <time>2024-07-17T15:10:42.294Z</time>
      </trkpt>
      <trkpt lat="46.319091" lon="11.685613">
        <ele>1548.2</ele>
        <time>2024-07-17T15:11:14.333Z</time>
      </trkpt>
      <trkpt lat="46.31888" lon="11.685392">
        <ele>1545.2</ele>
        <time>2024-07-17T15:11:23.012Z</time>
      </trkpt>
      <trkpt lat="46.318503" lon="11.685093">
        <ele>1540.7</ele>
        <time>2024-07-17T15:11:38.243Z</time>
      </trkpt>
      <trkpt lat="46.317946" lon="11.684801">
        <ele>1534.7</ele>
        <time>2024-07-17T15:11:59.639Z</time>
      </trkpt>
      <trkpt lat="46.317715" lon="11.684518">
        <ele>1531.1</ele>
        <time>2024-07-17T15:12:10.408Z</time>
      </trkpt>
      <trkpt lat="46.317277" lon="11.684367">
        <ele>1524.9</ele>
        <time>2024-07-17T15:12:25.433Z</time>
      </trkpt>
      <trkpt lat="46.316939" lon="11.68438">
        <ele>1519.7</ele>
        <time>2024-07-17T15:12:36.358Z</time>
      </trkpt>
      <trkpt lat="46.316786" lon="11.684463">
        <ele>1517</ele>
        <time>2024-07-17T15:12:41.465Z</time>
      </trkpt>
      <trkpt lat="46.316571" lon="11.6845">
        <ele>1513.2</ele>
        <time>2024-07-17T15:12:48.154Z</time>
      </trkpt>
      <trkpt lat="46.316339" lon="11.684443">
        <ele>1509.1</ele>
        <time>2024-07-17T15:12:55.411Z</time>
      </trkpt>
      <trkpt lat="46.315843" lon="11.683459">
        <ele>1494.5</ele>
        <time>2024-07-17T15:13:21.309Z</time>
      </trkpt>
      <trkpt lat="46.31559" lon="11.683244">
        <ele>1489.9</ele>
        <time>2024-07-17T15:13:30.395Z</time>
      </trkpt>
      <trkpt lat="46.315327" lon="11.682786">
        <ele>1483.3</ele>
        <time>2024-07-17T15:13:43.340Z</time>
      </trkpt>
      <trkpt lat="46.314938" lon="11.682592">
        <ele>1476.6</ele>
        <time>2024-07-17T15:13:56.230Z</time>
      </trkpt>
      <trkpt lat="46.314864" lon="11.682305">
        <ele>1473.2</ele>
        <time>2024-07-17T15:14:02.854Z</time>
      </trkpt>
      <trkpt lat="46.314862" lon="11.681917">
        <ele>1469</ele>
        <time>2024-07-17T15:14:11.293Z</time>
      </trkpt>
      <trkpt lat="46.314768" lon="11.681335">
        <ele>1463</ele>
        <time>2024-07-17T15:14:24.497Z</time>
      </trkpt>
      <trkpt lat="46.314399" lon="11.680558">
        <ele>1453.6</ele>
        <time>2024-07-17T15:14:45.535Z</time>
      </trkpt>
      <trkpt lat="46.314303" lon="11.680113">
        <ele>1449</ele>
        <time>2024-07-17T15:14:55.955Z</time>
      </trkpt>
      <trkpt lat="46.314073" lon="11.679319">
        <ele>1441</ele>
        <time>2024-07-17T15:15:15.466Z</time>
      </trkpt>
      <trkpt lat="46.31389" lon="11.67883">
        <ele>1436</ele>
        <time>2024-07-17T15:15:28.204Z</time>
      </trkpt>
      <trkpt lat="46.312943" lon="11.677693">
        <ele>1421.3</ele>
        <time>2024-07-17T15:16:10.131Z</time>
      </trkpt>
      <trkpt lat="46.311899" lon="11.676498">
        <ele>1411.2</ele>
        <time>2024-07-17T15:16:59.180Z</time>
      </trkpt>
      <trkpt lat="46.311716" lon="11.676157">
        <ele>1410</ele>
        <time>2024-07-17T15:17:11.531Z</time>
      </trkpt>
      <trkpt lat="46.31164" lon="11.676082">
        <ele>1409.7</ele>
        <time>2024-07-17T15:17:15.986Z</time>
      </trkpt>
      <trkpt lat="46.311572" lon="11.676028">
        <ele>1409.5</ele>
        <time>2024-07-17T15:17:19.742Z</time>
      </trkpt>
      <trkpt lat="46.311541" lon="11.67608">
        <ele>1409.3</ele>
        <time>2024-07-17T15:17:22.114Z</time>
      </trkpt>
      <trkpt lat="46.311502" lon="11.675981">
        <ele>1409.2</ele>
        <time>2024-07-17T15:17:26.050Z</time>
      </trkpt>
      <trkpt lat="46.311261" lon="11.675376">
        <ele>1408.4</ele>
        <time>2024-07-17T15:17:50.936Z</time>
      </trkpt>
      <trkpt lat="46.311183" lon="11.675083">
        <ele>1408.2</ele>
        <time>2024-07-17T15:18:02.464Z</time>
      </trkpt>
      <trkpt lat="46.311052" lon="11.674304">
        <ele>1407.7</ele>
        <time>2024-07-17T15:18:32.626Z</time>
      </trkpt>
      <trkpt lat="46.310928" lon="11.673455">
        <ele>1406.4</ele>
        <time>2024-07-17T15:19:04.286Z</time>
      </trkpt>
      <trkpt lat="46.310918" lon="11.673116">
        <ele>1405.7</ele>
        <time>2024-07-17T15:19:16.180Z</time>
      </trkpt>
      <trkpt lat="46.310967" lon="11.672802">
        <ele>1404.9</ele>
        <time>2024-07-17T15:19:26.992Z</time>
      </trkpt>
      <trkpt lat="46.311244" lon="11.671784">
        <ele>1401.6</ele>
        <time>2024-07-17T15:20:02.177Z</time>
      </trkpt>
      <trkpt lat="46.311488" lon="11.670884">
        <ele>1398</ele>
        <time>2024-07-17T15:20:32.317Z</time>
      </trkpt>
      <trkpt lat="46.312036" lon="11.669613">
        <ele>1391.5</ele>
        <time>2024-07-17T15:21:16.740Z</time>
      </trkpt>
      <trkpt lat="46.312104" lon="11.669388">
        <ele>1390.4</ele>
        <time>2024-07-17T15:21:23.888Z</time>
      </trkpt>
      <trkpt lat="46.312135" lon="11.669174">
        <ele>1389.4</ele>
        <time>2024-07-17T15:21:30.195Z</time>
      </trkpt>
      <trkpt lat="46.312172" lon="11.667148">
        <ele>1381</ele>
        <time>2024-07-17T15:22:29.822Z</time>
      </trkpt>
      <trkpt lat="46.312185" lon="11.666729">
        <ele>1379.5</ele>
        <time>2024-07-17T15:22:42.298Z</time>
      </trkpt>
      <trkpt lat="46.312213" lon="11.666217">
        <ele>1377.6</ele>
        <time>2024-07-17T15:22:57.991Z</time>
      </trkpt>
      <trkpt lat="46.31248" lon="11.664836">
        <ele>1372.2</ele>
        <time>2024-07-17T15:23:41.505Z</time>
      </trkpt>
      <trkpt lat="46.312785" lon="11.663368">
        <ele>1366.7</ele>
        <time>2024-07-17T15:24:28.251Z</time>
      </trkpt>
      <trkpt lat="46.312865" lon="11.662989">
        <ele>1365.1</ele>
        <time>2024-07-17T15:24:40.330Z</time>
      </trkpt>
      <trkpt lat="46.31301" lon="11.662532">
        <ele>1362.6</ele>
        <time>2024-07-17T15:24:54.801Z</time>
      </trkpt>
      <trkpt lat="46.313075" lon="11.662312">
        <ele>1361.5</ele>
        <time>2024-07-17T15:25:01.563Z</time>
      </trkpt>
      <trkpt lat="46.313104" lon="11.662217">
        <ele>1361</ele>
        <time>2024-07-17T15:25:04.545Z</time>
      </trkpt>
      <trkpt lat="46.312849" lon="11.662069">
        <ele>1359.2</ele>
        <time>2024-07-17T15:25:16.061Z</time>
      </trkpt>
      <trkpt lat="46.312705" lon="11.66194">
        <ele>1358.2</ele>
        <time>2024-07-17T15:25:23.179Z</time>
      </trkpt>
      <trkpt lat="46.312313" lon="11.661876">
        <ele>1355.8</ele>
        <time>2024-07-17T15:25:39.907Z</time>
      </trkpt>
      <trkpt lat="46.31117" lon="11.661753">
        <ele>1351.7</ele>
        <time>2024-07-17T15:26:33.198Z</time>
      </trkpt>
      <trkpt lat="46.310921" lon="11.661649">
        <ele>1351.4</ele>
        <time>2024-07-17T15:26:45.991Z</time>
      </trkpt>
      <trkpt lat="46.310781" lon="11.661495">
        <ele>1351.1</ele>
        <time>2024-07-17T15:26:55.227Z</time>
      </trkpt>
      <trkpt lat="46.310653" lon="11.661233">
        <ele>1350.6</ele>
        <time>2024-07-17T15:27:06.873Z</time>
      </trkpt>
      <trkpt lat="46.310319" lon="11.661285">
        <ele>1349.7</ele>
        <time>2024-07-17T15:27:23.986Z</time>
      </trkpt>
      <trkpt lat="46.310063" lon="11.661591">
        <ele>1348.8</ele>
        <time>2024-07-17T15:27:40.594Z</time>
      </trkpt>
      <trkpt lat="46.309915" lon="11.661592">
        <ele>1348.3</ele>
        <time>2024-07-17T15:27:47.751Z</time>
      </trkpt>
      <trkpt lat="46.309897" lon="11.661585">
        <ele>1348.3</ele>
        <time>2024-07-17T15:27:48.628Z</time>
      </trkpt>
      <trkpt lat="46.309667" lon="11.661501">
        <ele>1347.2</ele>
        <time>2024-07-17T15:27:59.793Z</time>
      </trkpt>
      <trkpt lat="46.309545" lon="11.661248">
        <ele>1346.2</ele>
        <time>2024-07-17T15:28:09.705Z</time>
      </trkpt>
      <trkpt lat="46.309446" lon="11.660594">
        <ele>1343.5</ele>
        <time>2024-07-17T15:28:29.974Z</time>
      </trkpt>
      <trkpt lat="46.309337" lon="11.660346">
        <ele>1342.3</ele>
        <time>2024-07-17T15:28:38.717Z</time>
      </trkpt>
      <trkpt lat="46.308566" lon="11.660099">
        <ele>1339.3</ele>
        <time>2024-07-17T15:29:15.412Z</time>
      </trkpt>
      <trkpt lat="46.308325" lon="11.659783">
        <ele>1338.9</ele>
        <time>2024-07-17T15:29:31.403Z</time>
      </trkpt>
      <trkpt lat="46.308477" lon="11.659139">
        <ele>1339.2</ele>
        <time>2024-07-17T15:29:57.944Z</time>
      </trkpt>
      <trkpt lat="46.308888" lon="11.658506">
        <ele>1339.9</ele>
        <time>2024-07-17T15:30:33.445Z</time>
      </trkpt>
      <trkpt lat="46.308884" lon="11.65769">
        <ele>1339.9</ele>
        <time>2024-07-17T15:31:06.314Z</time>
      </trkpt>
      <trkpt lat="46.308837" lon="11.657394">
        <ele>1339.5</ele>
        <time>2024-07-17T15:31:17.949Z</time>
      </trkpt>
      <trkpt lat="46.308766" lon="11.65695">
        <ele>1336.9</ele>
        <time>2024-07-17T15:31:31.593Z</time>
      </trkpt>
      <trkpt lat="46.308899" lon="11.656017">
        <ele>1331.3</ele>
        <time>2024-07-17T15:31:57.003Z</time>
      </trkpt>
      <trkpt lat="46.308833" lon="11.655797">
        <ele>1330.9</ele>
        <time>2024-07-17T15:32:03.984Z</time>
      </trkpt>
      <trkpt lat="46.308627" lon="11.655641">
        <ele>1330.2</ele>
        <time>2024-07-17T15:32:16.000Z</time>
      </trkpt>
      <trkpt lat="46.308487" lon="11.65571">
        <ele>1330.2</ele>
        <time>2024-07-17T15:32:23.645Z</time>
      </trkpt>
    </trkseg>
  </trk>
  <trk>
    <name>🚵 Giorno V</name>
    <extensions>
      <gpx_style:line>
        <gpx_style:color>f6d32d</gpx_style:color>
        <gpx_style:opacity>1</gpx_style:opacity>
        <gpx_style:width>2</gpx_style:width>
      </gpx_style:line>
    </extensions>
    <trkseg>
      <trkpt lat="46.308487" lon="11.65571">
        <ele>1330.2</ele>
        <time>2024-07-18T08:00:00.000Z</time>
      </trkpt>
      <trkpt lat="46.308627" lon="11.655641">
        <ele>1330.2</ele>
        <time>2024-07-18T08:00:09.575Z</time>
      </trkpt>
      <trkpt lat="46.308833" lon="11.655797">
        <ele>1330.9</ele>
        <time>2024-07-18T08:00:24.739Z</time>
      </trkpt>
      <trkpt lat="46.308899" lon="11.656017">
        <ele>1331.3</ele>
        <time>2024-07-18T08:00:35.544Z</time>
      </trkpt>
      <trkpt lat="46.308766" lon="11.65695">
        <ele>1336.9</ele>
        <time>2024-07-18T08:01:25.091Z</time>
      </trkpt>
      <trkpt lat="46.308837" lon="11.657394">
        <ele>1339.5</ele>
        <time>2024-07-18T08:01:49.964Z</time>
      </trkpt>
      <trkpt lat="46.308884" lon="11.65769">
        <ele>1339.9</ele>
        <time>2024-07-18T08:02:05.494Z</time>
      </trkpt>
      <trkpt lat="46.308888" lon="11.658506">
        <ele>1339.9</ele>
        <time>2024-07-18T08:02:40.019Z</time>
      </trkpt>
      <trkpt lat="46.308477" lon="11.659139">
        <ele>1339.2</ele>
        <time>2024-07-18T08:03:14.969Z</time>
      </trkpt>
      <trkpt lat="46.308325" lon="11.659783">
        <ele>1338.9</ele>
        <time>2024-07-18T08:03:41.929Z</time>
      </trkpt>
      <trkpt lat="46.308566" lon="11.660099">
        <ele>1339.3</ele>
        <time>2024-07-18T08:04:01.503Z</time>
      </trkpt>
      <trkpt lat="46.309337" lon="11.660346">
        <ele>1342.3</ele>
        <time>2024-07-18T08:04:55.095Z</time>
      </trkpt>
      <trkpt lat="46.309446" lon="11.660594">
        <ele>1343.5</ele>
        <time>2024-07-18T08:05:09.454Z</time>
      </trkpt>
      <trkpt lat="46.309545" lon="11.661248">
        <ele>1346.2</ele>
        <time>2024-07-18T08:05:43.824Z</time>
      </trkpt>
      <trkpt lat="46.309667" lon="11.661501">
        <ele>1347.2</ele>
        <time>2024-07-18T08:05:59.491Z</time>
      </trkpt>
      <trkpt lat="46.309897" lon="11.661585">
        <ele>1348.3</ele>
        <time>2024-07-18T08:06:16.257Z</time>
      </trkpt>
      <trkpt lat="46.309915" lon="11.661592">
        <ele>1348.3</ele>
        <time>2024-07-18T08:06:17.565Z</time>
      </trkpt>
      <trkpt lat="46.310063" lon="11.661591">
        <ele>1348.8</ele>
        <time>2024-07-18T08:06:27.937Z</time>
      </trkpt>
      <trkpt lat="46.310319" lon="11.661285">
        <ele>1349.7</ele>
        <time>2024-07-18T08:06:50.754Z</time>
      </trkpt>
      <trkpt lat="46.310653" lon="11.661233">
        <ele>1350.6</ele>
        <time>2024-07-18T08:07:13.251Z</time>
      </trkpt>
      <trkpt lat="46.310781" lon="11.661495">
        <ele>1351.1</ele>
        <time>2024-07-18T08:07:27.882Z</time>
      </trkpt>
      <trkpt lat="46.310921" lon="11.661649">
        <ele>1351.4</ele>
        <time>2024-07-18T08:07:39.194Z</time>
      </trkpt>
      <trkpt lat="46.31117" lon="11.661753">
        <ele>1351.7</ele>
        <time>2024-07-18T08:07:55.866Z</time>
      </trkpt>
      <trkpt lat="46.312313" lon="11.661876">
        <ele>1355.8</ele>
        <time>2024-07-18T08:09:13.431Z</time>
      </trkpt>
      <trkpt lat="46.312705" lon="11.66194">
        <ele>1358.2</ele>
        <time>2024-07-18T08:09:41.319Z</time>
      </trkpt>
      <trkpt lat="46.312849" lon="11.662069">
        <ele>1359.2</ele>
        <time>2024-07-18T08:09:54.021Z</time>
      </trkpt>
      <trkpt lat="46.313104" lon="11.662217">
        <ele>1361</ele>
        <time>2024-07-18T08:10:14.735Z</time>
      </trkpt>
      <trkpt lat="46.313075" lon="11.662312">
        <ele>1361.5</ele>
        <time>2024-07-18T08:10:20.153Z</time>
      </trkpt>
      <trkpt lat="46.31301" lon="11.662532">
        <ele>1362.6</ele>
        <time>2024-07-18T08:10:32.693Z</time>
      </trkpt>
      <trkpt lat="46.312865" lon="11.662989">
        <ele>1365.1</ele>
        <time>2024-07-18T08:10:59.296Z</time>
      </trkpt>
      <trkpt lat="46.312785" lon="11.663368">
        <ele>1366.7</ele>
        <time>2024-07-18T08:11:20.042Z</time>
      </trkpt>
      <trkpt lat="46.31248" lon="11.664836">
        <ele>1372.2</ele>
        <time>2024-07-18T08:12:37.543Z</time>
      </trkpt>
      <trkpt lat="46.312213" lon="11.666217">
        <ele>1377.6</ele>
        <time>2024-07-18T08:13:50.028Z</time>
      </trkpt>
      <trkpt lat="46.312185" lon="11.666729">
        <ele>1379.5</ele>
        <time>2024-07-18T08:14:16.068Z</time>
      </trkpt>
      <trkpt lat="46.312172" lon="11.667148">
        <ele>1381</ele>
        <time>2024-07-18T08:14:37.240Z</time>
      </trkpt>
      <trkpt lat="46.312135" lon="11.669174">
        <ele>1389.4</ele>
        <time>2024-07-18T08:16:21.275Z</time>
      </trkpt>
      <trkpt lat="46.312104" lon="11.669388">
        <ele>1390.4</ele>
        <time>2024-07-18T08:16:32.573Z</time>
      </trkpt>
      <trkpt lat="46.312036" lon="11.669613">
        <ele>1391.5</ele>
        <time>2024-07-18T08:16:45.413Z</time>
      </trkpt>
      <trkpt lat="46.311488" lon="11.670884">
        <ele>1398</ele>
        <time>2024-07-18T08:18:03.337Z</time>
      </trkpt>
      <trkpt lat="46.311244" lon="11.671784">
        <ele>1401.6</ele>
        <time>2024-07-18T08:18:53.065Z</time>
      </trkpt>
      <trkpt lat="46.310967" lon="11.672802">
        <ele>1404.9</ele>
        <time>2024-07-18T08:19:47.583Z</time>
      </trkpt>
      <trkpt lat="46.310918" lon="11.673116">
        <ele>1405.7</ele>
        <time>2024-07-18T08:20:03.289Z</time>
      </trkpt>
      <trkpt lat="46.310928" lon="11.673455">
        <ele>1406.5</ele>
        <time>2024-07-18T08:20:19.459Z</time>
      </trkpt>
      <trkpt lat="46.311052" lon="11.674304">
        <ele>1407.7</ele>
        <time>2024-07-18T08:20:59.150Z</time>
      </trkpt>
      <trkpt lat="46.311098" lon="11.674289">
        <ele>1407.8</ele>
        <time>2024-07-18T08:21:02.224Z</time>
      </trkpt>
      <trkpt lat="46.311218" lon="11.675075">
        <ele>1407</ele>
        <time>2024-07-18T08:21:33.776Z</time>
      </trkpt>
      <trkpt lat="46.311165" lon="11.675617">
        <ele>1404.9</ele>
        <time>2024-07-18T08:21:53.329Z</time>
      </trkpt>
      <trkpt lat="46.311022" lon="11.676182">
        <ele>1401.5</ele>
        <time>2024-07-18T08:22:11.326Z</time>
      </trkpt>
      <trkpt lat="46.310756" lon="11.676762">
        <ele>1397.1</ele>
        <time>2024-07-18T08:22:30.695Z</time>
      </trkpt>
      <trkpt lat="46.310623" lon="11.676858">
        <ele>1395.8</ele>
        <time>2024-07-18T08:22:36.610Z</time>
      </trkpt>
      <trkpt lat="46.310488" lon="11.676864">
        <ele>1394.6</ele>
        <time>2024-07-18T08:22:42.027Z</time>
      </trkpt>
      <trkpt lat="46.310026" lon="11.676573">
        <ele>1391.1</ele>
        <time>2024-07-18T08:23:03.215Z</time>
      </trkpt>
      <trkpt lat="46.309745" lon="11.676355">
        <ele>1389.2</ele>
        <time>2024-07-18T08:23:17.239Z</time>
      </trkpt>
      <trkpt lat="46.309575" lon="11.675806">
        <ele>1386.8</ele>
        <time>2024-07-18T08:23:36.110Z</time>
      </trkpt>
      <trkpt lat="46.309285" lon="11.675584">
        <ele>1384.6</ele>
        <time>2024-07-18T08:23:50.787Z</time>
      </trkpt>
      <trkpt lat="46.30904" lon="11.675647">
        <ele>1382.7</ele>
        <time>2024-07-18T08:24:01.478Z</time>
      </trkpt>
      <trkpt lat="46.30864" lon="11.675649">
        <ele>1378.9</ele>
        <time>2024-07-18T08:24:17.537Z</time>
      </trkpt>
      <trkpt lat="46.308454" lon="11.67574">
        <ele>1376.7</ele>
        <time>2024-07-18T08:24:24.980Z</time>
      </trkpt>
      <trkpt lat="46.308359" lon="11.675754">
        <ele>1375.5</ele>
        <time>2024-07-18T08:24:28.463Z</time>
      </trkpt>
      <trkpt lat="46.307965" lon="11.675551">
        <ele>1369.2</ele>
        <time>2024-07-18T08:24:42.955Z</time>
      </trkpt>
      <trkpt lat="46.307576" lon="11.675413">
        <ele>1363.1</ele>
        <time>2024-07-18T08:24:56.417Z</time>
      </trkpt>
      <trkpt lat="46.307324" lon="11.675419">
        <ele>1359.2</ele>
        <time>2024-07-18T08:25:04.864Z</time>
      </trkpt>
      <trkpt lat="46.307226" lon="11.675396">
        <ele>1357.7</ele>
        <time>2024-07-18T08:25:08.186Z</time>
      </trkpt>
      <trkpt lat="46.307123" lon="11.675326">
        <ele>1355.9</ele>
        <time>2024-07-18T08:25:11.991Z</time>
      </trkpt>
      <trkpt lat="46.306995" lon="11.675334">
        <ele>1354</ele>
        <time>2024-07-18T08:25:16.277Z</time>
      </trkpt>
      <trkpt lat="46.306926" lon="11.675428">
        <ele>1352.5</ele>
        <time>2024-07-18T08:25:19.447Z</time>
      </trkpt>
      <trkpt lat="46.306901" lon="11.675544">
        <ele>1351.2</ele>
        <time>2024-07-18T08:25:22.255Z</time>
      </trkpt>
      <trkpt lat="46.30696" lon="11.675762">
        <ele>1348.7</ele>
        <time>2024-07-18T08:25:27.661Z</time>
      </trkpt>
      <trkpt lat="46.307181" lon="11.676167">
        <ele>1343</ele>
        <time>2024-07-18T08:25:39.510Z</time>
      </trkpt>
      <trkpt lat="46.307206" lon="11.676488">
        <ele>1339.5</ele>
        <time>2024-07-18T08:25:46.929Z</time>
      </trkpt>
      <trkpt lat="46.307177" lon="11.676626">
        <ele>1338</ele>
        <time>2024-07-18T08:25:50.253Z</time>
      </trkpt>
      <trkpt lat="46.307083" lon="11.676818">
        <ele>1335.4</ele>
        <time>2024-07-18T08:25:55.683Z</time>
      </trkpt>
      <trkpt lat="46.307048" lon="11.676981">
        <ele>1333.6</ele>
        <time>2024-07-18T08:25:59.633Z</time>
      </trkpt>
      <trkpt lat="46.307054" lon="11.677127">
        <ele>1332.1</ele>
        <time>2024-07-18T08:26:03.018Z</time>
      </trkpt>
      <trkpt lat="46.307132" lon="11.67728">
        <ele>1330.1</ele>
        <time>2024-07-18T08:26:07.415Z</time>
      </trkpt>
      <trkpt lat="46.307156" lon="11.677398">
        <ele>1328.8</ele>
        <time>2024-07-18T08:26:10.273Z</time>
      </trkpt>
      <trkpt lat="46.307143" lon="11.677506">
        <ele>1327.6</ele>
        <time>2024-07-18T08:26:12.825Z</time>
      </trkpt>
      <trkpt lat="46.307111" lon="11.677572">
        <ele>1326.8</ele>
        <time>2024-07-18T08:26:14.705Z</time>
      </trkpt>
      <trkpt lat="46.30694" lon="11.677624">
        <ele>1324.2</ele>
        <time>2024-07-18T08:26:20.597Z</time>
      </trkpt>
      <trkpt lat="46.306921" lon="11.67763">
        <ele>1323.9</ele>
        <time>2024-07-18T08:26:21.253Z</time>
      </trkpt>
      <trkpt lat="46.306849" lon="11.677582">
        <ele>1322.8</ele>
        <time>2024-07-18T08:26:23.930Z</time>
      </trkpt>
      <trkpt lat="46.306602" lon="11.677199">
        <ele>1317.4</ele>
        <time>2024-07-18T08:26:36.160Z</time>
      </trkpt>
      <trkpt lat="46.306416" lon="11.677192">
        <ele>1314.7</ele>
        <time>2024-07-18T08:26:42.472Z</time>
      </trkpt>
      <trkpt lat="46.305428" lon="11.676932">
        <ele>1300.8</ele>
        <time>2024-07-18T08:27:17.051Z</time>
      </trkpt>
      <trkpt lat="46.305296" lon="11.676846">
        <ele>1298.9</ele>
        <time>2024-07-18T08:27:22.056Z</time>
      </trkpt>
      <trkpt lat="46.305022" lon="11.676506">
        <ele>1294.4</ele>
        <time>2024-07-18T08:27:34.867Z</time>
      </trkpt>
      <trkpt lat="46.304833" lon="11.676336">
        <ele>1291.7</ele>
        <time>2024-07-18T08:27:42.890Z</time>
      </trkpt>
      <trkpt lat="46.304744" lon="11.676309">
        <ele>1290.7</ele>
        <time>2024-07-18T08:27:46.225Z</time>
      </trkpt>
      <trkpt lat="46.304655" lon="11.676231">
        <ele>1289.5</ele>
        <time>2024-07-18T08:27:50.040Z</time>
      </trkpt>
      <trkpt lat="46.304499" lon="11.676026">
        <ele>1287.2</ele>
        <time>2024-07-18T08:27:57.817Z</time>
      </trkpt>
      <trkpt lat="46.30441" lon="11.675728">
        <ele>1284.8</ele>
        <time>2024-07-18T08:28:06.164Z</time>
      </trkpt>
      <trkpt lat="46.304335" lon="11.675598">
        <ele>1283.5</ele>
        <time>2024-07-18T08:28:10.553Z</time>
      </trkpt>
      <trkpt lat="46.304135" lon="11.675479">
        <ele>1281.3</ele>
        <time>2024-07-18T08:28:18.682Z</time>
      </trkpt>
      <trkpt lat="46.304055" lon="11.675396">
        <ele>1280.2</ele>
        <time>2024-07-18T08:28:22.385Z</time>
      </trkpt>
      <trkpt lat="46.303989" lon="11.675264">
        <ele>1279</ele>
        <time>2024-07-18T08:28:26.613Z</time>
      </trkpt>
      <trkpt lat="46.30397" lon="11.674978">
        <ele>1276.9</ele>
        <time>2024-07-18T08:28:34.087Z</time>
      </trkpt>
      <trkpt lat="46.303931" lon="11.674816">
        <ele>1275.6</ele>
        <time>2024-07-18T08:28:38.523Z</time>
      </trkpt>
      <trkpt lat="46.3035" lon="11.674452">
        <ele>1270.7</ele>
        <time>2024-07-18T08:28:57.551Z</time>
      </trkpt>
      <trkpt lat="46.303323" lon="11.67425">
        <ele>1268.4</ele>
        <time>2024-07-18T08:29:06.228Z</time>
      </trkpt>
      <trkpt lat="46.303253" lon="11.674091">
        <ele>1267.1</ele>
        <time>2024-07-18T08:29:11.200Z</time>
      </trkpt>
      <trkpt lat="46.303206" lon="11.673906">
        <ele>1265.7</ele>
        <time>2024-07-18T08:29:16.421Z</time>
      </trkpt>
      <trkpt lat="46.303114" lon="11.673762">
        <ele>1264.3</ele>
        <time>2024-07-18T08:29:21.679Z</time>
      </trkpt>
      <trkpt lat="46.302987" lon="11.673683">
        <ele>1263</ele>
        <time>2024-07-18T08:29:27.095Z</time>
      </trkpt>
      <trkpt lat="46.302906" lon="11.67352">
        <ele>1261.8</ele>
        <time>2024-07-18T08:29:32.647Z</time>
      </trkpt>
      <trkpt lat="46.302879" lon="11.673374">
        <ele>1261</ele>
        <time>2024-07-18T08:29:36.981Z</time>
      </trkpt>
      <trkpt lat="46.302882" lon="11.673258">
        <ele>1260.6</ele>
        <time>2024-07-18T08:29:40.381Z</time>
      </trkpt>
      <trkpt lat="46.302971" lon="11.673068">
        <ele>1259.7</ele>
        <time>2024-07-18T08:29:47.505Z</time>
      </trkpt>
      <trkpt lat="46.303122" lon="11.672768">
        <ele>1258.5</ele>
        <time>2024-07-18T08:29:59.434Z</time>
      </trkpt>
      <trkpt lat="46.30323" lon="11.672615">
        <ele>1257.8</ele>
        <time>2024-07-18T08:30:06.589Z</time>
      </trkpt>
      <trkpt lat="46.303495" lon="11.672346">
        <ele>1256.4</ele>
        <time>2024-07-18T08:30:22.234Z</time>
      </trkpt>
      <trkpt lat="46.303651" lon="11.67211">
        <ele>1255.5</ele>
        <time>2024-07-18T08:30:33.326Z</time>
      </trkpt>
      <trkpt lat="46.303706" lon="11.671949">
        <ele>1255</ele>
        <time>2024-07-18T08:30:39.472Z</time>
      </trkpt>
      <trkpt lat="46.303787" lon="11.6713">
        <ele>1253.6</ele>
        <time>2024-07-18T08:31:02.613Z</time>
      </trkpt>
      <trkpt lat="46.303832" lon="11.67106">
        <ele>1253.2</ele>
        <time>2024-07-18T08:31:11.523Z</time>
      </trkpt>
      <trkpt lat="46.303952" lon="11.670726">
        <ele>1252.3</ele>
        <time>2024-07-18T08:31:25.033Z</time>
      </trkpt>
      <trkpt lat="46.304013" lon="11.67031">
        <ele>1250.8</ele>
        <time>2024-07-18T08:31:39.685Z</time>
      </trkpt>
      <trkpt lat="46.303989" lon="11.669957">
        <ele>1249.6</ele>
        <time>2024-07-18T08:31:51.253Z</time>
      </trkpt>
      <trkpt lat="46.30388" lon="11.669492">
        <ele>1248.2</ele>
        <time>2024-07-18T08:32:07.700Z</time>
      </trkpt>
      <trkpt lat="46.303882" lon="11.669288">
        <ele>1247.7</ele>
        <time>2024-07-18T08:32:14.791Z</time>
      </trkpt>
      <trkpt lat="46.303933" lon="11.668967">
        <ele>1247</ele>
        <time>2024-07-18T08:32:26.460Z</time>
      </trkpt>
      <trkpt lat="46.303923" lon="11.668794">
        <ele>1246.6</ele>
        <time>2024-07-18T08:32:32.611Z</time>
      </trkpt>
      <trkpt lat="46.304002" lon="11.66792">
        <ele>1245.1</ele>
        <time>2024-07-18T08:33:04.691Z</time>
      </trkpt>
      <trkpt lat="46.304119" lon="11.667532">
        <ele>1244.4</ele>
        <time>2024-07-18T08:33:20.361Z</time>
      </trkpt>
      <trkpt lat="46.304129" lon="11.667371">
        <ele>1244.2</ele>
        <time>2024-07-18T08:33:26.384Z</time>
      </trkpt>
      <trkpt lat="46.304034" lon="11.666856">
        <ele>1243.7</ele>
        <time>2024-07-18T08:33:46.646Z</time>
      </trkpt>
      <trkpt lat="46.303872" lon="11.666394">
        <ele>1243.3</ele>
        <time>2024-07-18T08:34:06.881Z</time>
      </trkpt>
      <trkpt lat="46.303818" lon="11.665624">
        <ele>1242.9</ele>
        <time>2024-07-18T08:34:37.598Z</time>
      </trkpt>
      <trkpt lat="46.30394" lon="11.664813">
        <ele>1241.3</ele>
        <time>2024-07-18T08:35:09.159Z</time>
      </trkpt>
      <trkpt lat="46.303947" lon="11.664498">
        <ele>1240.2</ele>
        <time>2024-07-18T08:35:19.900Z</time>
      </trkpt>
      <trkpt lat="46.303998" lon="11.664199">
        <ele>1238.8</ele>
        <time>2024-07-18T08:35:29.320Z</time>
      </trkpt>
      <trkpt lat="46.304014" lon="11.663876">
        <ele>1237.1</ele>
        <time>2024-07-18T08:35:39.223Z</time>
      </trkpt>
      <trkpt lat="46.304078" lon="11.663494">
        <ele>1234.4</ele>
        <time>2024-07-18T08:35:50.381Z</time>
      </trkpt>
      <trkpt lat="46.304172" lon="11.663115">
        <ele>1231.3</ele>
        <time>2024-07-18T08:36:00.877Z</time>
      </trkpt>
      <trkpt lat="46.304288" lon="11.662842">
        <ele>1228.6</ele>
        <time>2024-07-18T08:36:08.944Z</time>
      </trkpt>
      <trkpt lat="46.304343" lon="11.662574">
        <ele>1226.3</ele>
        <time>2024-07-18T08:36:15.913Z</time>
      </trkpt>
      <trkpt lat="46.304403" lon="11.662402">
        <ele>1224.7</ele>
        <time>2024-07-18T08:36:20.731Z</time>
      </trkpt>
      <trkpt lat="46.304452" lon="11.662049">
        <ele>1221.8</ele>
        <time>2024-07-18T08:36:29.761Z</time>
      </trkpt>
      <trkpt lat="46.304567" lon="11.66157">
        <ele>1218</ele>
        <time>2024-07-18T08:36:42.659Z</time>
      </trkpt>
      <trkpt lat="46.304656" lon="11.661363">
        <ele>1216.3</ele>
        <time>2024-07-18T08:36:49.003Z</time>
      </trkpt>
      <trkpt lat="46.305093" lon="11.660652">
        <ele>1212.6</ele>
        <time>2024-07-18T08:37:17.957Z</time>
      </trkpt>
      <trkpt lat="46.305377" lon="11.660507">
        <ele>1212.4</ele>
        <time>2024-07-18T08:37:32.824Z</time>
      </trkpt>
      <trkpt lat="46.305647" lon="11.660375">
        <ele>1212</ele>
        <time>2024-07-18T08:37:49.099Z</time>
      </trkpt>
      <trkpt lat="46.305886" lon="11.660107">
        <ele>1211.3</ele>
        <time>2024-07-18T08:38:05.685Z</time>
      </trkpt>
      <trkpt lat="46.306236" lon="11.65965">
        <ele>1208.5</ele>
        <time>2024-07-18T08:38:28.456Z</time>
      </trkpt>
      <trkpt lat="46.306309" lon="11.659482">
        <ele>1207.6</ele>
        <time>2024-07-18T08:38:34.591Z</time>
      </trkpt>
      <trkpt lat="46.306336" lon="11.65915">
        <ele>1206.1</ele>
        <time>2024-07-18T08:38:44.799Z</time>
      </trkpt>
      <trkpt lat="46.306288" lon="11.659127">
        <ele>1205.8</ele>
        <time>2024-07-18T08:38:46.960Z</time>
      </trkpt>
      <trkpt lat="46.306124" lon="11.659254">
        <ele>1204.3</ele>
        <time>2024-07-18T08:38:54.765Z</time>
      </trkpt>
      <trkpt lat="46.30604" lon="11.659285">
        <ele>1203.5</ele>
        <time>2024-07-18T08:38:58.208Z</time>
      </trkpt>
      <trkpt lat="46.305897" lon="11.659271">
        <ele>1202.1</ele>
        <time>2024-07-18T08:39:03.815Z</time>
      </trkpt>
      <trkpt lat="46.305776" lon="11.659337">
        <ele>1200.7</ele>
        <time>2024-07-18T08:39:08.780Z</time>
      </trkpt>
      <trkpt lat="46.305677" lon="11.659524">
        <ele>1198.9</ele>
        <time>2024-07-18T08:39:14.906Z</time>
      </trkpt>
      <trkpt lat="46.305636" lon="11.659676">
        <ele>1197.6</ele>
        <time>2024-07-18T08:39:19.135Z</time>
      </trkpt>
      <trkpt lat="46.305602" lon="11.659653">
        <ele>1197.2</ele>
        <time>2024-07-18T08:39:20.555Z</time>
      </trkpt>
      <trkpt lat="46.305596" lon="11.659605">
        <ele>1196.8</ele>
        <time>2024-07-18T08:39:21.829Z</time>
      </trkpt>
      <trkpt lat="46.305617" lon="11.659384">
        <ele>1195.2</ele>
        <time>2024-07-18T08:39:27.673Z</time>
      </trkpt>
      <trkpt lat="46.30574" lon="11.659119">
        <ele>1193.2</ele>
        <time>2024-07-18T08:39:36.091Z</time>
      </trkpt>
      <trkpt lat="46.305925" lon="11.658506">
        <ele>1190.5</ele>
        <time>2024-07-18T08:39:55.364Z</time>
      </trkpt>
      <trkpt lat="46.306131" lon="11.657659">
        <ele>1189</ele>
        <time>2024-07-18T08:40:26.267Z</time>
      </trkpt>
      <trkpt lat="46.306082" lon="11.657005">
        <ele>1187.9</ele>
        <time>2024-07-18T08:40:50.554Z</time>
      </trkpt>
      <trkpt lat="46.306006" lon="11.656818">
        <ele>1187.5</ele>
        <time>2024-07-18T08:40:58.542Z</time>
      </trkpt>
      <trkpt lat="46.305905" lon="11.65632">
        <ele>1186.2</ele>
        <time>2024-07-18T08:41:16.871Z</time>
      </trkpt>
      <trkpt lat="46.305933" lon="11.655967">
        <ele>1185.1</ele>
        <time>2024-07-18T08:41:29.043Z</time>
      </trkpt>
      <trkpt lat="46.306058" lon="11.655618">
        <ele>1183.6</ele>
        <time>2024-07-18T08:41:41.854Z</time>
      </trkpt>
      <trkpt lat="46.306276" lon="11.655152">
        <ele>1181.4</ele>
        <time>2024-07-18T08:41:59.711Z</time>
      </trkpt>
      <trkpt lat="46.306413" lon="11.654484">
        <ele>1178.7</ele>
        <time>2024-07-18T08:42:21.794Z</time>
      </trkpt>
      <trkpt lat="46.306492" lon="11.654266">
        <ele>1178</ele>
        <time>2024-07-18T08:42:29.841Z</time>
      </trkpt>
      <trkpt lat="46.306595" lon="11.654101">
        <ele>1177.4</ele>
        <time>2024-07-18T08:42:37.443Z</time>
      </trkpt>
      <trkpt lat="46.306911" lon="11.65383">
        <ele>1176.5</ele>
        <time>2024-07-18T08:42:56.364Z</time>
      </trkpt>
      <trkpt lat="46.307027" lon="11.653535">
        <ele>1176.2</ele>
        <time>2024-07-18T08:43:09.337Z</time>
      </trkpt>
      <trkpt lat="46.307058" lon="11.653388">
        <ele>1176.2</ele>
        <time>2024-07-18T08:43:15.554Z</time>
      </trkpt>
      <trkpt lat="46.307031" lon="11.652998">
        <ele>1176.2</ele>
        <time>2024-07-18T08:43:31.401Z</time>
      </trkpt>
      <trkpt lat="46.306822" lon="11.652204">
        <ele>1176.7</ele>
        <time>2024-07-18T08:44:07.356Z</time>
      </trkpt>
      <trkpt lat="46.306793" lon="11.651771">
        <ele>1177.2</ele>
        <time>2024-07-18T08:44:26.252Z</time>
      </trkpt>
      <trkpt lat="46.306826" lon="11.65145">
        <ele>1177.6</ele>
        <time>2024-07-18T08:44:40.697Z</time>
      </trkpt>
      <trkpt lat="46.307342" lon="11.650091">
        <ele>1180.4</ele>
        <time>2024-07-18T08:45:51.827Z</time>
      </trkpt>
      <trkpt lat="46.307399" lon="11.649894">
        <ele>1180.7</ele>
        <time>2024-07-18T08:46:01.651Z</time>
      </trkpt>
      <trkpt lat="46.307469" lon="11.649134">
        <ele>1180.2</ele>
        <time>2024-07-18T08:46:32.934Z</time>
      </trkpt>
      <trkpt lat="46.307468" lon="11.648905">
        <ele>1179.7</ele>
        <time>2024-07-18T08:46:41.618Z</time>
      </trkpt>
      <trkpt lat="46.307402" lon="11.648608">
        <ele>1179</ele>
        <time>2024-07-18T08:46:52.848Z</time>
      </trkpt>
      <trkpt lat="46.3074" lon="11.648513">
        <ele>1178.9</ele>
        <time>2024-07-18T08:46:56.269Z</time>
      </trkpt>
      <trkpt lat="46.307421" lon="11.648417">
        <ele>1178.7</ele>
        <time>2024-07-18T08:46:59.892Z</time>
      </trkpt>
      <trkpt lat="46.307717" lon="11.647927">
        <ele>1177.8</ele>
        <time>2024-07-18T08:47:23.977Z</time>
      </trkpt>
      <trkpt lat="46.307765" lon="11.647741">
        <ele>1177.5</ele>
        <time>2024-07-18T08:47:31.248Z</time>
      </trkpt>
      <trkpt lat="46.30777" lon="11.647305">
        <ele>1176.4</ele>
        <time>2024-07-18T08:47:46.633Z</time>
      </trkpt>
      <trkpt lat="46.307732" lon="11.64713">
        <ele>1175.9</ele>
        <time>2024-07-18T08:47:53.105Z</time>
      </trkpt>
      <trkpt lat="46.307464" lon="11.646795">
        <ele>1173.1</ele>
        <time>2024-07-18T08:48:09.351Z</time>
      </trkpt>
      <trkpt lat="46.307389" lon="11.646601">
        <ele>1171.4</ele>
        <time>2024-07-18T08:48:15.261Z</time>
      </trkpt>
      <trkpt lat="46.307371" lon="11.646419">
        <ele>1169.8</ele>
        <time>2024-07-18T08:48:19.869Z</time>
      </trkpt>
      <trkpt lat="46.307393" lon="11.646266">
        <ele>1168.5</ele>
        <time>2024-07-18T08:48:23.798Z</time>
      </trkpt>
      <trkpt lat="46.307615" lon="11.645917">
        <ele>1164.7</ele>
        <time>2024-07-18T08:48:35.727Z</time>
      </trkpt>
      <trkpt lat="46.307798" lon="11.645808">
        <ele>1161.8</ele>
        <time>2024-07-18T08:48:42.758Z</time>
      </trkpt>
      <trkpt lat="46.308124" lon="11.645336">
        <ele>1153.6</ele>
        <time>2024-07-18T08:48:57.829Z</time>
      </trkpt>
      <trkpt lat="46.308095" lon="11.645271">
        <ele>1152.5</ele>
        <time>2024-07-18T08:48:59.529Z</time>
      </trkpt>
      <trkpt lat="46.308034" lon="11.645045">
        <ele>1149.1</ele>
        <time>2024-07-18T08:49:04.804Z</time>
      </trkpt>
      <trkpt lat="46.308051" lon="11.644743">
        <ele>1144.9</ele>
        <time>2024-07-18T08:49:11.415Z</time>
      </trkpt>
      <trkpt lat="46.308093" lon="11.644591">
        <ele>1142.7</ele>
        <time>2024-07-18T08:49:14.986Z</time>
      </trkpt>
      <trkpt lat="46.308162" lon="11.64446">
        <ele>1140.6</ele>
        <time>2024-07-18T08:49:18.659Z</time>
      </trkpt>
      <trkpt lat="46.308395" lon="11.644271">
        <ele>1136.6</ele>
        <time>2024-07-18T08:49:27.429Z</time>
      </trkpt>
      <trkpt lat="46.308562" lon="11.644245">
        <ele>1134.7</ele>
        <time>2024-07-18T08:49:33.208Z</time>
      </trkpt>
      <trkpt lat="46.308608" lon="11.644163">
        <ele>1134</ele>
        <time>2024-07-18T08:49:35.776Z</time>
      </trkpt>
      <trkpt lat="46.308631" lon="11.643456">
        <ele>1129.9</ele>
        <time>2024-07-18T08:49:55.119Z</time>
      </trkpt>
      <trkpt lat="46.30869" lon="11.642885">
        <ele>1127.6</ele>
        <time>2024-07-18T08:50:12.180Z</time>
      </trkpt>
      <trkpt lat="46.308616" lon="11.642673">
        <ele>1127.1</ele>
        <time>2024-07-18T08:50:19.941Z</time>
      </trkpt>
      <trkpt lat="46.308509" lon="11.642231">
        <ele>1126.6</ele>
        <time>2024-07-18T08:50:37.539Z</time>
      </trkpt>
      <trkpt lat="46.308492" lon="11.642018">
        <ele>1126.6</ele>
        <time>2024-07-18T08:50:45.983Z</time>
      </trkpt>
      <trkpt lat="46.308541" lon="11.641394">
        <ele>1126.8</ele>
        <time>2024-07-18T08:51:12.353Z</time>
      </trkpt>
      <trkpt lat="46.308657" lon="11.640849">
        <ele>1125.4</ele>
        <time>2024-07-18T08:51:34.404Z</time>
      </trkpt>
      <trkpt lat="46.308631" lon="11.640315">
        <ele>1122.6</ele>
        <time>2024-07-18T08:51:51.471Z</time>
      </trkpt>
      <trkpt lat="46.308684" lon="11.640001">
        <ele>1120.6</ele>
        <time>2024-07-18T08:52:00.680Z</time>
      </trkpt>
      <trkpt lat="46.308945" lon="11.639741">
        <ele>1117.3</ele>
        <time>2024-07-18T08:52:12.933Z</time>
      </trkpt>
      <trkpt lat="46.309145" lon="11.63929">
        <ele>1113</ele>
        <time>2024-07-18T08:52:26.679Z</time>
      </trkpt>
      <trkpt lat="46.309271" lon="11.639123">
        <ele>1111</ele>
        <time>2024-07-18T08:52:32.877Z</time>
      </trkpt>
      <trkpt lat="46.309334" lon="11.638981">
        <ele>1109.5</ele>
        <time>2024-07-18T08:52:37.038Z</time>
      </trkpt>
      <trkpt lat="46.309329" lon="11.638894">
        <ele>1108.8</ele>
        <time>2024-07-18T08:52:39.189Z</time>
      </trkpt>
      <trkpt lat="46.309304" lon="11.638715">
        <ele>1107.1</ele>
        <time>2024-07-18T08:52:43.691Z</time>
      </trkpt>
      <trkpt lat="46.309248" lon="11.63771">
        <ele>1101.3</ele>
        <time>2024-07-18T08:53:10.731Z</time>
      </trkpt>
      <trkpt lat="46.30933" lon="11.636955">
        <ele>1099.9</ele>
        <time>2024-07-18T08:53:34.677Z</time>
      </trkpt>
      <trkpt lat="46.309318" lon="11.636364">
        <ele>1099.4</ele>
        <time>2024-07-18T08:53:56.917Z</time>
      </trkpt>
      <trkpt lat="46.309286" lon="11.636126">
        <ele>1099.1</ele>
        <time>2024-07-18T08:54:06.319Z</time>
      </trkpt>
      <trkpt lat="46.309268" lon="11.635502">
        <ele>1096.8</ele>
        <time>2024-07-18T08:54:27.342Z</time>
      </trkpt>
      <trkpt lat="46.30944" lon="11.634897">
        <ele>1093.7</ele>
        <time>2024-07-18T08:54:47.625Z</time>
      </trkpt>
      <trkpt lat="46.309543" lon="11.634782">
        <ele>1092.7</ele>
        <time>2024-07-18T08:54:53.074Z</time>
      </trkpt>
      <trkpt lat="46.309821" lon="11.634886">
        <ele>1090.1</ele>
        <time>2024-07-18T08:55:04.513Z</time>
      </trkpt>
      <trkpt lat="46.309892" lon="11.634833">
        <ele>1089.3</ele>
        <time>2024-07-18T08:55:07.638Z</time>
      </trkpt>
      <trkpt lat="46.309936" lon="11.634754">
        <ele>1088.6</ele>
        <time>2024-07-18T08:55:10.343Z</time>
      </trkpt>
      <trkpt lat="46.310001" lon="11.634478">
        <ele>1086.4</ele>
        <time>2024-07-18T08:55:18.119Z</time>
      </trkpt>
      <trkpt lat="46.310302" lon="11.633649">
        <ele>1079.3</ele>
        <time>2024-07-18T08:55:42.321Z</time>
      </trkpt>
      <trkpt lat="46.310337" lon="11.63291">
        <ele>1076.4</ele>
        <time>2024-07-18T08:56:02.987Z</time>
      </trkpt>
      <trkpt lat="46.310264" lon="11.632436">
        <ele>1075.1</ele>
        <time>2024-07-18T08:56:18.864Z</time>
      </trkpt>
      <trkpt lat="46.310255" lon="11.632086">
        <ele>1074.4</ele>
        <time>2024-07-18T08:56:31.159Z</time>
      </trkpt>
      <trkpt lat="46.310292" lon="11.631443">
        <ele>1073.4</ele>
        <time>2024-07-18T08:56:54.919Z</time>
      </trkpt>
      <trkpt lat="46.310319" lon="11.631279">
        <ele>1073.2</ele>
        <time>2024-07-18T08:57:01.261Z</time>
      </trkpt>
      <trkpt lat="46.310366" lon="11.630958">
        <ele>1072.8</ele>
        <time>2024-07-18T08:57:13.770Z</time>
      </trkpt>
      <trkpt lat="46.310539" lon="11.630249">
        <ele>1072</ele>
        <time>2024-07-18T08:57:42.607Z</time>
      </trkpt>
      <trkpt lat="46.310666" lon="11.629834">
        <ele>1071.8</ele>
        <time>2024-07-18T08:58:00.365Z</time>
      </trkpt>
      <trkpt lat="46.310895" lon="11.629259">
        <ele>1071.7</ele>
        <time>2024-07-18T08:58:27.328Z</time>
      </trkpt>
      <trkpt lat="46.311045" lon="11.628892">
        <ele>1071.8</ele>
        <time>2024-07-18T08:58:44.871Z</time>
      </trkpt>
      <trkpt lat="46.311096" lon="11.62868">
        <ele>1071.7</ele>
        <time>2024-07-18T08:58:54.153Z</time>
      </trkpt>
      <trkpt lat="46.311113" lon="11.628486">
        <ele>1071.7</ele>
        <time>2024-07-18T08:59:02.238Z</time>
      </trkpt>
      <trkpt lat="46.311006" lon="11.627859">
        <ele>1071.3</ele>
        <time>2024-07-18T08:59:28.128Z</time>
      </trkpt>
      <trkpt lat="46.311014" lon="11.627673">
        <ele>1071.2</ele>
        <time>2024-07-18T08:59:35.531Z</time>
      </trkpt>
      <trkpt lat="46.311228" lon="11.627085">
        <ele>1069.7</ele>
        <time>2024-07-18T08:59:59.714Z</time>
      </trkpt>
      <trkpt lat="46.311254" lon="11.626877">
        <ele>1069</ele>
        <time>2024-07-18T09:00:06.945Z</time>
      </trkpt>
      <trkpt lat="46.311243" lon="11.626668">
        <ele>1068.2</ele>
        <time>2024-07-18T09:00:13.733Z</time>
      </trkpt>
      <trkpt lat="46.311123" lon="11.626236">
        <ele>1066.4</ele>
        <time>2024-07-18T09:00:28.653Z</time>
      </trkpt>
      <trkpt lat="46.311097" lon="11.626019">
        <ele>1065.5</ele>
        <time>2024-07-18T09:00:35.611Z</time>
      </trkpt>
      <trkpt lat="46.311116" lon="11.625234">
        <ele>1062.1</ele>
        <time>2024-07-18T09:00:59.881Z</time>
      </trkpt>
      <trkpt lat="46.31136" lon="11.623204">
        <ele>1056.2</ele>
        <time>2024-07-18T09:02:07.971Z</time>
      </trkpt>
      <trkpt lat="46.311444" lon="11.622168">
        <ele>1055.1</ele>
        <time>2024-07-18T09:02:44.944Z</time>
      </trkpt>
      <trkpt lat="46.311545" lon="11.622027">
        <ele>1055</ele>
        <time>2024-07-18T09:02:52.818Z</time>
      </trkpt>
      <trkpt lat="46.311357" lon="11.620998">
        <ele>1054.1</ele>
        <time>2024-07-18T09:03:34.573Z</time>
      </trkpt>
      <trkpt lat="46.311067" lon="11.620027">
        <ele>1052.6</ele>
        <time>2024-07-18T09:04:15.117Z</time>
      </trkpt>
      <trkpt lat="46.311059" lon="11.619879">
        <ele>1052.3</ele>
        <time>2024-07-18T09:04:20.591Z</time>
      </trkpt>
      <trkpt lat="46.311081" lon="11.619542">
        <ele>1051.5</ele>
        <time>2024-07-18T09:04:32.588Z</time>
      </trkpt>
      <trkpt lat="46.311441" lon="11.616922">
        <ele>1044</ele>
        <time>2024-07-18T09:06:04.241Z</time>
      </trkpt>
      <trkpt lat="46.311459" lon="11.616787">
        <ele>1043.7</ele>
        <time>2024-07-18T09:06:08.943Z</time>
      </trkpt>
      <trkpt lat="46.311403" lon="11.61677">
        <ele>1043.5</ele>
        <time>2024-07-18T09:06:11.875Z</time>
      </trkpt>
      <trkpt lat="46.311466" lon="11.616097">
        <ele>1042.3</ele>
        <time>2024-07-18T09:06:36.569Z</time>
      </trkpt>
      <trkpt lat="46.311402" lon="11.61368">
        <ele>1038.4</ele>
        <time>2024-07-18T09:08:06.020Z</time>
      </trkpt>
      <trkpt lat="46.311265" lon="11.612629">
        <ele>1035.9</ele>
        <time>2024-07-18T09:08:45.060Z</time>
      </trkpt>
      <trkpt lat="46.31125" lon="11.612318">
        <ele>1035.1</ele>
        <time>2024-07-18T09:08:56.006Z</time>
      </trkpt>
      <trkpt lat="46.311214" lon="11.611372">
        <ele>1033.1</ele>
        <time>2024-07-18T09:09:29.663Z</time>
      </trkpt>
      <trkpt lat="46.311044" lon="11.610998">
        <ele>1032.2</ele>
        <time>2024-07-18T09:09:45.805Z</time>
      </trkpt>
      <trkpt lat="46.311071" lon="11.610972">
        <ele>1032.2</ele>
        <time>2024-07-18T09:09:47.525Z</time>
      </trkpt>
      <trkpt lat="46.311145" lon="11.611121">
        <ele>1031.8</ele>
        <time>2024-07-18T09:09:54.251Z</time>
      </trkpt>
      <trkpt lat="46.31118" lon="11.611199">
        <ele>1031.7</ele>
        <time>2024-07-18T09:09:57.701Z</time>
      </trkpt>
      <trkpt lat="46.311245" lon="11.611071">
        <ele>1031.4</ele>
        <time>2024-07-18T09:10:03.594Z</time>
      </trkpt>
      <trkpt lat="46.311251" lon="11.61093">
        <ele>1031.2</ele>
        <time>2024-07-18T09:10:08.833Z</time>
      </trkpt>
      <trkpt lat="46.311228" lon="11.609206">
        <ele>1028.9</ele>
        <time>2024-07-18T09:11:13.676Z</time>
      </trkpt>
      <trkpt lat="46.311247" lon="11.608875">
        <ele>1028.3</ele>
        <time>2024-07-18T09:11:26.161Z</time>
      </trkpt>
      <trkpt lat="46.311376" lon="11.607741">
        <ele>1026.6</ele>
        <time>2024-07-18T09:12:08.943Z</time>
      </trkpt>
      <trkpt lat="46.311394" lon="11.60758">
        <ele>1026.4</ele>
        <time>2024-07-18T09:12:15.091Z</time>
      </trkpt>
      <trkpt lat="46.311579" lon="11.60758">
        <ele>1026.1</ele>
        <time>2024-07-18T09:12:25.335Z</time>
      </trkpt>
      <trkpt lat="46.311654" lon="11.607445">
        <ele>1025.9</ele>
        <time>2024-07-18T09:12:31.962Z</time>
      </trkpt>
      <trkpt lat="46.311858" lon="11.606836">
        <ele>1025.4</ele>
        <time>2024-07-18T09:12:58.247Z</time>
      </trkpt>
      <trkpt lat="46.311934" lon="11.606609">
        <ele>1025.3</ele>
        <time>2024-07-18T09:13:08.239Z</time>
      </trkpt>
      <trkpt lat="46.312156" lon="11.606249">
        <ele>1025.2</ele>
        <time>2024-07-18T09:13:27.838Z</time>
      </trkpt>
      <trkpt lat="46.312214" lon="11.60603">
        <ele>1025.1</ele>
        <time>2024-07-18T09:13:37.359Z</time>
      </trkpt>
      <trkpt lat="46.312485" lon="11.604628">
        <ele>1023.2</ele>
        <time>2024-07-18T09:14:32.953Z</time>
      </trkpt>
      <trkpt lat="46.312512" lon="11.60412">
        <ele>1022.1</ele>
        <time>2024-07-18T09:14:51.951Z</time>
      </trkpt>
      <trkpt lat="46.312543" lon="11.603938">
        <ele>1021.7</ele>
        <time>2024-07-18T09:14:58.628Z</time>
      </trkpt>
      <trkpt lat="46.312646" lon="11.603768">
        <ele>1021.2</ele>
        <time>2024-07-18T09:15:06.699Z</time>
      </trkpt>
      <trkpt lat="46.312675" lon="11.603596">
        <ele>1020.8</ele>
        <time>2024-07-18T09:15:12.971Z</time>
      </trkpt>
      <trkpt lat="46.312664" lon="11.603445">
        <ele>1020.5</ele>
        <time>2024-07-18T09:15:18.335Z</time>
      </trkpt>
      <trkpt lat="46.31252" lon="11.603265">
        <ele>1019.8</ele>
        <time>2024-07-18T09:15:28.045Z</time>
      </trkpt>
      <trkpt lat="46.312592" lon="11.603096">
        <ele>1019.3</ele>
        <time>2024-07-18T09:15:35.028Z</time>
      </trkpt>
      <trkpt lat="46.312928" lon="11.602756">
        <ele>1017.9</ele>
        <time>2024-07-18T09:15:55.884Z</time>
      </trkpt>
      <trkpt lat="46.312415" lon="11.602425">
        <ele>1016</ele>
        <time>2024-07-18T09:16:24.521Z</time>
      </trkpt>
      <trkpt lat="46.312379" lon="11.602367">
        <ele>1015.9</ele>
        <time>2024-07-18T09:16:27.332Z</time>
      </trkpt>
      <trkpt lat="46.312444" lon="11.602199">
        <ele>1015.6</ele>
        <time>2024-07-18T09:16:34.476Z</time>
      </trkpt>
      <trkpt lat="46.312574" lon="11.601898">
        <ele>1015</ele>
        <time>2024-07-18T09:16:47.647Z</time>
      </trkpt>
      <trkpt lat="46.313022" lon="11.601182">
        <ele>1013.3</ele>
        <time>2024-07-18T09:17:23.250Z</time>
      </trkpt>
      <trkpt lat="46.313215" lon="11.600851">
        <ele>1012.6</ele>
        <time>2024-07-18T09:17:39.193Z</time>
      </trkpt>
      <trkpt lat="46.313487" lon="11.600395">
        <ele>1012</ele>
        <time>2024-07-18T09:18:02.085Z</time>
      </trkpt>
      <trkpt lat="46.313545" lon="11.600306">
        <ele>1011.9</ele>
        <time>2024-07-18T09:18:06.827Z</time>
      </trkpt>
      <trkpt lat="46.314475" lon="11.598773">
        <ele>1011.1</ele>
        <time>2024-07-18T09:19:28.901Z</time>
      </trkpt>
      <trkpt lat="46.314557" lon="11.598629">
        <ele>1011.2</ele>
        <time>2024-07-18T09:19:36.465Z</time>
      </trkpt>
      <trkpt lat="46.314608" lon="11.598563">
        <ele>1011.2</ele>
        <time>2024-07-18T09:19:40.652Z</time>
      </trkpt>
      <trkpt lat="46.315003" lon="11.59807">
        <ele>1011.6</ele>
        <time>2024-07-18T09:20:12.844Z</time>
      </trkpt>
      <trkpt lat="46.315527" lon="11.597612">
        <ele>1012.4</ele>
        <time>2024-07-18T09:20:51.221Z</time>
      </trkpt>
      <trkpt lat="46.31595" lon="11.597363">
        <ele>1013.1</ele>
        <time>2024-07-18T09:21:20.269Z</time>
      </trkpt>
      <trkpt lat="46.316263" lon="11.597237">
        <ele>1013.6</ele>
        <time>2024-07-18T09:21:41.050Z</time>
      </trkpt>
      <trkpt lat="46.31658" lon="11.597155">
        <ele>1014.1</ele>
        <time>2024-07-18T09:22:01.657Z</time>
      </trkpt>
      <trkpt lat="46.317617" lon="11.596882">
        <ele>1015.6</ele>
        <time>2024-07-18T09:23:08.848Z</time>
      </trkpt>
      <trkpt lat="46.318031" lon="11.596687">
        <ele>1016.4</ele>
        <time>2024-07-18T09:23:36.705Z</time>
      </trkpt>
      <trkpt lat="46.318921" lon="11.596015">
        <ele>1018.1</ele>
        <time>2024-07-18T09:24:41.443Z</time>
      </trkpt>
      <trkpt lat="46.318903" lon="11.595966">
        <ele>1018.2</ele>
        <time>2024-07-18T09:24:43.913Z</time>
      </trkpt>
      <trkpt lat="46.319284" lon="11.595673">
        <ele>1018.8</ele>
        <time>2024-07-18T09:25:11.456Z</time>
      </trkpt>
      <trkpt lat="46.319294" lon="11.595617">
        <ele>1018.9</ele>
        <time>2024-07-18T09:25:13.995Z</time>
      </trkpt>
      <trkpt lat="46.31897" lon="11.595346">
        <ele>1019.4</ele>
        <time>2024-07-18T09:25:37.771Z</time>
      </trkpt>
      <trkpt lat="46.318958" lon="11.595372">
        <ele>1019.4</ele>
        <time>2024-07-18T09:25:39.145Z</time>
      </trkpt>
      <trkpt lat="46.319249" lon="11.595621">
        <ele>1019.9</ele>
        <time>2024-07-18T09:26:00.665Z</time>
      </trkpt>
      <trkpt lat="46.319457" lon="11.595798">
        <ele>1020.3</ele>
        <time>2024-07-18T09:26:16.073Z</time>
      </trkpt>
      <trkpt lat="46.320041" lon="11.596424">
        <ele>1022.9</ele>
        <time>2024-07-18T09:27:05.475Z</time>
      </trkpt>
      <trkpt lat="46.320215" lon="11.59688">
        <ele>1024.6</ele>
        <time>2024-07-18T09:27:30.691Z</time>
      </trkpt>
      <trkpt lat="46.320319" lon="11.597059">
        <ele>1025.3</ele>
        <time>2024-07-18T09:27:42.256Z</time>
      </trkpt>
      <trkpt lat="46.320811" lon="11.597508">
        <ele>1027.7</ele>
        <time>2024-07-18T09:28:23.307Z</time>
      </trkpt>
      <trkpt lat="46.321086" lon="11.597668">
        <ele>1028.7</ele>
        <time>2024-07-18T09:28:44.017Z</time>
      </trkpt>
      <trkpt lat="46.321965" lon="11.597925">
        <ele>1031.1</ele>
        <time>2024-07-18T09:29:44.426Z</time>
      </trkpt>
      <trkpt lat="46.323584" lon="11.598657">
        <ele>1036</ele>
        <time>2024-07-18T09:31:38.537Z</time>
      </trkpt>
      <trkpt lat="46.323793" lon="11.59888">
        <ele>1036.8</ele>
        <time>2024-07-18T09:31:56.059Z</time>
      </trkpt>
      <trkpt lat="46.323929" lon="11.59896">
        <ele>1037.2</ele>
        <time>2024-07-18T09:32:05.983Z</time>
      </trkpt>
      <trkpt lat="46.324773" lon="11.59912">
        <ele>1038.8</ele>
        <time>2024-07-18T09:33:01.970Z</time>
      </trkpt>
      <trkpt lat="46.324967" lon="11.599227">
        <ele>1039.1</ele>
        <time>2024-07-18T09:33:15.390Z</time>
      </trkpt>
      <trkpt lat="46.325823" lon="11.599844">
        <ele>1040.1</ele>
        <time>2024-07-18T09:34:15.491Z</time>
      </trkpt>
      <trkpt lat="46.326384" lon="11.600114">
        <ele>1040.6</ele>
        <time>2024-07-18T09:34:52.415Z</time>
      </trkpt>
      <trkpt lat="46.326668" lon="11.600322">
        <ele>1040.9</ele>
        <time>2024-07-18T09:35:12.217Z</time>
      </trkpt>
      <trkpt lat="46.32711" lon="11.600924">
        <ele>1041.4</ele>
        <time>2024-07-18T09:35:49.947Z</time>
      </trkpt>
      <trkpt lat="46.327389" lon="11.601159">
        <ele>1041.7</ele>
        <time>2024-07-18T09:36:10.013Z</time>
      </trkpt>
      <trkpt lat="46.327601" lon="11.601195">
        <ele>1041.8</ele>
        <time>2024-07-18T09:36:23.200Z</time>
      </trkpt>
      <trkpt lat="46.327764" lon="11.601179">
        <ele>1041.9</ele>
        <time>2024-07-18T09:36:33.213Z</time>
      </trkpt>
      <trkpt lat="46.328131" lon="11.601007">
        <ele>1041.9</ele>
        <time>2024-07-18T09:36:56.574Z</time>
      </trkpt>
      <trkpt lat="46.328582" lon="11.600757">
        <ele>1042.1</ele>
        <time>2024-07-18T09:37:25.779Z</time>
      </trkpt>
      <trkpt lat="46.328584" lon="11.600799">
        <ele>1042.1</ele>
        <time>2024-07-18T09:37:27.562Z</time>
      </trkpt>
      <trkpt lat="46.328634" lon="11.601233">
        <ele>1042.3</ele>
        <time>2024-07-18T09:37:46.331Z</time>
      </trkpt>
      <trkpt lat="46.328657" lon="11.601356">
        <ele>1042.4</ele>
        <time>2024-07-18T09:37:51.801Z</time>
      </trkpt>
      <trkpt lat="46.328924" lon="11.601271">
        <ele>1042.7</ele>
        <time>2024-07-18T09:38:08.800Z</time>
      </trkpt>
      <trkpt lat="46.329107" lon="11.601274">
        <ele>1043</ele>
        <time>2024-07-18T09:38:20.385Z</time>
      </trkpt>
      <trkpt lat="46.329641" lon="11.601558">
        <ele>1044.7</ele>
        <time>2024-07-18T09:38:58.433Z</time>
      </trkpt>
      <trkpt lat="46.329958" lon="11.601807">
        <ele>1046.4</ele>
        <time>2024-07-18T09:39:23.447Z</time>
      </trkpt>
      <trkpt lat="46.330144" lon="11.602029">
        <ele>1047.7</ele>
        <time>2024-07-18T09:39:40.908Z</time>
      </trkpt>
      <trkpt lat="46.330439" lon="11.602469">
        <ele>1050.7</ele>
        <time>2024-07-18T09:40:12.898Z</time>
      </trkpt>
      <trkpt lat="46.330842" lon="11.603217">
        <ele>1056.9</ele>
        <time>2024-07-18T09:41:04.764Z</time>
      </trkpt>
      <trkpt lat="46.331517" lon="11.603951">
        <ele>1062.4</ele>
        <time>2024-07-18T09:42:10.587Z</time>
      </trkpt>
      <trkpt lat="46.3319" lon="11.604509">
        <ele>1064.9</ele>
        <time>2024-07-18T09:42:50.856Z</time>
      </trkpt>
      <trkpt lat="46.332023" lon="11.604921">
        <ele>1065.4</ele>
        <time>2024-07-18T09:43:12.246Z</time>
      </trkpt>
      <trkpt lat="46.332154" lon="11.605139">
        <ele>1065.5</ele>
        <time>2024-07-18T09:43:24.877Z</time>
      </trkpt>
      <trkpt lat="46.332324" lon="11.605265">
        <ele>1065.8</ele>
        <time>2024-07-18T09:43:36.833Z</time>
      </trkpt>
      <trkpt lat="46.332597" lon="11.605379">
        <ele>1066.8</ele>
        <time>2024-07-18T09:43:55.777Z</time>
      </trkpt>
      <trkpt lat="46.332688" lon="11.605451">
        <ele>1067.4</ele>
        <time>2024-07-18T09:44:03.315Z</time>
      </trkpt>
      <trkpt lat="46.332717" lon="11.60542">
        <ele>1067.5</ele>
        <time>2024-07-18T09:44:05.933Z</time>
      </trkpt>
      <trkpt lat="46.332853" lon="11.605405">
        <ele>1068.4</ele>
        <time>2024-07-18T09:44:15.978Z</time>
      </trkpt>
      <trkpt lat="46.33297" lon="11.605574">
        <ele>1069.5</ele>
        <time>2024-07-18T09:44:28.497Z</time>
      </trkpt>
      <trkpt lat="46.333083" lon="11.605645">
        <ele>1070.5</ele>
        <time>2024-07-18T09:44:37.838Z</time>
      </trkpt>
      <trkpt lat="46.333154" lon="11.605754">
        <ele>1071.2</ele>
        <time>2024-07-18T09:44:45.751Z</time>
      </trkpt>
      <trkpt lat="46.333265" lon="11.605857">
        <ele>1072.1</ele>
        <time>2024-07-18T09:44:55.859Z</time>
      </trkpt>
      <trkpt lat="46.333621" lon="11.606503">
        <ele>1075.7</ele>
        <time>2024-07-18T09:45:39.193Z</time>
      </trkpt>
      <trkpt lat="46.334056" lon="11.606935">
        <ele>1078</ele>
        <time>2024-07-18T09:46:17.849Z</time>
      </trkpt>
      <trkpt lat="46.334143" lon="11.607137">
        <ele>1078.1</ele>
        <time>2024-07-18T09:46:28.679Z</time>
      </trkpt>
      <trkpt lat="46.33421" lon="11.607526">
        <ele>1077.9</ele>
        <time>2024-07-18T09:46:44.613Z</time>
      </trkpt>
      <trkpt lat="46.334292" lon="11.607696">
        <ele>1077.5</ele>
        <time>2024-07-18T09:46:52.750Z</time>
      </trkpt>
      <trkpt lat="46.334399" lon="11.607789">
        <ele>1077.2</ele>
        <time>2024-07-18T09:46:59.668Z</time>
      </trkpt>
      <trkpt lat="46.33494" lon="11.608059">
        <ele>1076.2</ele>
        <time>2024-07-18T09:47:30.837Z</time>
      </trkpt>
      <trkpt lat="46.335051" lon="11.608162">
        <ele>1076.2</ele>
        <time>2024-07-18T09:47:38.393Z</time>
      </trkpt>
      <trkpt lat="46.33521" lon="11.608442">
        <ele>1076.3</ele>
        <time>2024-07-18T09:47:53.553Z</time>
      </trkpt>
      <trkpt lat="46.335445" lon="11.609504">
        <ele>1078.4</ele>
        <time>2024-07-18T09:48:43.561Z</time>
      </trkpt>
      <trkpt lat="46.335489" lon="11.609602">
        <ele>1078.7</ele>
        <time>2024-07-18T09:48:48.993Z</time>
      </trkpt>
      <trkpt lat="46.335894" lon="11.610104">
        <ele>1080.9</ele>
        <time>2024-07-18T09:49:26.496Z</time>
      </trkpt>
      <trkpt lat="46.336931" lon="11.611411">
        <ele>1080.8</ele>
        <time>2024-07-18T09:50:52.841Z</time>
      </trkpt>
      <trkpt lat="46.337346" lon="11.611787">
        <ele>1078.9</ele>
        <time>2024-07-18T09:51:20.731Z</time>
      </trkpt>
      <trkpt lat="46.338084" lon="11.611908">
        <ele>1077</ele>
        <time>2024-07-18T09:51:59.178Z</time>
      </trkpt>
      <trkpt lat="46.338352" lon="11.611961">
        <ele>1077</ele>
        <time>2024-07-18T09:52:14.016Z</time>
      </trkpt>
      <trkpt lat="46.338584" lon="11.612207">
        <ele>1077.5</ele>
        <time>2024-07-18T09:52:31.918Z</time>
      </trkpt>
      <trkpt lat="46.339149" lon="11.612685">
        <ele>1079.7</ele>
        <time>2024-07-18T09:53:16.024Z</time>
      </trkpt>
      <trkpt lat="46.339536" lon="11.612764">
        <ele>1082.1</ele>
        <time>2024-07-18T09:53:43.819Z</time>
      </trkpt>
      <trkpt lat="46.339779" lon="11.612896">
        <ele>1084</ele>
        <time>2024-07-18T09:54:03.496Z</time>
      </trkpt>
      <trkpt lat="46.340108" lon="11.612916">
        <ele>1086</ele>
        <time>2024-07-18T09:54:28.468Z</time>
      </trkpt>
      <trkpt lat="46.340437" lon="11.613149">
        <ele>1087.9</ele>
        <time>2024-07-18T09:54:55.491Z</time>
      </trkpt>
      <trkpt lat="46.340559" lon="11.613301">
        <ele>1088.7</ele>
        <time>2024-07-18T09:55:07.198Z</time>
      </trkpt>
      <trkpt lat="46.340922" lon="11.613911">
        <ele>1092.4</ele>
        <time>2024-07-18T09:55:48.987Z</time>
      </trkpt>
      <trkpt lat="46.341324" lon="11.614319">
        <ele>1096.8</ele>
        <time>2024-07-18T09:56:27.209Z</time>
      </trkpt>
      <trkpt lat="46.341499" lon="11.614688">
        <ele>1099.4</ele>
        <time>2024-07-18T09:56:51.783Z</time>
      </trkpt>
      <trkpt lat="46.341657" lon="11.615492">
        <ele>1102.9</ele>
        <time>2024-07-18T09:57:35.836Z</time>
      </trkpt>
      <trkpt lat="46.341824" lon="11.615853">
        <ele>1104.2</ele>
        <time>2024-07-18T09:57:57.887Z</time>
      </trkpt>
      <trkpt lat="46.342561" lon="11.616373">
        <ele>1106.4</ele>
        <time>2024-07-18T09:58:53.678Z</time>
      </trkpt>
      <trkpt lat="46.342835" lon="11.616522">
        <ele>1106.6</ele>
        <time>2024-07-18T09:59:12.875Z</time>
      </trkpt>
      <trkpt lat="46.342953" lon="11.616795">
        <ele>1106.8</ele>
        <time>2024-07-18T09:59:26.692Z</time>
      </trkpt>
      <trkpt lat="46.342994" lon="11.617067">
        <ele>1107</ele>
        <time>2024-07-18T09:59:38.693Z</time>
      </trkpt>
      <trkpt lat="46.343036" lon="11.617712">
        <ele>1107.8</ele>
        <time>2024-07-18T10:00:07.131Z</time>
      </trkpt>
      <trkpt lat="46.343114" lon="11.61803">
        <ele>1108.2</ele>
        <time>2024-07-18T10:00:22.173Z</time>
      </trkpt>
      <trkpt lat="46.343434" lon="11.618803">
        <ele>1108.2</ele>
        <time>2024-07-18T10:01:00.202Z</time>
      </trkpt>
      <trkpt lat="46.344321" lon="11.62045">
        <ele>1103.7</ele>
        <time>2024-07-18T10:02:18.166Z</time>
      </trkpt>
      <trkpt lat="46.344795" lon="11.621148">
        <ele>1101.9</ele>
        <time>2024-07-18T10:02:53.339Z</time>
      </trkpt>
      <trkpt lat="46.345068" lon="11.621397">
        <ele>1101.4</ele>
        <time>2024-07-18T10:03:10.677Z</time>
      </trkpt>
      <trkpt lat="46.345501" lon="11.622029">
        <ele>1100.9</ele>
        <time>2024-07-18T10:03:45.709Z</time>
      </trkpt>
      <trkpt lat="46.346187" lon="11.622928">
        <ele>1101.3</ele>
        <time>2024-07-18T10:04:40.919Z</time>
      </trkpt>
      <trkpt lat="46.346275" lon="11.623114">
        <ele>1101.4</ele>
        <time>2024-07-18T10:04:50.430Z</time>
      </trkpt>
      <trkpt lat="46.346447" lon="11.623694">
        <ele>1102</ele>
        <time>2024-07-18T10:05:17.894Z</time>
      </trkpt>
      <trkpt lat="46.346566" lon="11.623883">
        <ele>1102.2</ele>
        <time>2024-07-18T10:05:29.083Z</time>
      </trkpt>
      <trkpt lat="46.346782" lon="11.624142">
        <ele>1102.6</ele>
        <time>2024-07-18T10:05:46.747Z</time>
      </trkpt>
      <trkpt lat="46.346918" lon="11.624192">
        <ele>1102.7</ele>
        <time>2024-07-18T10:05:55.640Z</time>
      </trkpt>
      <trkpt lat="46.347177" lon="11.624262">
        <ele>1103.1</ele>
        <time>2024-07-18T10:06:12.320Z</time>
      </trkpt>
      <trkpt lat="46.347177" lon="11.624396">
        <ele>1103.2</ele>
        <time>2024-07-18T10:06:18.155Z</time>
      </trkpt>
      <trkpt lat="46.346912" lon="11.625475">
        <ele>1104.3</ele>
        <time>2024-07-18T10:07:08.432Z</time>
      </trkpt>
      <trkpt lat="46.346916" lon="11.625567">
        <ele>1104.4</ele>
        <time>2024-07-18T10:07:12.475Z</time>
      </trkpt>
      <trkpt lat="46.346987" lon="11.625642">
        <ele>1104.5</ele>
        <time>2024-07-18T10:07:18.028Z</time>
      </trkpt>
      <trkpt lat="46.347207" lon="11.625674">
        <ele>1104.8</ele>
        <time>2024-07-18T10:07:32.001Z</time>
      </trkpt>
      <trkpt lat="46.347294" lon="11.62577">
        <ele>1104.9</ele>
        <time>2024-07-18T10:07:38.968Z</time>
      </trkpt>
      <trkpt lat="46.347369" lon="11.626058">
        <ele>1105.3</ele>
        <time>2024-07-18T10:07:52.498Z</time>
      </trkpt>
      <trkpt lat="46.347508" lon="11.626827">
        <ele>1106.7</ele>
        <time>2024-07-18T10:08:28.527Z</time>
      </trkpt>
      <trkpt lat="46.34751" lon="11.627189">
        <ele>1107.6</ele>
        <time>2024-07-18T10:08:45.379Z</time>
      </trkpt>
      <trkpt lat="46.347694" lon="11.627795">
        <ele>1109.6</ele>
        <time>2024-07-18T10:09:17.564Z</time>
      </trkpt>
      <trkpt lat="46.347741" lon="11.627829">
        <ele>1109.8</ele>
        <time>2024-07-18T10:09:21.289Z</time>
      </trkpt>
      <trkpt lat="46.347891" lon="11.628569">
        <ele>1112.8</ele>
        <time>2024-07-18T10:10:00.419Z</time>
      </trkpt>
      <trkpt lat="46.348049" lon="11.628876">
        <ele>1114.4</ele>
        <time>2024-07-18T10:10:20.015Z</time>
      </trkpt>
      <trkpt lat="46.348265" lon="11.629142">
        <ele>1115.7</ele>
        <time>2024-07-18T10:10:40.743Z</time>
      </trkpt>
      <trkpt lat="46.348506" lon="11.629421">
        <ele>1116.5</ele>
        <time>2024-07-18T10:11:01.961Z</time>
      </trkpt>
      <trkpt lat="46.348628" lon="11.62952">
        <ele>1116.9</ele>
        <time>2024-07-18T10:11:11.308Z</time>
      </trkpt>
      <trkpt lat="46.348774" lon="11.629601">
        <ele>1117.3</ele>
        <time>2024-07-18T10:11:21.763Z</time>
      </trkpt>
      <trkpt lat="46.34903" lon="11.629679">
        <ele>1118</ele>
        <time>2024-07-18T10:11:39.191Z</time>
      </trkpt>
      <trkpt lat="46.349137" lon="11.629692">
        <ele>1118.2</ele>
        <time>2024-07-18T10:11:46.325Z</time>
      </trkpt>
      <trkpt lat="46.3494" lon="11.629656">
        <ele>1118.9</ele>
        <time>2024-07-18T10:12:03.867Z</time>
      </trkpt>
      <trkpt lat="46.349425" lon="11.629726">
        <ele>1119</ele>
        <time>2024-07-18T10:12:07.417Z</time>
      </trkpt>
      <trkpt lat="46.349453" lon="11.630076">
        <ele>1119.5</ele>
        <time>2024-07-18T10:12:23.294Z</time>
      </trkpt>
      <trkpt lat="46.349489" lon="11.630237">
        <ele>1119.6</ele>
        <time>2024-07-18T10:12:30.805Z</time>
      </trkpt>
      <trkpt lat="46.349566" lon="11.630382">
        <ele>1119.8</ele>
        <time>2024-07-18T10:12:38.925Z</time>
      </trkpt>
      <trkpt lat="46.349975" lon="11.630855">
        <ele>1120.8</ele>
        <time>2024-07-18T10:13:12.621Z</time>
      </trkpt>
      <trkpt lat="46.350605" lon="11.631846">
        <ele>1122</ele>
        <time>2024-07-18T10:14:12.051Z</time>
      </trkpt>
      <trkpt lat="46.351258" lon="11.632388">
        <ele>1121.3</ele>
        <time>2024-07-18T10:14:57.701Z</time>
      </trkpt>
      <trkpt lat="46.35143" lon="11.632441">
        <ele>1121.2</ele>
        <time>2024-07-18T10:15:07.820Z</time>
      </trkpt>
      <trkpt lat="46.351841" lon="11.632459">
        <ele>1120.9</ele>
        <time>2024-07-18T10:15:31.679Z</time>
      </trkpt>
      <trkpt lat="46.352157" lon="11.632653">
        <ele>1120.9</ele>
        <time>2024-07-18T10:15:51.856Z</time>
      </trkpt>
      <trkpt lat="46.352282" lon="11.632787">
        <ele>1120.9</ele>
        <time>2024-07-18T10:16:01.163Z</time>
      </trkpt>
      <trkpt lat="46.352505" lon="11.633144">
        <ele>1121.1</ele>
        <time>2024-07-18T10:16:21.505Z</time>
      </trkpt>
      <trkpt lat="46.352591" lon="11.63324">
        <ele>1121.2</ele>
        <time>2024-07-18T10:16:28.202Z</time>
      </trkpt>
      <trkpt lat="46.353499" lon="11.633942">
        <ele>1122.4</ele>
        <time>2024-07-18T10:17:32.625Z</time>
      </trkpt>
      <trkpt lat="46.354104" lon="11.634678">
        <ele>1123.9</ele>
        <time>2024-07-18T10:18:23.049Z</time>
      </trkpt>
      <trkpt lat="46.354343" lon="11.63495">
        <ele>1124.8</ele>
        <time>2024-07-18T10:18:43.013Z</time>
      </trkpt>
      <trkpt lat="46.354509" lon="11.635253">
        <ele>1125.7</ele>
        <time>2024-07-18T10:19:01.203Z</time>
      </trkpt>
      <trkpt lat="46.354642" lon="11.635573">
        <ele>1126.6</ele>
        <time>2024-07-18T10:19:18.942Z</time>
      </trkpt>
      <trkpt lat="46.354769" lon="11.63597">
        <ele>1127.8</ele>
        <time>2024-07-18T10:19:39.958Z</time>
      </trkpt>
      <trkpt lat="46.354889" lon="11.63624">
        <ele>1128.6</ele>
        <time>2024-07-18T10:19:55.327Z</time>
      </trkpt>
      <trkpt lat="46.35492" lon="11.636345">
        <ele>1128.8</ele>
        <time>2024-07-18T10:20:00.731Z</time>
      </trkpt>
      <trkpt lat="46.354939" lon="11.636961">
        <ele>1130.1</ele>
        <time>2024-07-18T10:20:29.738Z</time>
      </trkpt>
      <trkpt lat="46.354987" lon="11.637414">
        <ele>1130.9</ele>
        <time>2024-07-18T10:20:51.031Z</time>
      </trkpt>
      <trkpt lat="46.35504" lon="11.637685">
        <ele>1131.3</ele>
        <time>2024-07-18T10:21:03.879Z</time>
      </trkpt>
      <trkpt lat="46.355169" lon="11.638104">
        <ele>1132</ele>
        <time>2024-07-18T10:21:24.645Z</time>
      </trkpt>
      <trkpt lat="46.355597" lon="11.639083">
        <ele>1134.5</ele>
        <time>2024-07-18T10:22:18.559Z</time>
      </trkpt>
      <trkpt lat="46.356467" lon="11.640493">
        <ele>1138.8</ele>
        <time>2024-07-18T10:23:47.735Z</time>
      </trkpt>
      <trkpt lat="46.356778" lon="11.640947">
        <ele>1139.6</ele>
        <time>2024-07-18T10:24:17.553Z</time>
      </trkpt>
      <trkpt lat="46.356869" lon="11.641151">
        <ele>1139.8</ele>
        <time>2024-07-18T10:24:28.322Z</time>
      </trkpt>
      <trkpt lat="46.357318" lon="11.642466">
        <ele>1140.3</ele>
        <time>2024-07-18T10:25:30.547Z</time>
      </trkpt>
      <trkpt lat="46.357387" lon="11.642595">
        <ele>1140.1</ele>
        <time>2024-07-18T10:25:37.369Z</time>
      </trkpt>
      <trkpt lat="46.357729" lon="11.643085">
        <ele>1139.7</ele>
        <time>2024-07-18T10:26:04.854Z</time>
      </trkpt>
      <trkpt lat="46.358173" lon="11.643512">
        <ele>1140.1</ele>
        <time>2024-07-18T10:26:36.753Z</time>
      </trkpt>
      <trkpt lat="46.358231" lon="11.643553">
        <ele>1140.2</ele>
        <time>2024-07-18T10:26:40.769Z</time>
      </trkpt>
      <trkpt lat="46.358309" lon="11.643561">
        <ele>1140.3</ele>
        <time>2024-07-18T10:26:45.743Z</time>
      </trkpt>
      <trkpt lat="46.358765" lon="11.643937">
        <ele>1140.9</ele>
        <time>2024-07-18T10:27:18.834Z</time>
      </trkpt>
      <trkpt lat="46.359302" lon="11.644647">
        <ele>1143.1</ele>
        <time>2024-07-18T10:28:06.667Z</time>
      </trkpt>
      <trkpt lat="46.359613" lon="11.644971">
        <ele>1144.6</ele>
        <time>2024-07-18T10:28:32.932Z</time>
      </trkpt>
      <trkpt lat="46.359874" lon="11.645182">
        <ele>1145.4</ele>
        <time>2024-07-18T10:28:53.455Z</time>
      </trkpt>
      <trkpt lat="46.360166" lon="11.64561">
        <ele>1145.8</ele>
        <time>2024-07-18T10:29:20.181Z</time>
      </trkpt>
      <trkpt lat="46.36058" lon="11.645885">
        <ele>1145.5</ele>
        <time>2024-07-18T10:29:47.582Z</time>
      </trkpt>
      <trkpt lat="46.361691" lon="11.646191">
        <ele>1144.5</ele>
        <time>2024-07-18T10:30:52.786Z</time>
      </trkpt>
      <trkpt lat="46.361792" lon="11.646328">
        <ele>1144.5</ele>
        <time>2024-07-18T10:31:00.773Z</time>
      </trkpt>
      <trkpt lat="46.362131" lon="11.647049">
        <ele>1145.6</ele>
        <time>2024-07-18T10:31:39.206Z</time>
      </trkpt>
      <trkpt lat="46.36285" lon="11.647751">
        <ele>1147.9</ele>
        <time>2024-07-18T10:32:36.425Z</time>
      </trkpt>
      <trkpt lat="46.363102" lon="11.648041">
        <ele>1148.6</ele>
        <time>2024-07-18T10:32:57.835Z</time>
      </trkpt>
      <trkpt lat="46.363545" lon="11.648268">
        <ele>1148.6</ele>
        <time>2024-07-18T10:33:27.078Z</time>
      </trkpt>
      <trkpt lat="46.363956" lon="11.648749">
        <ele>1148</ele>
        <time>2024-07-18T10:33:57.847Z</time>
      </trkpt>
      <trkpt lat="46.364331" lon="11.648855">
        <ele>1147.7</ele>
        <time>2024-07-18T10:34:19.702Z</time>
      </trkpt>
      <trkpt lat="46.3649" lon="11.649178">
        <ele>1147.5</ele>
        <time>2024-07-18T10:34:55.454Z</time>
      </trkpt>
      <trkpt lat="46.36518" lon="11.649503">
        <ele>1147.3</ele>
        <time>2024-07-18T10:35:16.530Z</time>
      </trkpt>
      <trkpt lat="46.365226" lon="11.649655">
        <ele>1147.3</ele>
        <time>2024-07-18T10:35:23.253Z</time>
      </trkpt>
      <trkpt lat="46.365579" lon="11.650116">
        <ele>1147.8</ele>
        <time>2024-07-18T10:35:52.781Z</time>
      </trkpt>
      <trkpt lat="46.365986" lon="11.650384">
        <ele>1148.5</ele>
        <time>2024-07-18T10:36:21.097Z</time>
      </trkpt>
      <trkpt lat="46.366192" lon="11.650581">
        <ele>1148.8</ele>
        <time>2024-07-18T10:36:36.823Z</time>
      </trkpt>
      <trkpt lat="46.366515" lon="11.651056">
        <ele>1149.4</ele>
        <time>2024-07-18T10:37:05.937Z</time>
      </trkpt>
      <trkpt lat="46.367288" lon="11.651714">
        <ele>1150.2</ele>
        <time>2024-07-18T10:38:02.081Z</time>
      </trkpt>
      <trkpt lat="46.367655" lon="11.651833">
        <ele>1150.9</ele>
        <time>2024-07-18T10:38:25.782Z</time>
      </trkpt>
      <trkpt lat="46.368045" lon="11.65209">
        <ele>1152.1</ele>
        <time>2024-07-18T10:38:54.109Z</time>
      </trkpt>
      <trkpt lat="46.368139" lon="11.652187">
        <ele>1152.5</ele>
        <time>2024-07-18T10:39:01.947Z</time>
      </trkpt>
      <trkpt lat="46.368269" lon="11.652397">
        <ele>1153.1</ele>
        <time>2024-07-18T10:39:15.292Z</time>
      </trkpt>
      <trkpt lat="46.36827" lon="11.652505">
        <ele>1153.4</ele>
        <time>2024-07-18T10:39:20.400Z</time>
      </trkpt>
      <trkpt lat="46.368327" lon="11.652669">
        <ele>1153.8</ele>
        <time>2024-07-18T10:39:29.086Z</time>
      </trkpt>
      <trkpt lat="46.368586" lon="11.65303">
        <ele>1155.1</ele>
        <time>2024-07-18T10:39:53.822Z</time>
      </trkpt>
      <trkpt lat="46.36918" lon="11.653727">
        <ele>1157.5</ele>
        <time>2024-07-18T10:40:46.153Z</time>
      </trkpt>
      <trkpt lat="46.37016" lon="11.654542">
        <ele>1158.1</ele>
        <time>2024-07-18T10:41:58.571Z</time>
      </trkpt>
      <trkpt lat="46.370548" lon="11.654756">
        <ele>1158.4</ele>
        <time>2024-07-18T10:42:24.072Z</time>
      </trkpt>
      <trkpt lat="46.371075" lon="11.655012">
        <ele>1159.3</ele>
        <time>2024-07-18T10:42:59.183Z</time>
      </trkpt>
      <trkpt lat="46.371236" lon="11.655013">
        <ele>1159.7</ele>
        <time>2024-07-18T10:43:09.717Z</time>
      </trkpt>
      <trkpt lat="46.371464" lon="11.654912">
        <ele>1160.4</ele>
        <time>2024-07-18T10:43:25.719Z</time>
      </trkpt>
      <trkpt lat="46.371932" lon="11.654816">
        <ele>1161.8</ele>
        <time>2024-07-18T10:43:57.581Z</time>
      </trkpt>
      <trkpt lat="46.372091" lon="11.654656">
        <ele>1162.1</ele>
        <time>2024-07-18T10:44:10.133Z</time>
      </trkpt>
      <trkpt lat="46.372146" lon="11.654389">
        <ele>1162.2</ele>
        <time>2024-07-18T10:44:22.049Z</time>
      </trkpt>
      <trkpt lat="46.372177" lon="11.654333">
        <ele>1162.1</ele>
        <time>2024-07-18T10:44:25.075Z</time>
      </trkpt>
      <trkpt lat="46.372241" lon="11.654377">
        <ele>1162.2</ele>
        <time>2024-07-18T10:44:29.358Z</time>
      </trkpt>
      <trkpt lat="46.372375" lon="11.654469">
        <ele>1162.1</ele>
        <time>2024-07-18T10:44:38.174Z</time>
      </trkpt>
      <trkpt lat="46.372551" lon="11.654658">
        <ele>1162</ele>
        <time>2024-07-18T10:44:50.927Z</time>
      </trkpt>
      <trkpt lat="46.37269" lon="11.654807">
        <ele>1161.8</ele>
        <time>2024-07-18T10:45:01.048Z</time>
      </trkpt>
      <trkpt lat="46.372953" lon="11.65509">
        <ele>1161.7</ele>
        <time>2024-07-18T10:45:20.166Z</time>
      </trkpt>
      <trkpt lat="46.373181" lon="11.655344">
        <ele>1161.6</ele>
        <time>2024-07-18T10:45:37.127Z</time>
      </trkpt>
      <trkpt lat="46.373568" lon="11.655784">
        <ele>1161.6</ele>
        <time>2024-07-18T10:46:06.399Z</time>
      </trkpt>
      <trkpt lat="46.373923" lon="11.656176">
        <ele>1162.4</ele>
        <time>2024-07-18T10:46:34.135Z</time>
      </trkpt>
      <trkpt lat="46.374556" lon="11.65688">
        <ele>1164.5</ele>
        <time>2024-07-18T10:47:26.828Z</time>
      </trkpt>
      <trkpt lat="46.37509" lon="11.657486">
        <ele>1166.3</ele>
        <time>2024-07-18T10:48:12.159Z</time>
      </trkpt>
      <trkpt lat="46.375683" lon="11.658124">
        <ele>1168</ele>
        <time>2024-07-18T10:49:01.197Z</time>
      </trkpt>
      <trkpt lat="46.376207" lon="11.658701">
        <ele>1170.3</ele>
        <time>2024-07-18T10:49:45.549Z</time>
      </trkpt>
      <trkpt lat="46.376625" lon="11.658461">
        <ele>1171.8</ele>
        <time>2024-07-18T10:50:16.487Z</time>
      </trkpt>
      <trkpt lat="46.376633" lon="11.658606">
        <ele>1172.2</ele>
        <time>2024-07-18T10:50:23.457Z</time>
      </trkpt>
      <trkpt lat="46.376837" lon="11.65844">
        <ele>1173.2</ele>
        <time>2024-07-18T10:50:39.980Z</time>
      </trkpt>
      <trkpt lat="46.376978" lon="11.658784">
        <ele>1174.5</ele>
        <time>2024-07-18T10:50:59.767Z</time>
      </trkpt>
      <trkpt lat="46.377017" lon="11.659016">
        <ele>1175.4</ele>
        <time>2024-07-18T10:51:11.705Z</time>
      </trkpt>
      <trkpt lat="46.377065" lon="11.659108">
        <ele>1175.8</ele>
        <time>2024-07-18T10:51:17.507Z</time>
      </trkpt>
      <trkpt lat="46.377197" lon="11.658707">
        <ele>1177.5</ele>
        <time>2024-07-18T10:51:40.042Z</time>
      </trkpt>
      <trkpt lat="46.377258" lon="11.658581">
        <ele>1178.1</ele>
        <time>2024-07-18T10:51:47.886Z</time>
      </trkpt>
      <trkpt lat="46.37741" lon="11.658397">
        <ele>1179.3</ele>
        <time>2024-07-18T10:52:02.551Z</time>
      </trkpt>
      <trkpt lat="46.377895" lon="11.658138">
        <ele>1182.8</ele>
        <time>2024-07-18T10:52:41.581Z</time>
      </trkpt>
      <trkpt lat="46.37797" lon="11.658252">
        <ele>1183.5</ele>
        <time>2024-07-18T10:52:49.819Z</time>
      </trkpt>
      <trkpt lat="46.378177" lon="11.658562">
        <ele>1185.4</ele>
        <time>2024-07-18T10:53:12.261Z</time>
      </trkpt>
      <trkpt lat="46.378336" lon="11.658908">
        <ele>1187.3</ele>
        <time>2024-07-18T10:53:33.939Z</time>
      </trkpt>
      <trkpt lat="46.378717" lon="11.659608">
        <ele>1191.2</ele>
        <time>2024-07-18T10:54:20.359Z</time>
      </trkpt>
      <trkpt lat="46.378885" lon="11.659969">
        <ele>1193</ele>
        <time>2024-07-18T10:54:42.907Z</time>
      </trkpt>
      <trkpt lat="46.37895" lon="11.660166">
        <ele>1193.8</ele>
        <time>2024-07-18T10:54:54.072Z</time>
      </trkpt>
      <trkpt lat="46.379056" lon="11.660714">
        <ele>1195.9</ele>
        <time>2024-07-18T10:55:22.819Z</time>
      </trkpt>
      <trkpt lat="46.379122" lon="11.660881">
        <ele>1196.6</ele>
        <time>2024-07-18T10:55:32.541Z</time>
      </trkpt>
      <trkpt lat="46.379182" lon="11.660913">
        <ele>1196.9</ele>
        <time>2024-07-18T10:55:37.222Z</time>
      </trkpt>
      <trkpt lat="46.379244" lon="11.660873">
        <ele>1197.3</ele>
        <time>2024-07-18T10:55:42.191Z</time>
      </trkpt>
      <trkpt lat="46.379283" lon="11.660918">
        <ele>1197.6</ele>
        <time>2024-07-18T10:55:45.840Z</time>
      </trkpt>
      <trkpt lat="46.37935" lon="11.661088">
        <ele>1198.3</ele>
        <time>2024-07-18T10:55:55.729Z</time>
      </trkpt>
      <trkpt lat="46.379684" lon="11.661353">
        <ele>1200.1</ele>
        <time>2024-07-18T10:56:23.375Z</time>
      </trkpt>
      <trkpt lat="46.380473" lon="11.661978">
        <ele>1199.9</ele>
        <time>2024-07-18T10:57:20.207Z</time>
      </trkpt>
      <trkpt lat="46.380628" lon="11.662152">
        <ele>1199.1</ele>
        <time>2024-07-18T10:57:31.462Z</time>
      </trkpt>
      <trkpt lat="46.380837" lon="11.663133">
        <ele>1195.9</ele>
        <time>2024-07-18T10:58:05.844Z</time>
      </trkpt>
      <trkpt lat="46.381216" lon="11.663668">
        <ele>1194</ele>
        <time>2024-07-18T10:58:31.896Z</time>
      </trkpt>
      <trkpt lat="46.381452" lon="11.663817">
        <ele>1193.8</ele>
        <time>2024-07-18T10:58:45.489Z</time>
      </trkpt>
      <trkpt lat="46.381861" lon="11.663846">
        <ele>1194.9</ele>
        <time>2024-07-18T10:59:11.480Z</time>
      </trkpt>
      <trkpt lat="46.382162" lon="11.66394">
        <ele>1196.7</ele>
        <time>2024-07-18T10:59:33.120Z</time>
      </trkpt>
      <trkpt lat="46.382323" lon="11.66389">
        <ele>1198</ele>
        <time>2024-07-18T10:59:45.588Z</time>
      </trkpt>
      <trkpt lat="46.38283" lon="11.663498">
        <ele>1203.1</ele>
        <time>2024-07-18T11:00:31.193Z</time>
      </trkpt>
      <trkpt lat="46.382983" lon="11.663485">
        <ele>1204.6</ele>
        <time>2024-07-18T11:00:43.451Z</time>
      </trkpt>
      <trkpt lat="46.383387" lon="11.663576">
        <ele>1208.6</ele>
        <time>2024-07-18T11:01:16.568Z</time>
      </trkpt>
      <trkpt lat="46.383588" lon="11.663577">
        <ele>1210.5</ele>
        <time>2024-07-18T11:01:32.754Z</time>
      </trkpt>
      <trkpt lat="46.383662" lon="11.663538">
        <ele>1211.2</ele>
        <time>2024-07-18T11:01:39.049Z</time>
      </trkpt>
      <trkpt lat="46.383703" lon="11.663468">
        <ele>1211.7</ele>
        <time>2024-07-18T11:01:44.066Z</time>
      </trkpt>
      <trkpt lat="46.383811" lon="11.662991">
        <ele>1214.5</ele>
        <time>2024-07-18T11:02:11.498Z</time>
      </trkpt>
      <trkpt lat="46.383967" lon="11.662866">
        <ele>1215.8</ele>
        <time>2024-07-18T11:02:25.404Z</time>
      </trkpt>
      <trkpt lat="46.384393" lon="11.662957">
        <ele>1218.4</ele>
        <time>2024-07-18T11:02:57.878Z</time>
      </trkpt>
      <trkpt lat="46.384839" lon="11.662971">
        <ele>1220.2</ele>
        <time>2024-07-18T11:03:30.229Z</time>
      </trkpt>
      <trkpt lat="46.385761" lon="11.663394">
        <ele>1222</ele>
        <time>2024-07-18T11:04:34.634Z</time>
      </trkpt>
      <trkpt lat="46.385893" lon="11.663486">
        <ele>1222.2</ele>
        <time>2024-07-18T11:04:44.102Z</time>
      </trkpt>
      <trkpt lat="46.386224" lon="11.663894">
        <ele>1222.9</ele>
        <time>2024-07-18T11:05:11.909Z</time>
      </trkpt>
      <trkpt lat="46.386695" lon="11.664202">
        <ele>1223.8</ele>
        <time>2024-07-18T11:05:45.159Z</time>
      </trkpt>
      <trkpt lat="46.387131" lon="11.664678">
        <ele>1225.1</ele>
        <time>2024-07-18T11:06:20.836Z</time>
      </trkpt>
      <trkpt lat="46.387526" lon="11.664962">
        <ele>1226.1</ele>
        <time>2024-07-18T11:06:49.954Z</time>
      </trkpt>
      <trkpt lat="46.387677" lon="11.665003">
        <ele>1226.3</ele>
        <time>2024-07-18T11:06:59.973Z</time>
      </trkpt>
      <trkpt lat="46.387727" lon="11.664986">
        <ele>1226.4</ele>
        <time>2024-07-18T11:07:03.193Z</time>
      </trkpt>
      <trkpt lat="46.387892" lon="11.664711">
        <ele>1226.6</ele>
        <time>2024-07-18T11:07:18.959Z</time>
      </trkpt>
      <trkpt lat="46.387992" lon="11.664654">
        <ele>1226.7</ele>
        <time>2024-07-18T11:07:25.577Z</time>
      </trkpt>
      <trkpt lat="46.388203" lon="11.66469">
        <ele>1226.7</ele>
        <time>2024-07-18T11:07:38.661Z</time>
      </trkpt>
      <trkpt lat="46.38851" lon="11.664816">
        <ele>1226.3</ele>
        <time>2024-07-18T11:07:57.356Z</time>
      </trkpt>
      <trkpt lat="46.388777" lon="11.664789">
        <ele>1225.7</ele>
        <time>2024-07-18T11:08:12.159Z</time>
      </trkpt>
      <trkpt lat="46.38952" lon="11.664525">
        <ele>1222.4</ele>
        <time>2024-07-18T11:08:50.459Z</time>
      </trkpt>
      <trkpt lat="46.389711" lon="11.664488">
        <ele>1221.3</ele>
        <time>2024-07-18T11:08:59.736Z</time>
      </trkpt>
      <trkpt lat="46.390643" lon="11.664619">
        <ele>1213.9</ele>
        <time>2024-07-18T11:09:39.262Z</time>
      </trkpt>
      <trkpt lat="46.390761" lon="11.664838">
        <ele>1212.4</ele>
        <time>2024-07-18T11:09:47.273Z</time>
      </trkpt>
      <trkpt lat="46.390803" lon="11.665138">
        <ele>1210.9</ele>
        <time>2024-07-18T11:09:56.290Z</time>
      </trkpt>
      <trkpt lat="46.390833" lon="11.665216">
        <ele>1210.4</ele>
        <time>2024-07-18T11:09:58.929Z</time>
      </trkpt>
      <trkpt lat="46.390932" lon="11.6653">
        <ele>1209.7</ele>
        <time>2024-07-18T11:10:03.892Z</time>
      </trkpt>
      <trkpt lat="46.391146" lon="11.665351">
        <ele>1208.2</ele>
        <time>2024-07-18T11:10:13.273Z</time>
      </trkpt>
      <trkpt lat="46.391588" lon="11.665208">
        <ele>1205.5</ele>
        <time>2024-07-18T11:10:33.355Z</time>
      </trkpt>
      <trkpt lat="46.39173" lon="11.66521">
        <ele>1204.8</ele>
        <time>2024-07-18T11:10:39.952Z</time>
      </trkpt>
      <trkpt lat="46.391875" lon="11.665276">
        <ele>1204.2</ele>
        <time>2024-07-18T11:10:47.329Z</time>
      </trkpt>
      <trkpt lat="46.392166" lon="11.665479">
        <ele>1203.4</ele>
        <time>2024-07-18T11:11:03.789Z</time>
      </trkpt>
      <trkpt lat="46.393022" lon="11.66618">
        <ele>1203.1</ele>
        <time>2024-07-18T11:12:00.412Z</time>
      </trkpt>
      <trkpt lat="46.393352" lon="11.666315">
        <ele>1203.5</ele>
        <time>2024-07-18T11:12:21.005Z</time>
      </trkpt>
      <trkpt lat="46.393629" lon="11.666448">
        <ele>1204.2</ele>
        <time>2024-07-18T11:12:39.821Z</time>
      </trkpt>
      <trkpt lat="46.394059" lon="11.666707">
        <ele>1205.6</ele>
        <time>2024-07-18T11:13:11.097Z</time>
      </trkpt>
      <trkpt lat="46.394539" lon="11.667113">
        <ele>1207.5</ele>
        <time>2024-07-18T11:13:49.061Z</time>
      </trkpt>
      <trkpt lat="46.394795" lon="11.667428">
        <ele>1208.6</ele>
        <time>2024-07-18T11:14:12.111Z</time>
      </trkpt>
      <trkpt lat="46.395156" lon="11.667978">
        <ele>1210.4</ele>
        <time>2024-07-18T11:14:48.070Z</time>
      </trkpt>
      <trkpt lat="46.395233" lon="11.668292">
        <ele>1211</ele>
        <time>2024-07-18T11:15:03.745Z</time>
      </trkpt>
      <trkpt lat="46.39533" lon="11.669093">
        <ele>1213.7</ele>
        <time>2024-07-18T11:15:43.339Z</time>
      </trkpt>
      <trkpt lat="46.395375" lon="11.669253">
        <ele>1214.3</ele>
        <time>2024-07-18T11:15:51.889Z</time>
      </trkpt>
      <trkpt lat="46.395426" lon="11.669342">
        <ele>1214.7</ele>
        <time>2024-07-18T11:15:57.558Z</time>
      </trkpt>
      <trkpt lat="46.395633" lon="11.669533">
        <ele>1215.7</ele>
        <time>2024-07-18T11:16:14.815Z</time>
      </trkpt>
      <trkpt lat="46.395645" lon="11.669583">
        <ele>1215.8</ele>
        <time>2024-07-18T11:16:17.374Z</time>
      </trkpt>
      <trkpt lat="46.395593" lon="11.669763">
        <ele>1216.2</ele>
        <time>2024-07-18T11:16:26.756Z</time>
      </trkpt>
      <trkpt lat="46.395498" lon="11.669983">
        <ele>1216.8</ele>
        <time>2024-07-18T11:16:39.176Z</time>
      </trkpt>
      <trkpt lat="46.395502" lon="11.670109">
        <ele>1217.2</ele>
        <time>2024-07-18T11:16:45.162Z</time>
      </trkpt>
      <trkpt lat="46.395665" lon="11.670286">
        <ele>1217.9</ele>
        <time>2024-07-18T11:16:59.175Z</time>
      </trkpt>
      <trkpt lat="46.396119" lon="11.670687">
        <ele>1219.5</ele>
        <time>2024-07-18T11:17:35.562Z</time>
      </trkpt>
      <trkpt lat="46.396212" lon="11.670823">
        <ele>1220</ele>
        <time>2024-07-18T11:17:44.324Z</time>
      </trkpt>
      <trkpt lat="46.39638" lon="11.671212">
        <ele>1220.3</ele>
        <time>2024-07-18T11:18:04.778Z</time>
      </trkpt>
      <trkpt lat="46.396517" lon="11.671326">
        <ele>1220.3</ele>
        <time>2024-07-18T11:18:14.790Z</time>
      </trkpt>
      <trkpt lat="46.397519" lon="11.671925">
        <ele>1223.2</ele>
        <time>2024-07-18T11:19:26.379Z</time>
      </trkpt>
      <trkpt lat="46.397892" lon="11.672047">
        <ele>1225.3</ele>
        <time>2024-07-18T11:19:52.671Z</time>
      </trkpt>
      <trkpt lat="46.398041" lon="11.672132">
        <ele>1226.2</ele>
        <time>2024-07-18T11:20:04.448Z</time>
      </trkpt>
      <trkpt lat="46.39805" lon="11.672308">
        <ele>1226.9</ele>
        <time>2024-07-18T11:20:13.408Z</time>
      </trkpt>
      <trkpt lat="46.398084" lon="11.672444">
        <ele>1227.4</ele>
        <time>2024-07-18T11:20:20.751Z</time>
      </trkpt>
      <trkpt lat="46.398194" lon="11.672615">
        <ele>1228.3</ele>
        <time>2024-07-18T11:20:32.622Z</time>
      </trkpt>
      <trkpt lat="46.398487" lon="11.672868">
        <ele>1229.9</ele>
        <time>2024-07-18T11:20:57.323Z</time>
      </trkpt>
      <trkpt lat="46.39858" lon="11.672919">
        <ele>1230.3</ele>
        <time>2024-07-18T11:21:04.385Z</time>
      </trkpt>
      <trkpt lat="46.398778" lon="11.672969">
        <ele>1231.1</ele>
        <time>2024-07-18T11:21:18.662Z</time>
      </trkpt>
      <trkpt lat="46.399153" lon="11.67315">
        <ele>1232.2</ele>
        <time>2024-07-18T11:21:45.737Z</time>
      </trkpt>
      <trkpt lat="46.399316" lon="11.673194">
        <ele>1232.4</ele>
        <time>2024-07-18T11:21:56.680Z</time>
      </trkpt>
      <trkpt lat="46.400019" lon="11.673204">
        <ele>1233.4</ele>
        <time>2024-07-18T11:22:41.362Z</time>
      </trkpt>
      <trkpt lat="46.400118" lon="11.673235">
        <ele>1233.6</ele>
        <time>2024-07-18T11:22:47.806Z</time>
      </trkpt>
      <trkpt lat="46.400226" lon="11.67331">
        <ele>1233.7</ele>
        <time>2024-07-18T11:22:55.228Z</time>
      </trkpt>
      <trkpt lat="46.400411" lon="11.673623">
        <ele>1233.8</ele>
        <time>2024-07-18T11:23:12.848Z</time>
      </trkpt>
      <trkpt lat="46.400975" lon="11.674116">
        <ele>1235.3</ele>
        <time>2024-07-18T11:23:55.084Z</time>
      </trkpt>
      <trkpt lat="46.401243" lon="11.674388">
        <ele>1236</ele>
        <time>2024-07-18T11:24:16.603Z</time>
      </trkpt>
      <trkpt lat="46.401653" lon="11.674835">
        <ele>1236.3</ele>
        <time>2024-07-18T11:24:48.944Z</time>
      </trkpt>
      <trkpt lat="46.401933" lon="11.67522">
        <ele>1235.7</ele>
        <time>2024-07-18T11:25:11.695Z</time>
      </trkpt>
      <trkpt lat="46.402067" lon="11.675302">
        <ele>1235.5</ele>
        <time>2024-07-18T11:25:19.860Z</time>
      </trkpt>
      <trkpt lat="46.402256" lon="11.675339">
        <ele>1235.3</ele>
        <time>2024-07-18T11:25:30.666Z</time>
      </trkpt>
      <trkpt lat="46.403534" lon="11.676269">
        <ele>1231.6</ele>
        <time>2024-07-18T11:26:47.450Z</time>
      </trkpt>
      <trkpt lat="46.404366" lon="11.676595">
        <ele>1231.9</ele>
        <time>2024-07-18T11:27:35.616Z</time>
      </trkpt>
      <trkpt lat="46.405054" lon="11.67675">
        <ele>1234.4</ele>
        <time>2024-07-18T11:28:20.631Z</time>
      </trkpt>
      <trkpt lat="46.40674" lon="11.67724">
        <ele>1242.7</ele>
        <time>2024-07-18T11:30:23.204Z</time>
      </trkpt>
      <trkpt lat="46.407347" lon="11.677507">
        <ele>1244.6</ele>
        <time>2024-07-18T11:31:08.217Z</time>
      </trkpt>
      <trkpt lat="46.407478" lon="11.677539">
        <ele>1244.9</ele>
        <time>2024-07-18T11:31:17.171Z</time>
      </trkpt>
      <trkpt lat="46.407957" lon="11.677563">
        <ele>1246.1</ele>
        <time>2024-07-18T11:31:48.972Z</time>
      </trkpt>
      <trkpt lat="46.408176" lon="11.677619">
        <ele>1246.7</ele>
        <time>2024-07-18T11:32:03.792Z</time>
      </trkpt>
      <trkpt lat="46.408469" lon="11.67776">
        <ele>1247.7</ele>
        <time>2024-07-18T11:32:24.714Z</time>
      </trkpt>
      <trkpt lat="46.4087" lon="11.677941">
        <ele>1248.6</ele>
        <time>2024-07-18T11:32:42.713Z</time>
      </trkpt>
      <trkpt lat="46.408881" lon="11.678135">
        <ele>1249.3</ele>
        <time>2024-07-18T11:32:58.116Z</time>
      </trkpt>
      <trkpt lat="46.409208" lon="11.678671">
        <ele>1251</ele>
        <time>2024-07-18T11:33:31.961Z</time>
      </trkpt>
      <trkpt lat="46.409626" lon="11.679155">
        <ele>1252.6</ele>
        <time>2024-07-18T11:34:08.473Z</time>
      </trkpt>
      <trkpt lat="46.410136" lon="11.679502">
        <ele>1254.1</ele>
        <time>2024-07-18T11:34:46.384Z</time>
      </trkpt>
      <trkpt lat="46.410468" lon="11.679656">
        <ele>1254.8</ele>
        <time>2024-07-18T11:35:09.477Z</time>
      </trkpt>
      <trkpt lat="46.411097" lon="11.680051">
        <ele>1256</ele>
        <time>2024-07-18T11:35:53.865Z</time>
      </trkpt>
      <trkpt lat="46.411564" lon="11.680265">
        <ele>1256.7</ele>
        <time>2024-07-18T11:36:25.297Z</time>
      </trkpt>
      <trkpt lat="46.411916" lon="11.680734">
        <ele>1257.2</ele>
        <time>2024-07-18T11:36:55.497Z</time>
      </trkpt>
      <trkpt lat="46.412235" lon="11.680955">
        <ele>1257.5</ele>
        <time>2024-07-18T11:37:17.571Z</time>
      </trkpt>
      <trkpt lat="46.412963" lon="11.681365">
        <ele>1258.8</ele>
        <time>2024-07-18T11:38:07.267Z</time>
      </trkpt>
      <trkpt lat="46.414135" lon="11.681922">
        <ele>1262.2</ele>
        <time>2024-07-18T11:39:28.725Z</time>
      </trkpt>
      <trkpt lat="46.414329" lon="11.681984">
        <ele>1262.8</ele>
        <time>2024-07-18T11:39:42.079Z</time>
      </trkpt>
      <trkpt lat="46.415039" lon="11.682088">
        <ele>1265</ele>
        <time>2024-07-18T11:40:30.544Z</time>
      </trkpt>
      <trkpt lat="46.415364" lon="11.682235">
        <ele>1266.1</ele>
        <time>2024-07-18T11:40:53.718Z</time>
      </trkpt>
      <trkpt lat="46.415997" lon="11.682741">
        <ele>1268.3</ele>
        <time>2024-07-18T11:41:42.867Z</time>
      </trkpt>
      <trkpt lat="46.416232" lon="11.682854">
        <ele>1269.2</ele>
        <time>2024-07-18T11:41:59.757Z</time>
      </trkpt>
      <trkpt lat="46.416558" lon="11.682781">
        <ele>1270.6</ele>
        <time>2024-07-18T11:42:22.895Z</time>
      </trkpt>
      <trkpt lat="46.417009" lon="11.682549">
        <ele>1273.1</ele>
        <time>2024-07-18T11:42:57.390Z</time>
      </trkpt>
      <trkpt lat="46.417314" lon="11.682513">
        <ele>1275</ele>
        <time>2024-07-18T11:43:19.970Z</time>
      </trkpt>
      <trkpt lat="46.417611" lon="11.682626">
        <ele>1277.1</ele>
        <time>2024-07-18T11:43:43.197Z</time>
      </trkpt>
      <trkpt lat="46.418033" lon="11.68294">
        <ele>1280.7</ele>
        <time>2024-07-18T11:44:19.759Z</time>
      </trkpt>
      <trkpt lat="46.418424" lon="11.683145">
        <ele>1284</ele>
        <time>2024-07-18T11:44:52.143Z</time>
      </trkpt>
      <trkpt lat="46.418625" lon="11.683217">
        <ele>1285.5</ele>
        <time>2024-07-18T11:45:08.253Z</time>
      </trkpt>
      <trkpt lat="46.419156" lon="11.68333">
        <ele>1289.3</ele>
        <time>2024-07-18T11:45:49.461Z</time>
      </trkpt>
      <trkpt lat="46.419658" lon="11.683394">
        <ele>1292.3</ele>
        <time>2024-07-18T11:46:27.593Z</time>
      </trkpt>
      <trkpt lat="46.419748" lon="11.683471">
        <ele>1292.8</ele>
        <time>2024-07-18T11:46:35.334Z</time>
      </trkpt>
      <trkpt lat="46.420054" lon="11.684178">
        <ele>1295.8</ele>
        <time>2024-07-18T11:47:17.230Z</time>
      </trkpt>
      <trkpt lat="46.420111" lon="11.684359">
        <ele>1296.4</ele>
        <time>2024-07-18T11:47:27.064Z</time>
      </trkpt>
      <trkpt lat="46.420122" lon="11.684502">
        <ele>1296.8</ele>
        <time>2024-07-18T11:47:33.960Z</time>
      </trkpt>
      <trkpt lat="46.420174" lon="11.684647">
        <ele>1297.1</ele>
        <time>2024-07-18T11:47:41.657Z</time>
      </trkpt>
      <trkpt lat="46.420363" lon="11.684988">
        <ele>1297.9</ele>
        <time>2024-07-18T11:48:02.261Z</time>
      </trkpt>
      <trkpt lat="46.420426" lon="11.685253">
        <ele>1298.3</ele>
        <time>2024-07-18T11:48:14.972Z</time>
      </trkpt>
      <trkpt lat="46.420509" lon="11.685443">
        <ele>1298.5</ele>
        <time>2024-07-18T11:48:24.967Z</time>
      </trkpt>
      <trkpt lat="46.420831" lon="11.685854">
        <ele>1298.6</ele>
        <time>2024-07-18T11:48:51.677Z</time>
      </trkpt>
      <trkpt lat="46.421522" lon="11.686334">
        <ele>1298</ele>
        <time>2024-07-18T11:49:36.674Z</time>
      </trkpt>
      <trkpt lat="46.422668" lon="11.686823">
        <ele>1300</ele>
        <time>2024-07-18T11:50:50.469Z</time>
      </trkpt>
      <trkpt lat="46.423045" lon="11.68704">
        <ele>1302.1</ele>
        <time>2024-07-18T11:51:17.495Z</time>
      </trkpt>
      <trkpt lat="46.423668" lon="11.687534">
        <ele>1307.2</ele>
        <time>2024-07-18T11:52:11.108Z</time>
      </trkpt>
      <trkpt lat="46.424393" lon="11.687983">
        <ele>1314</ele>
        <time>2024-07-18T11:53:12.766Z</time>
      </trkpt>
      <trkpt lat="46.424814" lon="11.688417">
        <ele>1317.8</ele>
        <time>2024-07-18T11:53:53.317Z</time>
      </trkpt>
      <trkpt lat="46.425427" lon="11.689164">
        <ele>1321.8</ele>
        <time>2024-07-18T11:54:52.915Z</time>
      </trkpt>
      <trkpt lat="46.42568" lon="11.689415">
        <ele>1323</ele>
        <time>2024-07-18T11:55:14.921Z</time>
      </trkpt>
      <trkpt lat="46.426258" lon="11.689847">
        <ele>1325.5</ele>
        <time>2024-07-18T11:56:00.349Z</time>
      </trkpt>
      <trkpt lat="46.426469" lon="11.69005">
        <ele>1326.6</ele>
        <time>2024-07-18T11:56:18.109Z</time>
      </trkpt>
      <trkpt lat="46.426722" lon="11.690357">
        <ele>1328</ele>
        <time>2024-07-18T11:56:41.480Z</time>
      </trkpt>
      <trkpt lat="46.427056" lon="11.690786">
        <ele>1330.1</ele>
        <time>2024-07-18T11:57:13.319Z</time>
      </trkpt>
      <trkpt lat="46.427726" lon="11.691608">
        <ele>1336.1</ele>
        <time>2024-07-18T11:58:18.994Z</time>
      </trkpt>
      <trkpt lat="46.427897" lon="11.691887">
        <ele>1337.3</ele>
        <time>2024-07-18T11:58:38.370Z</time>
      </trkpt>
      <trkpt lat="46.428091" lon="11.692611">
        <ele>1337.4</ele>
        <time>2024-07-18T11:59:12.765Z</time>
      </trkpt>
      <trkpt lat="46.428158" lon="11.692774">
        <ele>1337.2</ele>
        <time>2024-07-18T11:59:20.395Z</time>
      </trkpt>
      <trkpt lat="46.428305" lon="11.693003">
        <ele>1336.8</ele>
        <time>2024-07-18T11:59:32.151Z</time>
      </trkpt>
      <trkpt lat="46.428492" lon="11.69311">
        <ele>1336.3</ele>
        <time>2024-07-18T11:59:42.960Z</time>
      </trkpt>
      <trkpt lat="46.428599" lon="11.693109">
        <ele>1335.9</ele>
        <time>2024-07-18T11:59:48.402Z</time>
      </trkpt>
      <trkpt lat="46.428848" lon="11.6931">
        <ele>1334.6</ele>
        <time>2024-07-18T12:00:00.529Z</time>
      </trkpt>
      <trkpt lat="46.428882" lon="11.693069">
        <ele>1334.4</ele>
        <time>2024-07-18T12:00:02.331Z</time>
      </trkpt>
      <trkpt lat="46.428894" lon="11.692989">
        <ele>1334</ele>
        <time>2024-07-18T12:00:04.863Z</time>
      </trkpt>
      <trkpt lat="46.428923" lon="11.692962">
        <ele>1333.8</ele>
        <time>2024-07-18T12:00:06.379Z</time>
      </trkpt>
      <trkpt lat="46.429117" lon="11.692893">
        <ele>1332.1</ele>
        <time>2024-07-18T12:00:15.169Z</time>
      </trkpt>
      <trkpt lat="46.429367" lon="11.692867">
        <ele>1329.6</ele>
        <time>2024-07-18T12:00:25.293Z</time>
      </trkpt>
      <trkpt lat="46.429547" lon="11.692918">
        <ele>1328</ele>
        <time>2024-07-18T12:00:32.684Z</time>
      </trkpt>
      <trkpt lat="46.429691" lon="11.692847">
        <ele>1326.8</ele>
        <time>2024-07-18T12:00:38.888Z</time>
      </trkpt>
      <trkpt lat="46.429731" lon="11.692811">
        <ele>1326.6</ele>
        <time>2024-07-18T12:00:40.874Z</time>
      </trkpt>
      <trkpt lat="46.429764" lon="11.692681">
        <ele>1326</ele>
        <time>2024-07-18T12:00:45.106Z</time>
      </trkpt>
      <trkpt lat="46.429874" lon="11.692246">
        <ele>1324.5</ele>
        <time>2024-07-18T12:00:59.710Z</time>
      </trkpt>
      <trkpt lat="46.429925" lon="11.692011">
        <ele>1323.8</ele>
        <time>2024-07-18T12:01:07.810Z</time>
      </trkpt>
      <trkpt lat="46.429945" lon="11.692018">
        <ele>1323.7</ele>
        <time>2024-07-18T12:01:08.819Z</time>
      </trkpt>
      <trkpt lat="46.430384" lon="11.692248">
        <ele>1321.9</ele>
        <time>2024-07-18T12:01:31.985Z</time>
      </trkpt>
      <trkpt lat="46.430401" lon="11.692262">
        <ele>1321.8</ele>
        <time>2024-07-18T12:01:32.966Z</time>
      </trkpt>
      <trkpt lat="46.430516" lon="11.692339">
        <ele>1321.3</ele>
        <time>2024-07-18T12:01:39.380Z</time>
      </trkpt>
      <trkpt lat="46.430534" lon="11.69235">
        <ele>1321.3</ele>
        <time>2024-07-18T12:01:40.367Z</time>
      </trkpt>
      <trkpt lat="46.430661" lon="11.692424">
        <ele>1320.8</ele>
        <time>2024-07-18T12:01:47.283Z</time>
      </trkpt>
      <trkpt lat="46.430715" lon="11.692372">
        <ele>1320.6</ele>
        <time>2024-07-18T12:01:50.558Z</time>
      </trkpt>
      <trkpt lat="46.430778" lon="11.692218">
        <ele>1320.1</ele>
        <time>2024-07-18T12:01:56.796Z</time>
      </trkpt>
      <trkpt lat="46.430866" lon="11.692164">
        <ele>1319.8</ele>
        <time>2024-07-18T12:02:01.665Z</time>
      </trkpt>
      <trkpt lat="46.431357" lon="11.692037">
        <ele>1318.2</ele>
        <time>2024-07-18T12:02:27.212Z</time>
      </trkpt>
      <trkpt lat="46.431379" lon="11.691896">
        <ele>1317.9</ele>
        <time>2024-07-18T12:02:32.370Z</time>
      </trkpt>
      <trkpt lat="46.431618" lon="11.691813">
        <ele>1317.2</ele>
        <time>2024-07-18T12:02:45.206Z</time>
      </trkpt>
      <trkpt lat="46.431795" lon="11.69165">
        <ele>1316.5</ele>
        <time>2024-07-18T12:02:56.052Z</time>
      </trkpt>
      <trkpt lat="46.431882" lon="11.691462">
        <ele>1316</ele>
        <time>2024-07-18T12:03:04.128Z</time>
      </trkpt>
      <trkpt lat="46.431967" lon="11.691073">
        <ele>1315.2</ele>
        <time>2024-07-18T12:03:18.681Z</time>
      </trkpt>
      <trkpt lat="46.432134" lon="11.690595">
        <ele>1314.2</ele>
        <time>2024-07-18T12:03:38.016Z</time>
      </trkpt>
      <trkpt lat="46.432459" lon="11.690159">
        <ele>1313.4</ele>
        <time>2024-07-18T12:04:01.904Z</time>
      </trkpt>
      <trkpt lat="46.432678" lon="11.689934">
        <ele>1312.9</ele>
        <time>2024-07-18T12:04:16.657Z</time>
      </trkpt>
      <trkpt lat="46.43296" lon="11.690035">
        <ele>1312.5</ele>
        <time>2024-07-18T12:04:32.837Z</time>
      </trkpt>
      <trkpt lat="46.433069" lon="11.690183">
        <ele>1312.3</ele>
        <time>2024-07-18T12:04:41.261Z</time>
      </trkpt>
      <trkpt lat="46.43313" lon="11.690555">
        <ele>1312</ele>
        <time>2024-07-18T12:04:56.132Z</time>
      </trkpt>
      <trkpt lat="46.433232" lon="11.690831">
        <ele>1311.8</ele>
        <time>2024-07-18T12:05:08.407Z</time>
      </trkpt>
      <trkpt lat="46.433447" lon="11.691075">
        <ele>1311.6</ele>
        <time>2024-07-18T12:05:24.145Z</time>
      </trkpt>
      <trkpt lat="46.433587" lon="11.691234">
        <ele>1311.5</ele>
        <time>2024-07-18T12:05:34.468Z</time>
      </trkpt>
      <trkpt lat="46.434023" lon="11.692058">
        <ele>1311.4</ele>
        <time>2024-07-18T12:06:16.893Z</time>
      </trkpt>
      <trkpt lat="46.434307" lon="11.692459">
        <ele>1311.8</ele>
        <time>2024-07-18T12:06:40.901Z</time>
      </trkpt>
      <trkpt lat="46.434537" lon="11.692936">
        <ele>1312.3</ele>
        <time>2024-07-18T12:07:06.131Z</time>
      </trkpt>
      <trkpt lat="46.434743" lon="11.693448">
        <ele>1313</ele>
        <time>2024-07-18T12:07:32.209Z</time>
      </trkpt>
      <trkpt lat="46.434913" lon="11.693641">
        <ele>1313.4</ele>
        <time>2024-07-18T12:07:46.144Z</time>
      </trkpt>
      <trkpt lat="46.435015" lon="11.693951">
        <ele>1313.8</ele>
        <time>2024-07-18T12:08:01.388Z</time>
      </trkpt>
      <trkpt lat="46.435123" lon="11.694072">
        <ele>1314</ele>
        <time>2024-07-18T12:08:10.088Z</time>
      </trkpt>
      <trkpt lat="46.435347" lon="11.694212">
        <ele>1314.3</ele>
        <time>2024-07-18T12:08:25.639Z</time>
      </trkpt>
      <trkpt lat="46.435543" lon="11.694382">
        <ele>1314.6</ele>
        <time>2024-07-18T12:08:40.109Z</time>
      </trkpt>
      <trkpt lat="46.435659" lon="11.694529">
        <ele>1314.8</ele>
        <time>2024-07-18T12:08:49.867Z</time>
      </trkpt>
      <trkpt lat="46.436002" lon="11.69485">
        <ele>1315.3</ele>
        <time>2024-07-18T12:09:15.683Z</time>
      </trkpt>
      <trkpt lat="46.436582" lon="11.695">
        <ele>1316.1</ele>
        <time>2024-07-18T12:09:53.004Z</time>
      </trkpt>
      <trkpt lat="46.436531" lon="11.695383">
        <ele>1316.5</ele>
        <time>2024-07-18T12:10:10.102Z</time>
      </trkpt>
      <trkpt lat="46.437413" lon="11.69596">
        <ele>1318.5</ele>
        <time>2024-07-18T12:11:13.018Z</time>
      </trkpt>
      <trkpt lat="46.43776" lon="11.69637">
        <ele>1319.7</ele>
        <time>2024-07-18T12:11:42.491Z</time>
      </trkpt>
      <trkpt lat="46.438255" lon="11.696554">
        <ele>1321.6</ele>
        <time>2024-07-18T12:12:17.404Z</time>
      </trkpt>
      <trkpt lat="46.438762" lon="11.696691">
        <ele>1323.4</ele>
        <time>2024-07-18T12:12:53.108Z</time>
      </trkpt>
      <trkpt lat="46.439355" lon="11.697098">
        <ele>1324.1</ele>
        <time>2024-07-18T12:13:36.095Z</time>
      </trkpt>
      <trkpt lat="46.439444" lon="11.697127">
        <ele>1324.1</ele>
        <time>2024-07-18T12:13:41.786Z</time>
      </trkpt>
      <trkpt lat="46.439544" lon="11.697105">
        <ele>1324.2</ele>
        <time>2024-07-18T12:13:47.982Z</time>
      </trkpt>
      <trkpt lat="46.440008" lon="11.696876">
        <ele>1324.3</ele>
        <time>2024-07-18T12:14:17.705Z</time>
      </trkpt>
      <trkpt lat="46.440223" lon="11.696869">
        <ele>1324.2</ele>
        <time>2024-07-18T12:14:30.577Z</time>
      </trkpt>
      <trkpt lat="46.440967" lon="11.697486">
        <ele>1323.7</ele>
        <time>2024-07-18T12:15:20.580Z</time>
      </trkpt>
      <trkpt lat="46.441365" lon="11.697645">
        <ele>1324.3</ele>
        <time>2024-07-18T12:15:45.377Z</time>
      </trkpt>
      <trkpt lat="46.44178" lon="11.697712">
        <ele>1324.9</ele>
        <time>2024-07-18T12:16:11.987Z</time>
      </trkpt>
      <trkpt lat="46.441965" lon="11.697689">
        <ele>1325.2</ele>
        <time>2024-07-18T12:16:23.841Z</time>
      </trkpt>
      <trkpt lat="46.442325" lon="11.697547">
        <ele>1325.6</ele>
        <time>2024-07-18T12:16:47.425Z</time>
      </trkpt>
      <trkpt lat="46.443041" lon="11.697442">
        <ele>1326.6</ele>
        <time>2024-07-18T12:17:32.973Z</time>
      </trkpt>
      <trkpt lat="46.443692" lon="11.697757">
        <ele>1327.7</ele>
        <time>2024-07-18T12:18:16.792Z</time>
      </trkpt>
      <trkpt lat="46.444565" lon="11.698312">
        <ele>1329.3</ele>
        <time>2024-07-18T12:19:18.037Z</time>
      </trkpt>
      <trkpt lat="46.445006" lon="11.698522">
        <ele>1329.9</ele>
        <time>2024-07-18T12:19:47.746Z</time>
      </trkpt>
      <trkpt lat="46.445158" lon="11.698547">
        <ele>1330</ele>
        <time>2024-07-18T12:19:57.362Z</time>
      </trkpt>
      <trkpt lat="46.445402" lon="11.698367">
        <ele>1330.3</ele>
        <time>2024-07-18T12:20:14.435Z</time>
      </trkpt>
      <trkpt lat="46.445876" lon="11.698099">
        <ele>1330.5</ele>
        <time>2024-07-18T12:20:45.762Z</time>
      </trkpt>
      <trkpt lat="46.446521" lon="11.697941">
        <ele>1330.7</ele>
        <time>2024-07-18T12:21:25.522Z</time>
      </trkpt>
      <trkpt lat="46.446693" lon="11.697811">
        <ele>1330.8</ele>
        <time>2024-07-18T12:21:37.338Z</time>
      </trkpt>
      <trkpt lat="46.446844" lon="11.697772">
        <ele>1330.9</ele>
        <time>2024-07-18T12:21:46.756Z</time>
      </trkpt>
      <trkpt lat="46.447351" lon="11.697761">
        <ele>1331.4</ele>
        <time>2024-07-18T12:22:18.224Z</time>
      </trkpt>
      <trkpt lat="46.447356" lon="11.69766">
        <ele>1331.5</ele>
        <time>2024-07-18T12:22:22.657Z</time>
      </trkpt>
      <trkpt lat="46.447356" lon="11.697397">
        <ele>1331.8</ele>
        <time>2024-07-18T12:22:34.427Z</time>
      </trkpt>
      <trkpt lat="46.447351" lon="11.69723">
        <ele>1332.1</ele>
        <time>2024-07-18T12:22:41.908Z</time>
      </trkpt>
      <trkpt lat="46.447964" lon="11.69731">
        <ele>1333.7</ele>
        <time>2024-07-18T12:23:22.574Z</time>
      </trkpt>
      <trkpt lat="46.449047" lon="11.697673">
        <ele>1336.9</ele>
        <time>2024-07-18T12:24:37.253Z</time>
      </trkpt>
      <trkpt lat="46.450181" lon="11.697923">
        <ele>1338.3</ele>
        <time>2024-07-18T12:25:52.130Z</time>
      </trkpt>
      <trkpt lat="46.450528" lon="11.698054">
        <ele>1338.5</ele>
        <time>2024-07-18T12:26:14.614Z</time>
      </trkpt>
      <trkpt lat="46.451386" lon="11.69851">
        <ele>1339.3</ele>
        <time>2024-07-18T12:27:11.237Z</time>
      </trkpt>
      <trkpt lat="46.451589" lon="11.698699">
        <ele>1339.6</ele>
        <time>2024-07-18T12:27:26.290Z</time>
      </trkpt>
      <trkpt lat="46.451799" lon="11.699001">
        <ele>1340.2</ele>
        <time>2024-07-18T12:27:45.309Z</time>
      </trkpt>
      <trkpt lat="46.452008" lon="11.699214">
        <ele>1340.7</ele>
        <time>2024-07-18T12:28:01.953Z</time>
      </trkpt>
      <trkpt lat="46.452211" lon="11.699343">
        <ele>1341.3</ele>
        <time>2024-07-18T12:28:16.603Z</time>
      </trkpt>
      <trkpt lat="46.452328" lon="11.699348">
        <ele>1341.6</ele>
        <time>2024-07-18T12:28:24.431Z</time>
      </trkpt>
      <trkpt lat="46.452986" lon="11.69922">
        <ele>1344</ele>
        <time>2024-07-18T12:29:09.885Z</time>
      </trkpt>
      <trkpt lat="46.453097" lon="11.699229">
        <ele>1344.5</ele>
        <time>2024-07-18T12:29:17.619Z</time>
      </trkpt>
      <trkpt lat="46.454826" lon="11.699557">
        <ele>1352.6</ele>
        <time>2024-07-18T12:31:22.576Z</time>
      </trkpt>
      <trkpt lat="46.455239" lon="11.699692">
        <ele>1354.1</ele>
        <time>2024-07-18T12:31:52.714Z</time>
      </trkpt>
      <trkpt lat="46.455405" lon="11.699818">
        <ele>1354.7</ele>
        <time>2024-07-18T12:32:05.580Z</time>
      </trkpt>
      <trkpt lat="46.455475" lon="11.69992">
        <ele>1355</ele>
        <time>2024-07-18T12:32:12.267Z</time>
      </trkpt>
      <trkpt lat="46.455579" lon="11.70017">
        <ele>1355.5</ele>
        <time>2024-07-18T12:32:25.831Z</time>
      </trkpt>
      <trkpt lat="46.455686" lon="11.700605">
        <ele>1356</ele>
        <time>2024-07-18T12:32:46.656Z</time>
      </trkpt>
      <trkpt lat="46.455919" lon="11.700931">
        <ele>1356.3</ele>
        <time>2024-07-18T12:33:07.072Z</time>
      </trkpt>
      <trkpt lat="46.455961" lon="11.701071">
        <ele>1356.4</ele>
        <time>2024-07-18T12:33:13.569Z</time>
      </trkpt>
      <trkpt lat="46.456049" lon="11.701311">
        <ele>1356.4</ele>
        <time>2024-07-18T12:33:25.139Z</time>
      </trkpt>
      <trkpt lat="46.456126" lon="11.701366">
        <ele>1356.5</ele>
        <time>2024-07-18T12:33:30.312Z</time>
      </trkpt>
      <trkpt lat="46.45637" lon="11.701417">
        <ele>1356.4</ele>
        <time>2024-07-18T12:33:45.174Z</time>
      </trkpt>
      <trkpt lat="46.456935" lon="11.701894">
        <ele>1356.2</ele>
        <time>2024-07-18T12:34:23.941Z</time>
      </trkpt>
      <trkpt lat="46.457018" lon="11.702008">
        <ele>1356.1</ele>
        <time>2024-07-18T12:34:30.651Z</time>
      </trkpt>
      <trkpt lat="46.457128" lon="11.702239">
        <ele>1356</ele>
        <time>2024-07-18T12:34:41.892Z</time>
      </trkpt>
      <trkpt lat="46.458202" lon="11.703522">
        <ele>1356.8</ele>
        <time>2024-07-18T12:36:06.473Z</time>
      </trkpt>
      <trkpt lat="46.458489" lon="11.703972">
        <ele>1357.8</ele>
        <time>2024-07-18T12:36:32.885Z</time>
      </trkpt>
      <trkpt lat="46.45869" lon="11.704408">
        <ele>1358.7</ele>
        <time>2024-07-18T12:36:56.840Z</time>
      </trkpt>
      <trkpt lat="46.458816" lon="11.704816">
        <ele>1359.4</ele>
        <time>2024-07-18T12:37:17.228Z</time>
      </trkpt>
      <trkpt lat="46.45895" lon="11.705719">
        <ele>1360.4</ele>
        <time>2024-07-18T12:37:58.373Z</time>
      </trkpt>
      <trkpt lat="46.459018" lon="11.706403">
        <ele>1360.5</ele>
        <time>2024-07-18T12:38:28.133Z</time>
      </trkpt>
      <trkpt lat="46.459059" lon="11.706529">
        <ele>1360.4</ele>
        <time>2024-07-18T12:38:33.846Z</time>
      </trkpt>
      <trkpt lat="46.459195" lon="11.706737">
        <ele>1360.3</ele>
        <time>2024-07-18T12:38:45.261Z</time>
      </trkpt>
      <trkpt lat="46.459297" lon="11.707027">
        <ele>1360.1</ele>
        <time>2024-07-18T12:38:58.221Z</time>
      </trkpt>
      <trkpt lat="46.45931" lon="11.707368">
        <ele>1360</ele>
        <time>2024-07-18T12:39:11.868Z</time>
      </trkpt>
      <trkpt lat="46.459289" lon="11.707463">
        <ele>1359.9</ele>
        <time>2024-07-18T12:39:15.885Z</time>
      </trkpt>
      <trkpt lat="46.459175" lon="11.707663">
        <ele>1359.8</ele>
        <time>2024-07-18T12:39:26.337Z</time>
      </trkpt>
      <trkpt lat="46.45915" lon="11.707792">
        <ele>1359.8</ele>
        <time>2024-07-18T12:39:31.716Z</time>
      </trkpt>
      <trkpt lat="46.459177" lon="11.708488">
        <ele>1359.7</ele>
        <time>2024-07-18T12:39:59.988Z</time>
      </trkpt>
      <trkpt lat="46.459211" lon="11.708628">
        <ele>1359.7</ele>
        <time>2024-07-18T12:40:06.070Z</time>
      </trkpt>
      <trkpt lat="46.459297" lon="11.708748">
        <ele>1359.7</ele>
        <time>2024-07-18T12:40:13.211Z</time>
      </trkpt>
      <trkpt lat="46.459821" lon="11.709216">
        <ele>1360</ele>
        <time>2024-07-18T12:40:50.630Z</time>
      </trkpt>
      <trkpt lat="46.460075" lon="11.709592">
        <ele>1360.3</ele>
        <time>2024-07-18T12:41:12.943Z</time>
      </trkpt>
      <trkpt lat="46.460232" lon="11.709909">
        <ele>1360.6</ele>
        <time>2024-07-18T12:41:29.728Z</time>
      </trkpt>
      <trkpt lat="46.460554" lon="11.710895">
        <ele>1361.4</ele>
        <time>2024-07-18T12:42:16.895Z</time>
      </trkpt>
      <trkpt lat="46.460643" lon="11.711464">
        <ele>1361.9</ele>
        <time>2024-07-18T12:42:42.169Z</time>
      </trkpt>
      <trkpt lat="46.460609" lon="11.71196">
        <ele>1362.2</ele>
        <time>2024-07-18T12:43:03.710Z</time>
      </trkpt>
      <trkpt lat="46.460627" lon="11.712268">
        <ele>1362.3</ele>
        <time>2024-07-18T12:43:16.858Z</time>
      </trkpt>
      <trkpt lat="46.460589" lon="11.712483">
        <ele>1362.4</ele>
        <time>2024-07-18T12:43:26.235Z</time>
      </trkpt>
      <trkpt lat="46.460364" lon="11.713052">
        <ele>1362.7</ele>
        <time>2024-07-18T12:43:54.031Z</time>
      </trkpt>
      <trkpt lat="46.46034" lon="11.71325">
        <ele>1362.8</ele>
        <time>2024-07-18T12:44:02.621Z</time>
      </trkpt>
      <trkpt lat="46.460405" lon="11.713451">
        <ele>1363</ele>
        <time>2024-07-18T12:44:12.199Z</time>
      </trkpt>
      <trkpt lat="46.460676" lon="11.713897">
        <ele>1363.4</ele>
        <time>2024-07-18T12:44:37.818Z</time>
      </trkpt>
      <trkpt lat="46.461315" lon="11.714827">
        <ele>1364.9</ele>
        <time>2024-07-18T12:45:35.481Z</time>
      </trkpt>
      <trkpt lat="46.461411" lon="11.715034">
        <ele>1365.2</ele>
        <time>2024-07-18T12:45:46.534Z</time>
      </trkpt>
      <trkpt lat="46.461333" lon="11.71503">
        <ele>1365.3</ele>
        <time>2024-07-18T12:45:51.562Z</time>
      </trkpt>
      <trkpt lat="46.461217" lon="11.715205">
        <ele>1365.6</ele>
        <time>2024-07-18T12:46:02.306Z</time>
      </trkpt>
      <trkpt lat="46.461181" lon="11.715259">
        <ele>1365.7</ele>
        <time>2024-07-18T12:46:05.629Z</time>
      </trkpt>
      <trkpt lat="46.461155" lon="11.715553">
        <ele>1366</ele>
        <time>2024-07-18T12:46:18.722Z</time>
      </trkpt>
      <trkpt lat="46.461177" lon="11.715936">
        <ele>1366.4</ele>
        <time>2024-07-18T12:46:35.716Z</time>
      </trkpt>
      <trkpt lat="46.461222" lon="11.716088">
        <ele>1366.6</ele>
        <time>2024-07-18T12:46:42.978Z</time>
      </trkpt>
      <trkpt lat="46.461301" lon="11.71619">
        <ele>1366.7</ele>
        <time>2024-07-18T12:46:49.757Z</time>
      </trkpt>
      <trkpt lat="46.461543" lon="11.71636">
        <ele>1367.2</ele>
        <time>2024-07-18T12:47:07.026Z</time>
      </trkpt>
      <trkpt lat="46.461833" lon="11.716791">
        <ele>1367.7</ele>
        <time>2024-07-18T12:47:33.417Z</time>
      </trkpt>
      <trkpt lat="46.462258" lon="11.71722">
        <ele>1368.3</ele>
        <time>2024-07-18T12:48:06.039Z</time>
      </trkpt>
      <trkpt lat="46.462555" lon="11.718182">
        <ele>1368.9</ele>
        <time>2024-07-18T12:48:51.387Z</time>
      </trkpt>
      <trkpt lat="46.462653" lon="11.718686">
        <ele>1369.4</ele>
        <time>2024-07-18T12:49:13.959Z</time>
      </trkpt>
      <trkpt lat="46.462919" lon="11.718986">
        <ele>1370.1</ele>
        <time>2024-07-18T12:49:35.670Z</time>
      </trkpt>
      <trkpt lat="46.463027" lon="11.719313">
        <ele>1370.8</ele>
        <time>2024-07-18T12:49:52.202Z</time>
      </trkpt>
      <trkpt lat="46.462942" lon="11.719896">
        <ele>1372.7</ele>
        <time>2024-07-18T12:50:20.950Z</time>
      </trkpt>
      <trkpt lat="46.46277" lon="11.72029">
        <ele>1374.3</ele>
        <time>2024-07-18T12:50:44.081Z</time>
      </trkpt>
      <trkpt lat="46.462818" lon="11.720768">
        <ele>1376.1</ele>
        <time>2024-07-18T12:51:08.342Z</time>
      </trkpt>
      <trkpt lat="46.462938" lon="11.721062">
        <ele>1377.3</ele>
        <time>2024-07-18T12:51:25.457Z</time>
      </trkpt>
      <trkpt lat="46.463019" lon="11.721257">
        <ele>1378</ele>
        <time>2024-07-18T12:51:36.771Z</time>
      </trkpt>
      <trkpt lat="46.463487" lon="11.721732">
        <ele>1380.2</ele>
        <time>2024-07-18T12:52:17.191Z</time>
      </trkpt>
      <trkpt lat="46.463813" lon="11.722268">
        <ele>1381.1</ele>
        <time>2024-07-18T12:52:50.451Z</time>
      </trkpt>
      <trkpt lat="46.463985" lon="11.723132">
        <ele>1381.5</ele>
        <time>2024-07-18T12:53:29.475Z</time>
      </trkpt>
      <trkpt lat="46.464274" lon="11.723944">
        <ele>1382</ele>
        <time>2024-07-18T12:54:08.379Z</time>
      </trkpt>
      <trkpt lat="46.464451" lon="11.724858">
        <ele>1382.5</ele>
        <time>2024-07-18T12:54:48.894Z</time>
      </trkpt>
      <trkpt lat="46.464482" lon="11.725454">
        <ele>1382.7</ele>
        <time>2024-07-18T12:55:14.265Z</time>
      </trkpt>
      <trkpt lat="46.464797" lon="11.726393">
        <ele>1383.3</ele>
        <time>2024-07-18T12:55:58.695Z</time>
      </trkpt>
      <trkpt lat="46.46504" lon="11.726951">
        <ele>1384.2</ele>
        <time>2024-07-18T12:56:27.471Z</time>
      </trkpt>
      <trkpt lat="46.465451" lon="11.727636">
        <ele>1386.9</ele>
        <time>2024-07-18T12:57:10.376Z</time>
      </trkpt>
      <trkpt lat="46.46573" lon="11.728337">
        <ele>1390.7</ele>
        <time>2024-07-18T12:57:51.389Z</time>
      </trkpt>
      <trkpt lat="46.465942" lon="11.729301">
        <ele>1395.7</ele>
        <time>2024-07-18T12:58:44.764Z</time>
      </trkpt>
      <trkpt lat="46.46616" lon="11.729957">
        <ele>1397.3</ele>
        <time>2024-07-18T12:59:21.675Z</time>
      </trkpt>
      <trkpt lat="46.466448" lon="11.730345">
        <ele>1396.8</ele>
        <time>2024-07-18T12:59:46.487Z</time>
      </trkpt>
      <trkpt lat="46.466675" lon="11.730391">
        <ele>1396</ele>
        <time>2024-07-18T12:59:58.932Z</time>
      </trkpt>
      <trkpt lat="46.467346" lon="11.730628">
        <ele>1392.4</ele>
        <time>2024-07-18T13:00:31.887Z</time>
      </trkpt>
      <trkpt lat="46.467445" lon="11.730769">
        <ele>1391.6</ele>
        <time>2024-07-18T13:00:38.303Z</time>
      </trkpt>
      <trkpt lat="46.467546" lon="11.731049">
        <ele>1390.3</ele>
        <time>2024-07-18T13:00:48.395Z</time>
      </trkpt>
      <trkpt lat="46.467675" lon="11.731303">
        <ele>1389.3</ele>
        <time>2024-07-18T13:00:58.612Z</time>
      </trkpt>
      <trkpt lat="46.467746" lon="11.731428">
        <ele>1388.9</ele>
        <time>2024-07-18T13:01:03.899Z</time>
      </trkpt>
      <trkpt lat="46.467985" lon="11.731846">
        <ele>1388.5</ele>
        <time>2024-07-18T13:01:23.763Z</time>
      </trkpt>
      <trkpt lat="46.468166" lon="11.7321">
        <ele>1388.8</ele>
        <time>2024-07-18T13:01:39.015Z</time>
      </trkpt>
      <trkpt lat="46.468248" lon="11.732197">
        <ele>1389.1</ele>
        <time>2024-07-18T13:01:45.973Z</time>
      </trkpt>
      <trkpt lat="46.468447" lon="11.732551">
        <ele>1390</ele>
        <time>2024-07-18T13:02:06.676Z</time>
      </trkpt>
      <trkpt lat="46.469042" lon="11.733609">
        <ele>1392.7</ele>
        <time>2024-07-18T13:03:10.086Z</time>
      </trkpt>
      <trkpt lat="46.469321" lon="11.734273">
        <ele>1393.6</ele>
        <time>2024-07-18T13:03:45.614Z</time>
      </trkpt>
      <trkpt lat="46.469869" lon="11.735159">
        <ele>1394.1</ele>
        <time>2024-07-18T13:04:36.980Z</time>
      </trkpt>
      <trkpt lat="46.470158" lon="11.736352">
        <ele>1396.7</ele>
        <time>2024-07-18T13:05:33.377Z</time>
      </trkpt>
      <trkpt lat="46.470363" lon="11.736922">
        <ele>1399</ele>
        <time>2024-07-18T13:06:04.171Z</time>
      </trkpt>
      <trkpt lat="46.470529" lon="11.737542">
        <ele>1401.2</ele>
        <time>2024-07-18T13:06:37.370Z</time>
      </trkpt>
      <trkpt lat="46.470815" lon="11.738211">
        <ele>1403.2</ele>
        <time>2024-07-18T13:07:15.683Z</time>
      </trkpt>
      <trkpt lat="46.471189" lon="11.73876">
        <ele>1403.4</ele>
        <time>2024-07-18T13:07:50.417Z</time>
      </trkpt>
      <trkpt lat="46.471364" lon="11.738921">
        <ele>1403.3</ele>
        <time>2024-07-18T13:08:02.892Z</time>
      </trkpt>
      <trkpt lat="46.471658" lon="11.739042">
        <ele>1403.4</ele>
        <time>2024-07-18T13:08:21.184Z</time>
      </trkpt>
      <trkpt lat="46.472009" lon="11.739392">
        <ele>1404.3</ele>
        <time>2024-07-18T13:08:48.230Z</time>
      </trkpt>
      <trkpt lat="46.472281" lon="11.739526">
        <ele>1405.8</ele>
        <time>2024-07-18T13:09:08.210Z</time>
      </trkpt>
      <trkpt lat="46.472356" lon="11.739596">
        <ele>1406.4</ele>
        <time>2024-07-18T13:09:14.787Z</time>
      </trkpt>
      <trkpt lat="46.472413" lon="11.739699">
        <ele>1406.9</ele>
        <time>2024-07-18T13:09:21.501Z</time>
      </trkpt>
      <trkpt lat="46.472445" lon="11.739842">
        <ele>1407.5</ele>
        <time>2024-07-18T13:09:29.039Z</time>
      </trkpt>
      <trkpt lat="46.472431" lon="11.740333">
        <ele>1409</ele>
        <time>2024-07-18T13:09:53.674Z</time>
      </trkpt>
      <trkpt lat="46.47236" lon="11.740693">
        <ele>1410.4</ele>
        <time>2024-07-18T13:10:12.372Z</time>
      </trkpt>
      <trkpt lat="46.472367" lon="11.740835">
        <ele>1410.9</ele>
        <time>2024-07-18T13:10:19.515Z</time>
      </trkpt>
      <trkpt lat="46.472489" lon="11.741141">
        <ele>1412.1</ele>
        <time>2024-07-18T13:10:37.255Z</time>
      </trkpt>
      <trkpt lat="46.472784" lon="11.741451">
        <ele>1413.5</ele>
        <time>2024-07-18T13:11:03.147Z</time>
      </trkpt>
      <trkpt lat="46.472859" lon="11.741588">
        <ele>1413.8</ele>
        <time>2024-07-18T13:11:11.463Z</time>
      </trkpt>
      <trkpt lat="46.473349" lon="11.742936">
        <ele>1415.4</ele>
        <time>2024-07-18T13:12:18.854Z</time>
      </trkpt>
      <trkpt lat="46.473446" lon="11.743445">
        <ele>1416.3</ele>
        <time>2024-07-18T13:12:42.342Z</time>
      </trkpt>
      <trkpt lat="46.473656" lon="11.744032">
        <ele>1417</ele>
        <time>2024-07-18T13:13:11.981Z</time>
      </trkpt>
      <trkpt lat="46.473695" lon="11.74414">
        <ele>1416.9</ele>
        <time>2024-07-18T13:13:17.257Z</time>
      </trkpt>
      <trkpt lat="46.474119" lon="11.744879">
        <ele>1415.6</ele>
        <time>2024-07-18T13:13:53.595Z</time>
      </trkpt>
      <trkpt lat="46.47416" lon="11.744949">
        <ele>1415.5</ele>
        <time>2024-07-18T13:13:57.025Z</time>
      </trkpt>
      <trkpt lat="46.474248" lon="11.744961">
        <ele>1415.2</ele>
        <time>2024-07-18T13:14:01.754Z</time>
      </trkpt>
      <trkpt lat="46.474339" lon="11.744913">
        <ele>1415</ele>
        <time>2024-07-18T13:14:06.935Z</time>
      </trkpt>
      <trkpt lat="46.474441" lon="11.744799">
        <ele>1414.7</ele>
        <time>2024-07-18T13:14:13.760Z</time>
      </trkpt>
      <trkpt lat="46.474462" lon="11.744748">
        <ele>1414.6</ele>
        <time>2024-07-18T13:14:15.935Z</time>
      </trkpt>
      <trkpt lat="46.474569" lon="11.744501">
        <ele>1414</ele>
        <time>2024-07-18T13:14:26.624Z</time>
      </trkpt>
      <trkpt lat="46.474632" lon="11.744397">
        <ele>1413.8</ele>
        <time>2024-07-18T13:14:31.738Z</time>
      </trkpt>
      <trkpt lat="46.474811" lon="11.744224">
        <ele>1413.4</ele>
        <time>2024-07-18T13:14:43.266Z</time>
      </trkpt>
      <trkpt lat="46.47504" lon="11.744056">
        <ele>1413.2</ele>
        <time>2024-07-18T13:14:57.655Z</time>
      </trkpt>
      <trkpt lat="46.475276" lon="11.743883">
        <ele>1413.3</ele>
        <time>2024-07-18T13:15:13.342Z</time>
      </trkpt>
      <trkpt lat="46.475463" lon="11.743737">
        <ele>1413.8</ele>
        <time>2024-07-18T13:15:27.415Z</time>
      </trkpt>
      <trkpt lat="46.475626" lon="11.743513">
        <ele>1414.9</ele>
        <time>2024-07-18T13:15:42.984Z</time>
      </trkpt>
      <trkpt lat="46.47579" lon="11.743245">
        <ele>1416.2</ele>
        <time>2024-07-18T13:16:00.452Z</time>
      </trkpt>
      <trkpt lat="46.476064" lon="11.742705">
        <ele>1418.3</ele>
        <time>2024-07-18T13:16:33.721Z</time>
      </trkpt>
      <trkpt lat="46.476396" lon="11.742049">
        <ele>1421.3</ele>
        <time>2024-07-18T13:17:14.339Z</time>
      </trkpt>
      <trkpt lat="46.476497" lon="11.741942">
        <ele>1422</ele>
        <time>2024-07-18T13:17:23.532Z</time>
      </trkpt>
      <trkpt lat="46.476465" lon="11.741779">
        <ele>1422.7</ele>
        <time>2024-07-18T13:17:32.179Z</time>
      </trkpt>
      <trkpt lat="46.476509" lon="11.741734">
        <ele>1423</ele>
        <time>2024-07-18T13:17:36.199Z</time>
      </trkpt>
      <trkpt lat="46.476794" lon="11.741464">
        <ele>1425.2</ele>
        <time>2024-07-18T13:18:01.610Z</time>
      </trkpt>
      <trkpt lat="46.476819" lon="11.74145">
        <ele>1425.3</ele>
        <time>2024-07-18T13:18:03.635Z</time>
      </trkpt>
      <trkpt lat="46.477027" lon="11.74142">
        <ele>1426.8</ele>
        <time>2024-07-18T13:18:19.430Z</time>
      </trkpt>
      <trkpt lat="46.477147" lon="11.741365">
        <ele>1427.6</ele>
        <time>2024-07-18T13:18:28.880Z</time>
      </trkpt>
      <trkpt lat="46.47738" lon="11.741247">
        <ele>1429</ele>
        <time>2024-07-18T13:18:47.411Z</time>
      </trkpt>
      <trkpt lat="46.477963" lon="11.740812">
        <ele>1432.4</ele>
        <time>2024-07-18T13:19:35.553Z</time>
      </trkpt>
      <trkpt lat="46.478049" lon="11.740802">
        <ele>1432.8</ele>
        <time>2024-07-18T13:19:41.782Z</time>
      </trkpt>
      <trkpt lat="46.477935" lon="11.741146">
        <ele>1433.9</ele>
        <time>2024-07-18T13:20:00.415Z</time>
      </trkpt>
      <trkpt lat="46.477769" lon="11.741432">
        <ele>1434.8</ele>
        <time>2024-07-18T13:20:18.375Z</time>
      </trkpt>
      <trkpt lat="46.477752" lon="11.7415">
        <ele>1434.9</ele>
        <time>2024-07-18T13:20:21.573Z</time>
      </trkpt>
      <trkpt lat="46.477781" lon="11.74181">
        <ele>1435</ele>
        <time>2024-07-18T13:20:35.404Z</time>
      </trkpt>
      <trkpt lat="46.47785" lon="11.74201">
        <ele>1435</ele>
        <time>2024-07-18T13:20:44.623Z</time>
      </trkpt>
      <trkpt lat="46.477856" lon="11.74216">
        <ele>1434.9</ele>
        <time>2024-07-18T13:20:50.817Z</time>
      </trkpt>
      <trkpt lat="46.477863" lon="11.742313">
        <ele>1434.8</ele>
        <time>2024-07-18T13:20:56.980Z</time>
      </trkpt>
      <trkpt lat="46.477796" lon="11.742863">
        <ele>1434.4</ele>
        <time>2024-07-18T13:21:19.175Z</time>
      </trkpt>
      <trkpt lat="46.477771" lon="11.743001">
        <ele>1434.3</ele>
        <time>2024-07-18T13:21:24.885Z</time>
      </trkpt>
      <trkpt lat="46.477689" lon="11.743154">
        <ele>1434.4</ele>
        <time>2024-07-18T13:21:32.876Z</time>
      </trkpt>
      <trkpt lat="46.477579" lon="11.743458">
        <ele>1434.4</ele>
        <time>2024-07-18T13:21:46.927Z</time>
      </trkpt>
      <trkpt lat="46.477541" lon="11.743657">
        <ele>1434.3</ele>
        <time>2024-07-18T13:21:55.439Z</time>
      </trkpt>
      <trkpt lat="46.477593" lon="11.74439">
        <ele>1434.7</ele>
        <time>2024-07-18T13:22:26.275Z</time>
      </trkpt>
      <trkpt lat="46.47757" lon="11.744839">
        <ele>1435.9</ele>
        <time>2024-07-18T13:22:46.451Z</time>
      </trkpt>
      <trkpt lat="46.477596" lon="11.74511">
        <ele>1437.1</ele>
        <time>2024-07-18T13:23:00.029Z</time>
      </trkpt>
      <trkpt lat="46.477739" lon="11.745627">
        <ele>1440</ele>
        <time>2024-07-18T13:23:29.516Z</time>
      </trkpt>
      <trkpt lat="46.478031" lon="11.745978">
        <ele>1443.1</ele>
        <time>2024-07-18T13:23:59.115Z</time>
      </trkpt>
      <trkpt lat="46.478095" lon="11.746093">
        <ele>1444</ele>
        <time>2024-07-18T13:24:07.239Z</time>
      </trkpt>
      <trkpt lat="46.478107" lon="11.746249">
        <ele>1445</ele>
        <time>2024-07-18T13:24:16.077Z</time>
      </trkpt>
      <trkpt lat="46.478063" lon="11.746423">
        <ele>1446.4</ele>
        <time>2024-07-18T13:24:26.520Z</time>
      </trkpt>
      <trkpt lat="46.478042" lon="11.746673">
        <ele>1448.4</ele>
        <time>2024-07-18T13:24:40.710Z</time>
      </trkpt>
      <trkpt lat="46.478063" lon="11.746834">
        <ele>1449.6</ele>
        <time>2024-07-18T13:24:50.044Z</time>
      </trkpt>
      <trkpt lat="46.478168" lon="11.747016">
        <ele>1451.6</ele>
        <time>2024-07-18T13:25:03.626Z</time>
      </trkpt>
      <trkpt lat="46.478293" lon="11.747096">
        <ele>1453.2</ele>
        <time>2024-07-18T13:25:14.990Z</time>
      </trkpt>
      <trkpt lat="46.478383" lon="11.747194">
        <ele>1454.5</ele>
        <time>2024-07-18T13:25:24.313Z</time>
      </trkpt>
      <trkpt lat="46.478462" lon="11.747486">
        <ele>1456.8</ele>
        <time>2024-07-18T13:25:42.092Z</time>
      </trkpt>
      <trkpt lat="46.478553" lon="11.747689">
        <ele>1458.2</ele>
        <time>2024-07-18T13:25:55.664Z</time>
      </trkpt>
      <trkpt lat="46.478672" lon="11.747846">
        <ele>1459.8</ele>
        <time>2024-07-18T13:26:08.679Z</time>
      </trkpt>
      <trkpt lat="46.479156" lon="11.748168">
        <ele>1466.2</ele>
        <time>2024-07-18T13:26:52.566Z</time>
      </trkpt>
      <trkpt lat="46.47925" lon="11.748329">
        <ele>1468</ele>
        <time>2024-07-18T13:27:04.700Z</time>
      </trkpt>
      <trkpt lat="46.47932" lon="11.748596">
        <ele>1470.2</ele>
        <time>2024-07-18T13:27:21.038Z</time>
      </trkpt>
      <trkpt lat="46.479375" lon="11.748748">
        <ele>1471.5</ele>
        <time>2024-07-18T13:27:30.795Z</time>
      </trkpt>
      <trkpt lat="46.479412" lon="11.748783">
        <ele>1472</ele>
        <time>2024-07-18T13:27:34.418Z</time>
      </trkpt>
      <trkpt lat="46.479454" lon="11.748762">
        <ele>1472.5</ele>
        <time>2024-07-18T13:27:38.064Z</time>
      </trkpt>
      <trkpt lat="46.479479" lon="11.748684">
        <ele>1473</ele>
        <time>2024-07-18T13:27:42.927Z</time>
      </trkpt>
      <trkpt lat="46.479466" lon="11.748579">
        <ele>1473.7</ele>
        <time>2024-07-18T13:27:48.927Z</time>
      </trkpt>
      <trkpt lat="46.479305" lon="11.747998">
        <ele>1477.6</ele>
        <time>2024-07-18T13:28:23.750Z</time>
      </trkpt>
      <trkpt lat="46.479238" lon="11.747914">
        <ele>1478.5</ele>
        <time>2024-07-18T13:28:30.889Z</time>
      </trkpt>
      <trkpt lat="46.47899" lon="11.74777">
        <ele>1481.2</ele>
        <time>2024-07-18T13:28:52.808Z</time>
      </trkpt>
      <trkpt lat="46.478935" lon="11.747655">
        <ele>1482.4</ele>
        <time>2024-07-18T13:29:00.763Z</time>
      </trkpt>
      <trkpt lat="46.478906" lon="11.747444">
        <ele>1484.2</ele>
        <time>2024-07-18T13:29:13.012Z</time>
      </trkpt>
      <trkpt lat="46.478868" lon="11.746715">
        <ele>1489.7</ele>
        <time>2024-07-18T13:29:54.759Z</time>
      </trkpt>
      <trkpt lat="46.478882" lon="11.746564">
        <ele>1490.9</ele>
        <time>2024-07-18T13:30:03.497Z</time>
      </trkpt>
      <trkpt lat="46.478994" lon="11.746098">
        <ele>1495.3</ele>
        <time>2024-07-18T13:30:32.099Z</time>
      </trkpt>
      <trkpt lat="46.479081" lon="11.745511">
        <ele>1501.4</ele>
        <time>2024-07-18T13:31:07.261Z</time>
      </trkpt>
      <trkpt lat="46.479267" lon="11.745254">
        <ele>1505.3</ele>
        <time>2024-07-18T13:31:29.330Z</time>
      </trkpt>
      <trkpt lat="46.479451" lon="11.744826">
        <ele>1510.3</ele>
        <time>2024-07-18T13:31:59.153Z</time>
      </trkpt>
      <trkpt lat="46.479701" lon="11.744125">
        <ele>1516.4</ele>
        <time>2024-07-18T13:32:44.834Z</time>
      </trkpt>
      <trkpt lat="46.479733" lon="11.743717">
        <ele>1519.2</ele>
        <time>2024-07-18T13:33:07.868Z</time>
      </trkpt>
      <trkpt lat="46.479804" lon="11.743508">
        <ele>1520.3</ele>
        <time>2024-07-18T13:33:20.639Z</time>
      </trkpt>
      <trkpt lat="46.47981" lon="11.742992">
        <ele>1521.6</ele>
        <time>2024-07-18T13:33:47.513Z</time>
      </trkpt>
      <trkpt lat="46.479838" lon="11.742707">
        <ele>1521.6</ele>
        <time>2024-07-18T13:34:00.081Z</time>
      </trkpt>
      <trkpt lat="46.479987" lon="11.742509">
        <ele>1521.3</ele>
        <time>2024-07-18T13:34:11.763Z</time>
      </trkpt>
      <trkpt lat="46.48023" lon="11.741692">
        <ele>1520</ele>
        <time>2024-07-18T13:34:45.858Z</time>
      </trkpt>
      <trkpt lat="46.480399" lon="11.741421">
        <ele>1519.9</ele>
        <time>2024-07-18T13:34:59.838Z</time>
      </trkpt>
      <trkpt lat="46.480568" lon="11.741057">
        <ele>1520</ele>
        <time>2024-07-18T13:35:17.933Z</time>
      </trkpt>
      <trkpt lat="46.481006" lon="11.74033">
        <ele>1521.6</ele>
        <time>2024-07-18T13:36:00.869Z</time>
      </trkpt>
      <trkpt lat="46.481109" lon="11.740089">
        <ele>1522.8</ele>
        <time>2024-07-18T13:36:14.506Z</time>
      </trkpt>
      <trkpt lat="46.481213" lon="11.739925">
        <ele>1523.9</ele>
        <time>2024-07-18T13:36:26.236Z</time>
      </trkpt>
      <trkpt lat="46.481384" lon="11.739775">
        <ele>1525.4</ele>
        <time>2024-07-18T13:36:41.501Z</time>
      </trkpt>
      <trkpt lat="46.481625" lon="11.739591">
        <ele>1527.1</ele>
        <time>2024-07-18T13:37:02.279Z</time>
      </trkpt>
      <trkpt lat="46.481818" lon="11.739353">
        <ele>1529.4</ele>
        <time>2024-07-18T13:37:21.940Z</time>
      </trkpt>
      <trkpt lat="46.482338" lon="11.738974">
        <ele>1535</ele>
        <time>2024-07-18T13:38:08.808Z</time>
      </trkpt>
      <trkpt lat="46.482557" lon="11.73885">
        <ele>1536.6</ele>
        <time>2024-07-18T13:38:27.376Z</time>
      </trkpt>
      <trkpt lat="46.482643" lon="11.73885">
        <ele>1537</ele>
        <time>2024-07-18T13:38:33.513Z</time>
      </trkpt>
      <trkpt lat="46.482864" lon="11.738931">
        <ele>1537.8</ele>
        <time>2024-07-18T13:38:49.780Z</time>
      </trkpt>
      <trkpt lat="46.482888" lon="11.738909">
        <ele>1537.9</ele>
        <time>2024-07-18T13:38:51.699Z</time>
      </trkpt>
      <trkpt lat="46.482919" lon="11.738789">
        <ele>1538</ele>
        <time>2024-07-18T13:38:57.668Z</time>
      </trkpt>
      <trkpt lat="46.482927" lon="11.738726">
        <ele>1538.2</ele>
        <time>2024-07-18T13:39:00.651Z</time>
      </trkpt>
      <trkpt lat="46.48291" lon="11.738435">
        <ele>1538.6</ele>
        <time>2024-07-18T13:39:14.128Z</time>
      </trkpt>
      <trkpt lat="46.483002" lon="11.737641">
        <ele>1540.7</ele>
        <time>2024-07-18T13:39:51.913Z</time>
      </trkpt>
      <trkpt lat="46.483004" lon="11.737474">
        <ele>1540.9</ele>
        <time>2024-07-18T13:39:59.393Z</time>
      </trkpt>
      <trkpt lat="46.483034" lon="11.737375">
        <ele>1540.9</ele>
        <time>2024-07-18T13:40:03.688Z</time>
      </trkpt>
      <trkpt lat="46.483151" lon="11.737177">
        <ele>1540.4</ele>
        <time>2024-07-18T13:40:14.050Z</time>
      </trkpt>
      <trkpt lat="46.48358" lon="11.7359">
        <ele>1541.2</ele>
        <time>2024-07-18T13:41:13.590Z</time>
      </trkpt>
      <trkpt lat="46.483623" lon="11.735807">
        <ele>1541.5</ele>
        <time>2024-07-18T13:41:18.562Z</time>
      </trkpt>
      <trkpt lat="46.483866" lon="11.735605">
        <ele>1542.7</ele>
        <time>2024-07-18T13:41:38.358Z</time>
      </trkpt>
      <trkpt lat="46.48396" lon="11.73541">
        <ele>1543.4</ele>
        <time>2024-07-18T13:41:49.977Z</time>
      </trkpt>
      <trkpt lat="46.484129" lon="11.735199">
        <ele>1544.4</ele>
        <time>2024-07-18T13:42:05.846Z</time>
      </trkpt>
      <trkpt lat="46.484203" lon="11.734982">
        <ele>1545.2</ele>
        <time>2024-07-18T13:42:17.750Z</time>
      </trkpt>
      <trkpt lat="46.484543" lon="11.734487">
        <ele>1547.6</ele>
        <time>2024-07-18T13:42:52.450Z</time>
      </trkpt>
      <trkpt lat="46.484807" lon="11.733895">
        <ele>1550.2</ele>
        <time>2024-07-18T13:43:27.830Z</time>
      </trkpt>
      <trkpt lat="46.484955" lon="11.733322">
        <ele>1552.7</ele>
        <time>2024-07-18T13:43:58.937Z</time>
      </trkpt>
      <trkpt lat="46.485027" lon="11.733145">
        <ele>1553.7</ele>
        <time>2024-07-18T13:44:09.612Z</time>
      </trkpt>
      <trkpt lat="46.485166" lon="11.732965">
        <ele>1555</ele>
        <time>2024-07-18T13:44:23.873Z</time>
      </trkpt>
      <trkpt lat="46.485544" lon="11.731955">
        <ele>1562.3</ele>
        <time>2024-07-18T13:45:26.595Z</time>
      </trkpt>
      <trkpt lat="46.485744" lon="11.731016">
        <ele>1571.6</ele>
        <time>2024-07-18T13:46:22.672Z</time>
      </trkpt>
      <trkpt lat="46.485729" lon="11.730805">
        <ele>1573.7</ele>
        <time>2024-07-18T13:46:35.117Z</time>
      </trkpt>
      <trkpt lat="46.485591" lon="11.730179">
        <ele>1579.9</ele>
        <time>2024-07-18T13:47:13.686Z</time>
      </trkpt>
      <trkpt lat="46.485683" lon="11.729819">
        <ele>1583.4</ele>
        <time>2024-07-18T13:47:36.149Z</time>
      </trkpt>
      <trkpt lat="46.485961" lon="11.729127">
        <ele>1589.8</ele>
        <time>2024-07-18T13:48:22.333Z</time>
      </trkpt>
      <trkpt lat="46.486299" lon="11.728713">
        <ele>1593.3</ele>
        <time>2024-07-18T13:48:58.251Z</time>
      </trkpt>
      <trkpt lat="46.486561" lon="11.728344">
        <ele>1595.4</ele>
        <time>2024-07-18T13:49:26.146Z</time>
      </trkpt>
      <trkpt lat="46.486685" lon="11.728208">
        <ele>1596.3</ele>
        <time>2024-07-18T13:49:37.716Z</time>
      </trkpt>
      <trkpt lat="46.486884" lon="11.728068">
        <ele>1597.7</ele>
        <time>2024-07-18T13:49:54.261Z</time>
      </trkpt>
      <trkpt lat="46.487075" lon="11.727861">
        <ele>1599.3</ele>
        <time>2024-07-18T13:50:12.204Z</time>
      </trkpt>
      <trkpt lat="46.487427" lon="11.727602">
        <ele>1602.5</ele>
        <time>2024-07-18T13:50:42.824Z</time>
      </trkpt>
      <trkpt lat="46.487499" lon="11.727507">
        <ele>1603.3</ele>
        <time>2024-07-18T13:50:50.505Z</time>
      </trkpt>
      <trkpt lat="46.487548" lon="11.72737">
        <ele>1604.3</ele>
        <time>2024-07-18T13:50:58.977Z</time>
      </trkpt>
      <trkpt lat="46.487573" lon="11.727317">
        <ele>1604.7</ele>
        <time>2024-07-18T13:51:02.502Z</time>
      </trkpt>
      <trkpt lat="46.48825" lon="11.72575">
        <ele>1619.5</ele>
        <time>2024-07-18T13:52:47.855Z</time>
      </trkpt>
      <trkpt lat="46.48925" lon="11.724367">
        <ele>1638.2</ele>
        <time>2024-07-18T13:54:44.096Z</time>
      </trkpt>
      <trkpt lat="46.489283" lon="11.723983">
        <ele>1641.9</ele>
        <time>2024-07-18T13:55:06.747Z</time>
      </trkpt>
      <trkpt lat="46.489276" lon="11.72357">
        <ele>1646.3</ele>
        <time>2024-07-18T13:55:31.176Z</time>
      </trkpt>
      <trkpt lat="46.489317" lon="11.7235">
        <ele>1647.3</ele>
        <time>2024-07-18T13:55:36.649Z</time>
      </trkpt>
      <trkpt lat="46.489434" lon="11.723409">
        <ele>1649.5</ele>
        <time>2024-07-18T13:55:48.129Z</time>
      </trkpt>
      <trkpt lat="46.48978" lon="11.723184">
        <ele>1655.9</ele>
        <time>2024-07-18T13:56:21.092Z</time>
      </trkpt>
      <trkpt lat="46.48988" lon="11.723083">
        <ele>1658.1</ele>
        <time>2024-07-18T13:56:31.709Z</time>
      </trkpt>
      <trkpt lat="46.490059" lon="11.722617">
        <ele>1664.7</ele>
        <time>2024-07-18T13:57:03.863Z</time>
      </trkpt>
      <trkpt lat="46.490221" lon="11.722347">
        <ele>1668.9</ele>
        <time>2024-07-18T13:57:25.403Z</time>
      </trkpt>
      <trkpt lat="46.4903" lon="11.722136">
        <ele>1671.8</ele>
        <time>2024-07-18T13:57:39.825Z</time>
      </trkpt>
      <trkpt lat="46.490365" lon="11.721884">
        <ele>1675</ele>
        <time>2024-07-18T13:57:55.979Z</time>
      </trkpt>
      <trkpt lat="46.490366" lon="11.721808">
        <ele>1675.9</ele>
        <time>2024-07-18T13:58:00.539Z</time>
      </trkpt>
      <trkpt lat="46.490356" lon="11.721697">
        <ele>1677.2</ele>
        <time>2024-07-18T13:58:07.253Z</time>
      </trkpt>
      <trkpt lat="46.490397" lon="11.721431">
        <ele>1680.3</ele>
        <time>2024-07-18T13:58:23.592Z</time>
      </trkpt>
      <trkpt lat="46.490265" lon="11.721042">
        <ele>1684.9</ele>
        <time>2024-07-18T13:58:49.456Z</time>
      </trkpt>
      <trkpt lat="46.490264" lon="11.72085">
        <ele>1687</ele>
        <time>2024-07-18T13:59:00.869Z</time>
      </trkpt>
      <trkpt lat="46.490394" lon="11.720347">
        <ele>1692.9</ele>
        <time>2024-07-18T13:59:32.848Z</time>
      </trkpt>
      <trkpt lat="46.490697" lon="11.719676">
        <ele>1702.2</ele>
        <time>2024-07-18T14:00:20.830Z</time>
      </trkpt>
      <trkpt lat="46.491118" lon="11.717977">
        <ele>1731</ele>
        <time>2024-07-18T14:02:10.849Z</time>
      </trkpt>
      <trkpt lat="46.49112" lon="11.717621">
        <ele>1736.8</ele>
        <time>2024-07-18T14:02:32.632Z</time>
      </trkpt>
      <trkpt lat="46.491098" lon="11.717384">
        <ele>1740.5</ele>
        <time>2024-07-18T14:02:47.250Z</time>
      </trkpt>
      <trkpt lat="46.491174" lon="11.71721">
        <ele>1743.5</ele>
        <time>2024-07-18T14:02:59.837Z</time>
      </trkpt>
      <trkpt lat="46.491267" lon="11.717045">
        <ele>1746.6</ele>
        <time>2024-07-18T14:03:12.824Z</time>
      </trkpt>
      <trkpt lat="46.491288" lon="11.716691">
        <ele>1751.5</ele>
        <time>2024-07-18T14:03:34.437Z</time>
      </trkpt>
      <trkpt lat="46.491266" lon="11.716287">
        <ele>1756.8</ele>
        <time>2024-07-18T14:03:59.031Z</time>
      </trkpt>
      <trkpt lat="46.491163" lon="11.715909">
        <ele>1761.9</ele>
        <time>2024-07-18T14:04:23.591Z</time>
      </trkpt>
      <trkpt lat="46.491169" lon="11.715217">
        <ele>1769.7</ele>
        <time>2024-07-18T14:05:05.102Z</time>
      </trkpt>
      <trkpt lat="46.49114" lon="11.714642">
        <ele>1775.9</ele>
        <time>2024-07-18T14:05:39.482Z</time>
      </trkpt>
      <trkpt lat="46.491217" lon="11.7142">
        <ele>1781.7</ele>
        <time>2024-07-18T14:06:06.805Z</time>
      </trkpt>
      <trkpt lat="46.491231" lon="11.713995">
        <ele>1784.6</ele>
        <time>2024-07-18T14:06:19.303Z</time>
      </trkpt>
      <trkpt lat="46.491217" lon="11.713883">
        <ele>1786.3</ele>
        <time>2024-07-18T14:06:26.236Z</time>
      </trkpt>
      <trkpt lat="46.491182" lon="11.71379">
        <ele>1787.9</ele>
        <time>2024-07-18T14:06:32.712Z</time>
      </trkpt>
      <trkpt lat="46.490897" lon="11.713537">
        <ele>1795.8</ele>
        <time>2024-07-18T14:07:02.357Z</time>
      </trkpt>
      <trkpt lat="46.490803" lon="11.713339">
        <ele>1799.8</ele>
        <time>2024-07-18T14:07:17.084Z</time>
      </trkpt>
      <trkpt lat="46.490705" lon="11.712936">
        <ele>1806.8</ele>
        <time>2024-07-18T14:07:43.269Z</time>
      </trkpt>
      <trkpt lat="46.490501" lon="11.712522">
        <ele>1814.9</ele>
        <time>2024-07-18T14:08:14.434Z</time>
      </trkpt>
      <trkpt lat="46.490451" lon="11.712188">
        <ele>1819.9</ele>
        <time>2024-07-18T14:08:35.314Z</time>
      </trkpt>
      <trkpt lat="46.49031" lon="11.711753">
        <ele>1826.1</ele>
        <time>2024-07-18T14:09:04.485Z</time>
      </trkpt>
      <trkpt lat="46.490266" lon="11.711288">
        <ele>1831</ele>
        <time>2024-07-18T14:09:32.627Z</time>
      </trkpt>
      <trkpt lat="46.490219" lon="11.710195">
        <ele>1837.2</ele>
        <time>2024-07-18T14:10:34.210Z</time>
      </trkpt>
      <trkpt lat="46.490119" lon="11.709749">
        <ele>1838.3</ele>
        <time>2024-07-18T14:10:58.796Z</time>
      </trkpt>
      <trkpt lat="46.490132" lon="11.70939">
        <ele>1838.7</ele>
        <time>2024-07-18T14:11:15.330Z</time>
      </trkpt>
      <trkpt lat="46.490083" lon="11.708947">
        <ele>1839.1</ele>
        <time>2024-07-18T14:11:35.009Z</time>
      </trkpt>
      <trkpt lat="46.490165" lon="11.708058">
        <ele>1840.1</ele>
        <time>2024-07-18T14:12:14.470Z</time>
      </trkpt>
      <trkpt lat="46.490345" lon="11.707659">
        <ele>1840.8</ele>
        <time>2024-07-18T14:12:35.652Z</time>
      </trkpt>
      <trkpt lat="46.490419" lon="11.707585">
        <ele>1840.9</ele>
        <time>2024-07-18T14:12:41.470Z</time>
      </trkpt>
      <trkpt lat="46.490587" lon="11.707492">
        <ele>1841.2</ele>
        <time>2024-07-18T14:12:53.081Z</time>
      </trkpt>
      <trkpt lat="46.490772" lon="11.70741">
        <ele>1841.5</ele>
        <time>2024-07-18T14:13:05.381Z</time>
      </trkpt>
      <trkpt lat="46.490812" lon="11.707077">
        <ele>1841.8</ele>
        <time>2024-07-18T14:13:20.205Z</time>
      </trkpt>
      <trkpt lat="46.490815" lon="11.707047">
        <ele>1841.8</ele>
        <time>2024-07-18T14:13:21.537Z</time>
      </trkpt>
      <trkpt lat="46.490959" lon="11.706802">
        <ele>1842.2</ele>
        <time>2024-07-18T14:13:35.699Z</time>
      </trkpt>
      <trkpt lat="46.491178" lon="11.706206">
        <ele>1843.1</ele>
        <time>2024-07-18T14:14:05.818Z</time>
      </trkpt>
      <trkpt lat="46.491532" lon="11.704601">
        <ele>1844.6</ele>
        <time>2024-07-18T14:15:19.857Z</time>
      </trkpt>
      <trkpt lat="46.491783" lon="11.703823">
        <ele>1845.9</ele>
        <time>2024-07-18T14:15:57.793Z</time>
      </trkpt>
      <trkpt lat="46.491838" lon="11.703152">
        <ele>1847.3</ele>
        <time>2024-07-18T14:16:28.783Z</time>
      </trkpt>
      <trkpt lat="46.491875" lon="11.702938">
        <ele>1847.7</ele>
        <time>2024-07-18T14:16:39.086Z</time>
      </trkpt>
      <trkpt lat="46.491962" lon="11.702753">
        <ele>1848.2</ele>
        <time>2024-07-18T14:16:49.604Z</time>
      </trkpt>
      <trkpt lat="46.491975" lon="11.702583">
        <ele>1848.6</ele>
        <time>2024-07-18T14:16:57.690Z</time>
      </trkpt>
      <trkpt lat="46.491957" lon="11.702424">
        <ele>1849</ele>
        <time>2024-07-18T14:17:05.307Z</time>
      </trkpt>
      <trkpt lat="46.491851" lon="11.702167">
        <ele>1849.8</ele>
        <time>2024-07-18T14:17:19.575Z</time>
      </trkpt>
      <trkpt lat="46.491723" lon="11.701958">
        <ele>1850.5</ele>
        <time>2024-07-18T14:17:32.931Z</time>
      </trkpt>
      <trkpt lat="46.491695" lon="11.701843">
        <ele>1850.8</ele>
        <time>2024-07-18T14:17:38.771Z</time>
      </trkpt>
      <trkpt lat="46.491759" lon="11.701271">
        <ele>1852.1</ele>
        <time>2024-07-18T14:18:06.198Z</time>
      </trkpt>
      <trkpt lat="46.491732" lon="11.700709">
        <ele>1853.2</ele>
        <time>2024-07-18T14:18:32.521Z</time>
      </trkpt>
      <trkpt lat="46.491732" lon="11.70044">
        <ele>1853.7</ele>
        <time>2024-07-18T14:18:44.950Z</time>
      </trkpt>
      <trkpt lat="46.491777" lon="11.700226">
        <ele>1854.1</ele>
        <time>2024-07-18T14:18:55.267Z</time>
      </trkpt>
      <trkpt lat="46.491878" lon="11.70001">
        <ele>1854.6</ele>
        <time>2024-07-18T14:19:07.307Z</time>
      </trkpt>
      <trkpt lat="46.492078" lon="11.699734">
        <ele>1855.3</ele>
        <time>2024-07-18T14:19:25.733Z</time>
      </trkpt>
      <trkpt lat="46.49219" lon="11.699133">
        <ele>1856.4</ele>
        <time>2024-07-18T14:19:54.289Z</time>
      </trkpt>
      <trkpt lat="46.492277" lon="11.698492">
        <ele>1857.6</ele>
        <time>2024-07-18T14:20:24.324Z</time>
      </trkpt>
      <trkpt lat="46.49225" lon="11.698018">
        <ele>1858.5</ele>
        <time>2024-07-18T14:20:46.322Z</time>
      </trkpt>
      <trkpt lat="46.49225" lon="11.697996">
        <ele>1858.6</ele>
        <time>2024-07-18T14:20:47.344Z</time>
      </trkpt>
      <trkpt lat="46.49225" lon="11.69685">
        <ele>1861.2</ele>
        <time>2024-07-18T14:21:41.149Z</time>
      </trkpt>
      <trkpt lat="46.492379" lon="11.696211">
        <ele>1862.9</ele>
        <time>2024-07-18T14:22:12.712Z</time>
      </trkpt>
      <trkpt lat="46.492555" lon="11.69563">
        <ele>1864.5</ele>
        <time>2024-07-18T14:22:43.053Z</time>
      </trkpt>
      <trkpt lat="46.492584" lon="11.695436">
        <ele>1864.9</ele>
        <time>2024-07-18T14:22:52.474Z</time>
      </trkpt>
      <trkpt lat="46.492591" lon="11.6949">
        <ele>1866.3</ele>
        <time>2024-07-18T14:23:17.883Z</time>
      </trkpt>
      <trkpt lat="46.492596" lon="11.694834">
        <ele>1866.4</ele>
        <time>2024-07-18T14:23:21.048Z</time>
      </trkpt>
      <trkpt lat="46.492672" lon="11.694257">
        <ele>1867.9</ele>
        <time>2024-07-18T14:23:49.106Z</time>
      </trkpt>
      <trkpt lat="46.492767" lon="11.693917">
        <ele>1868.8</ele>
        <time>2024-07-18T14:24:06.624Z</time>
      </trkpt>
      <trkpt lat="46.492867" lon="11.693383">
        <ele>1870.2</ele>
        <time>2024-07-18T14:24:33.025Z</time>
      </trkpt>
      <trkpt lat="46.4929" lon="11.693043">
        <ele>1871</ele>
        <time>2024-07-18T14:24:49.368Z</time>
      </trkpt>
      <trkpt lat="46.493187" lon="11.691802">
        <ele>1874.1</ele>
        <time>2024-07-18T14:25:51.379Z</time>
      </trkpt>
      <trkpt lat="46.493396" lon="11.691025">
        <ele>1876</ele>
        <time>2024-07-18T14:26:30.838Z</time>
      </trkpt>
      <trkpt lat="46.493567" lon="11.68855">
        <ele>1881.8</ele>
        <time>2024-07-18T14:28:28.404Z</time>
      </trkpt>
      <trkpt lat="46.493754" lon="11.68737">
        <ele>1884.7</ele>
        <time>2024-07-18T14:29:25.737Z</time>
      </trkpt>
      <trkpt lat="46.493722" lon="11.687003">
        <ele>1885.6</ele>
        <time>2024-07-18T14:29:43.298Z</time>
      </trkpt>
      <trkpt lat="46.493748" lon="11.686332">
        <ele>1887.4</ele>
        <time>2024-07-18T14:30:15.509Z</time>
      </trkpt>
      <trkpt lat="46.493833" lon="11.685783">
        <ele>1888.9</ele>
        <time>2024-07-18T14:30:42.589Z</time>
      </trkpt>
      <trkpt lat="46.493883" lon="11.685283">
        <ele>1890.3</ele>
        <time>2024-07-18T14:31:06.955Z</time>
      </trkpt>
      <trkpt lat="46.493966" lon="11.684999">
        <ele>1891.3</ele>
        <time>2024-07-18T14:31:22.004Z</time>
      </trkpt>
      <trkpt lat="46.494095" lon="11.684607">
        <ele>1892.7</ele>
        <time>2024-07-18T14:31:43.477Z</time>
      </trkpt>
      <trkpt lat="46.494133" lon="11.6841">
        <ele>1894.4</ele>
        <time>2024-07-18T14:32:08.740Z</time>
      </trkpt>
      <trkpt lat="46.494183" lon="11.683783">
        <ele>1895.5</ele>
        <time>2024-07-18T14:32:24.954Z</time>
      </trkpt>
      <trkpt lat="46.49415" lon="11.683483">
        <ele>1896.6</ele>
        <time>2024-07-18T14:32:40.148Z</time>
      </trkpt>
      <trkpt lat="46.494116" lon="11.682725">
        <ele>1899.3</ele>
        <time>2024-07-18T14:33:18.194Z</time>
      </trkpt>
      <trkpt lat="46.493901" lon="11.682062">
        <ele>1902.2</ele>
        <time>2024-07-18T14:33:55.254Z</time>
      </trkpt>
      <trkpt lat="46.493882" lon="11.681899">
        <ele>1902.9</ele>
        <time>2024-07-18T14:34:03.703Z</time>
      </trkpt>
      <trkpt lat="46.493867" lon="11.680683">
        <ele>1908.9</ele>
        <time>2024-07-18T14:35:07.866Z</time>
      </trkpt>
      <trkpt lat="46.493817" lon="11.6798">
        <ele>1912.3</ele>
        <time>2024-07-18T14:35:53.972Z</time>
      </trkpt>
      <trkpt lat="46.493842" lon="11.679617">
        <ele>1913.1</ele>
        <time>2024-07-18T14:36:03.470Z</time>
      </trkpt>
      <trkpt lat="46.493966" lon="11.679194">
        <ele>1914.9</ele>
        <time>2024-07-18T14:36:26.981Z</time>
      </trkpt>
      <trkpt lat="46.494022" lon="11.678455">
        <ele>1917.8</ele>
        <time>2024-07-18T14:37:04.899Z</time>
      </trkpt>
      <trkpt lat="46.494033" lon="11.678188">
        <ele>1918.5</ele>
        <time>2024-07-18T14:37:18.213Z</time>
      </trkpt>
      <trkpt lat="46.493992" lon="11.677937">
        <ele>1919.2</ele>
        <time>2024-07-18T14:37:30.622Z</time>
      </trkpt>
      <trkpt lat="46.494017" lon="11.677253">
        <ele>1921.4</ele>
        <time>2024-07-18T14:38:04.072Z</time>
      </trkpt>
      <trkpt lat="46.493993" lon="11.676633">
        <ele>1923.3</ele>
        <time>2024-07-18T14:38:34.632Z</time>
      </trkpt>
      <trkpt lat="46.493943" lon="11.676132">
        <ele>1924.4</ele>
        <time>2024-07-18T14:38:58.980Z</time>
      </trkpt>
      <trkpt lat="46.493967" lon="11.675533">
        <ele>1925</ele>
        <time>2024-07-18T14:39:26.154Z</time>
      </trkpt>
      <trkpt lat="46.494067" lon="11.674583">
        <ele>1925.3</ele>
        <time>2024-07-18T14:40:07.246Z</time>
      </trkpt>
      <trkpt lat="46.494047" lon="11.674327">
        <ele>1925.4</ele>
        <time>2024-07-18T14:40:18.088Z</time>
      </trkpt>
      <trkpt lat="46.493876" lon="11.67384">
        <ele>1925.7</ele>
        <time>2024-07-18T14:40:41.348Z</time>
      </trkpt>
      <trkpt lat="46.493847" lon="11.673655">
        <ele>1925.9</ele>
        <time>2024-07-18T14:40:49.511Z</time>
      </trkpt>
      <trkpt lat="46.493816" lon="11.672996">
        <ele>1926.6</ele>
        <time>2024-07-18T14:41:18.601Z</time>
      </trkpt>
      <trkpt lat="46.493866" lon="11.67271">
        <ele>1927.1</ele>
        <time>2024-07-18T14:41:31.722Z</time>
      </trkpt>
      <trkpt lat="46.493868" lon="11.672519">
        <ele>1927.3</ele>
        <time>2024-07-18T14:41:40.371Z</time>
      </trkpt>
      <trkpt lat="46.493836" lon="11.672305">
        <ele>1927.7</ele>
        <time>2024-07-18T14:41:50.316Z</time>
      </trkpt>
      <trkpt lat="46.493769" lon="11.672122">
        <ele>1928</ele>
        <time>2024-07-18T14:41:59.706Z</time>
      </trkpt>
      <trkpt lat="46.493669" lon="11.672054">
        <ele>1928.3</ele>
        <time>2024-07-18T14:42:06.972Z</time>
      </trkpt>
      <trkpt lat="46.493322" lon="11.67182">
        <ele>1929.2</ele>
        <time>2024-07-18T14:42:32.321Z</time>
      </trkpt>
      <trkpt lat="46.492847" lon="11.671577">
        <ele>1930.5</ele>
        <time>2024-07-18T14:43:05.775Z</time>
      </trkpt>
      <trkpt lat="46.492623" lon="11.671264">
        <ele>1931.3</ele>
        <time>2024-07-18T14:43:26.499Z</time>
      </trkpt>
      <trkpt lat="46.4922" lon="11.670577">
        <ele>1933.3</ele>
        <time>2024-07-18T14:44:09.423Z</time>
      </trkpt>
      <trkpt lat="46.492057" lon="11.670263">
        <ele>1934.2</ele>
        <time>2024-07-18T14:44:27.139Z</time>
      </trkpt>
      <trkpt lat="46.491923" lon="11.66975">
        <ele>1935.6</ele>
        <time>2024-07-18T14:44:53.298Z</time>
      </trkpt>
      <trkpt lat="46.49167" lon="11.669269">
        <ele>1937.1</ele>
        <time>2024-07-18T14:45:22.196Z</time>
      </trkpt>
      <trkpt lat="46.491658" lon="11.668876">
        <ele>1938.2</ele>
        <time>2024-07-18T14:45:41.062Z</time>
      </trkpt>
      <trkpt lat="46.491734" lon="11.668075">
        <ele>1940.5</ele>
        <time>2024-07-18T14:46:20.274Z</time>
      </trkpt>
      <trkpt lat="46.491816" lon="11.667621">
        <ele>1941.9</ele>
        <time>2024-07-18T14:46:43.108Z</time>
      </trkpt>
      <trkpt lat="46.491896" lon="11.667343">
        <ele>1942.7</ele>
        <time>2024-07-18T14:46:57.738Z</time>
      </trkpt>
      <trkpt lat="46.492097" lon="11.667011">
        <ele>1943.9</ele>
        <time>2024-07-18T14:47:19.047Z</time>
      </trkpt>
      <trkpt lat="46.49216" lon="11.666855">
        <ele>1944.4</ele>
        <time>2024-07-18T14:47:27.728Z</time>
      </trkpt>
      <trkpt lat="46.49216" lon="11.6666">
        <ele>1945</ele>
        <time>2024-07-18T14:47:39.968Z</time>
      </trkpt>
      <trkpt lat="46.491933" lon="11.665251">
        <ele>1948.2</ele>
        <time>2024-07-18T14:48:45.737Z</time>
      </trkpt>
      <trkpt lat="46.49176" lon="11.664953">
        <ele>1949</ele>
        <time>2024-07-18T14:49:04.094Z</time>
      </trkpt>
      <trkpt lat="46.491261" lon="11.66396">
        <ele>1951.8</ele>
        <time>2024-07-18T14:50:01.914Z</time>
      </trkpt>
      <trkpt lat="46.491053" lon="11.663631">
        <ele>1953.1</ele>
        <time>2024-07-18T14:50:23.166Z</time>
      </trkpt>
      <trkpt lat="46.490917" lon="11.663353">
        <ele>1954.3</ele>
        <time>2024-07-18T14:50:40.024Z</time>
      </trkpt>
      <trkpt lat="46.49088" lon="11.663296">
        <ele>1954.6</ele>
        <time>2024-07-18T14:50:43.972Z</time>
      </trkpt>
      <trkpt lat="46.490712" lon="11.663018">
        <ele>1956</ele>
        <time>2024-07-18T14:51:02.613Z</time>
      </trkpt>
      <trkpt lat="46.490674" lon="11.662957">
        <ele>1956.3</ele>
        <time>2024-07-18T14:51:06.776Z</time>
      </trkpt>
      <trkpt lat="46.490267" lon="11.661933">
        <ele>1962.2</ele>
        <time>2024-07-18T14:52:08.631Z</time>
      </trkpt>
      <trkpt lat="46.490117" lon="11.661467">
        <ele>1965.7</ele>
        <time>2024-07-18T14:52:36.393Z</time>
      </trkpt>
      <trkpt lat="46.48995" lon="11.6611">
        <ele>1969.4</ele>
        <time>2024-07-18T14:53:01.370Z</time>
      </trkpt>
      <trkpt lat="46.489569" lon="11.660379">
        <ele>1978.3</ele>
        <time>2024-07-18T14:53:54.553Z</time>
      </trkpt>
      <trkpt lat="46.489438" lon="11.659934">
        <ele>1983.5</ele>
        <time>2024-07-18T14:54:23.148Z</time>
      </trkpt>
      <trkpt lat="46.489428" lon="11.659736">
        <ele>1985.7</ele>
        <time>2024-07-18T14:54:34.971Z</time>
      </trkpt>
      <trkpt lat="46.48946" lon="11.659521">
        <ele>1988.2</ele>
        <time>2024-07-18T14:54:48.087Z</time>
      </trkpt>
      <trkpt lat="46.4894" lon="11.659333">
        <ele>1990.4</ele>
        <time>2024-07-18T14:55:00.443Z</time>
      </trkpt>
      <trkpt lat="46.489067" lon="11.658867">
        <ele>1997.9</ele>
        <time>2024-07-18T14:55:40.517Z</time>
      </trkpt>
      <trkpt lat="46.488867" lon="11.658717">
        <ele>2001.1</ele>
        <time>2024-07-18T14:55:59.882Z</time>
      </trkpt>
      <trkpt lat="46.488788" lon="11.65852">
        <ele>2003.1</ele>
        <time>2024-07-18T14:56:13.190Z</time>
      </trkpt>
      <trkpt lat="46.488739" lon="11.658312">
        <ele>2005</ele>
        <time>2024-07-18T14:56:25.978Z</time>
      </trkpt>
      <trkpt lat="46.488645" lon="11.658151">
        <ele>2006.8</ele>
        <time>2024-07-18T14:56:38.168Z</time>
      </trkpt>
      <trkpt lat="46.488619" lon="11.658011">
        <ele>2008</ele>
        <time>2024-07-18T14:56:46.528Z</time>
      </trkpt>
      <trkpt lat="46.488711" lon="11.657846">
        <ele>2009.7</ele>
        <time>2024-07-18T14:56:58.770Z</time>
      </trkpt>
      <trkpt lat="46.48905" lon="11.65755">
        <ele>2014</ele>
        <time>2024-07-18T14:57:31.601Z</time>
      </trkpt>
      <trkpt lat="46.48925" lon="11.6576">
        <ele>2016.2</ele>
        <time>2024-07-18T14:57:48.315Z</time>
      </trkpt>
      <trkpt lat="46.489633" lon="11.657533">
        <ele>2020.5</ele>
        <time>2024-07-18T14:58:20.164Z</time>
      </trkpt>
      <trkpt lat="46.48994" lon="11.657703">
        <ele>2024.4</ele>
        <time>2024-07-18T14:58:47.450Z</time>
      </trkpt>
      <trkpt lat="46.490083" lon="11.657644">
        <ele>2026.3</ele>
        <time>2024-07-18T14:58:59.902Z</time>
      </trkpt>
      <trkpt lat="46.490159" lon="11.65749">
        <ele>2027.9</ele>
        <time>2024-07-18T14:59:10.918Z</time>
      </trkpt>
      <trkpt lat="46.490157" lon="11.657176">
        <ele>2030.8</ele>
        <time>2024-07-18T14:59:29.150Z</time>
      </trkpt>
      <trkpt lat="46.490317" lon="11.656983">
        <ele>2033.4</ele>
        <time>2024-07-18T14:59:46.638Z</time>
      </trkpt>
      <trkpt lat="46.490517" lon="11.6568">
        <ele>2036.2</ele>
        <time>2024-07-18T15:00:06.524Z</time>
      </trkpt>
      <trkpt lat="46.491083" lon="11.656933">
        <ele>2042.5</ele>
        <time>2024-07-18T15:00:54.151Z</time>
      </trkpt>
      <trkpt lat="46.491333" lon="11.657067">
        <ele>2045</ele>
        <time>2024-07-18T15:01:15.973Z</time>
      </trkpt>
      <trkpt lat="46.491615" lon="11.657087">
        <ele>2047.5</ele>
        <time>2024-07-18T15:01:38.574Z</time>
      </trkpt>
      <trkpt lat="46.49195" lon="11.657483">
        <ele>2051.2</ele>
        <time>2024-07-18T15:02:12.869Z</time>
      </trkpt>
      <trkpt lat="46.492167" lon="11.657633">
        <ele>2053.2</ele>
        <time>2024-07-18T15:02:31.876Z</time>
      </trkpt>
      <trkpt lat="46.492737" lon="11.657857">
        <ele>2058.4</ele>
        <time>2024-07-18T15:03:18.750Z</time>
      </trkpt>
      <trkpt lat="46.493067" lon="11.658275">
        <ele>2063</ele>
        <time>2024-07-18T15:03:54.063Z</time>
      </trkpt>
      <trkpt lat="46.493231" lon="11.658591">
        <ele>2066.4</ele>
        <time>2024-07-18T15:04:16.624Z</time>
      </trkpt>
      <trkpt lat="46.493533" lon="11.6593">
        <ele>2075.1</ele>
        <time>2024-07-18T15:05:05.720Z</time>
      </trkpt>
      <trkpt lat="46.493639" lon="11.659446">
        <ele>2077.6</ele>
        <time>2024-07-18T15:05:18.375Z</time>
      </trkpt>
      <trkpt lat="46.493797" lon="11.659509">
        <ele>2080.6</ele>
        <time>2024-07-18T15:05:32.734Z</time>
      </trkpt>
      <trkpt lat="46.494" lon="11.659483">
        <ele>2084.5</ele>
        <time>2024-07-18T15:05:50.648Z</time>
      </trkpt>
      <trkpt lat="46.494092" lon="11.659399">
        <ele>2086.8</ele>
        <time>2024-07-18T15:06:00.229Z</time>
      </trkpt>
      <trkpt lat="46.4941" lon="11.659267">
        <ele>2088.7</ele>
        <time>2024-07-18T15:06:08.288Z</time>
      </trkpt>
      <trkpt lat="46.494015" lon="11.659128">
        <ele>2091.4</ele>
        <time>2024-07-18T15:06:19.596Z</time>
      </trkpt>
      <trkpt lat="46.493978" lon="11.658992">
        <ele>2093.5</ele>
        <time>2024-07-18T15:06:28.508Z</time>
      </trkpt>
      <trkpt lat="46.494047" lon="11.658876">
        <ele>2095.8</ele>
        <time>2024-07-18T15:06:37.853Z</time>
      </trkpt>
      <trkpt lat="46.494234" lon="11.658714">
        <ele>2100.6</ele>
        <time>2024-07-18T15:06:57.136Z</time>
      </trkpt>
      <trkpt lat="46.494354" lon="11.658559">
        <ele>2104.1</ele>
        <time>2024-07-18T15:07:11.366Z</time>
      </trkpt>
      <trkpt lat="46.494442" lon="11.658504">
        <ele>2106.2</ele>
        <time>2024-07-18T15:07:19.859Z</time>
      </trkpt>
      <trkpt lat="46.494933" lon="11.658267">
        <ele>2116.9</ele>
        <time>2024-07-18T15:08:05.629Z</time>
      </trkpt>
      <trkpt lat="46.495217" lon="11.658167">
        <ele>2122.3</ele>
        <time>2024-07-18T15:08:31.391Z</time>
      </trkpt>
      <trkpt lat="46.495387" lon="11.657908">
        <ele>2126.5</ele>
        <time>2024-07-18T15:08:52.936Z</time>
      </trkpt>
      <trkpt lat="46.495755" lon="11.657022">
        <ele>2136.4</ele>
        <time>2024-07-18T15:09:54.070Z</time>
      </trkpt>
      <trkpt lat="46.49575" lon="11.65652">
        <ele>2139.9</ele>
        <time>2024-07-18T15:10:23.100Z</time>
      </trkpt>
      <trkpt lat="46.495764" lon="11.656422">
        <ele>2140.5</ele>
        <time>2024-07-18T15:10:28.673Z</time>
      </trkpt>
      <trkpt lat="46.495838" lon="11.656264">
        <ele>2141.7</ele>
        <time>2024-07-18T15:10:39.283Z</time>
      </trkpt>
      <trkpt lat="46.496076" lon="11.656014">
        <ele>2144.4</ele>
        <time>2024-07-18T15:11:02.809Z</time>
      </trkpt>
      <trkpt lat="46.496135" lon="11.655999">
        <ele>2145</ele>
        <time>2024-07-18T15:11:07.598Z</time>
      </trkpt>
      <trkpt lat="46.496177" lon="11.656031">
        <ele>2145.4</ele>
        <time>2024-07-18T15:11:11.392Z</time>
      </trkpt>
      <trkpt lat="46.496269" lon="11.656284">
        <ele>2147.2</ele>
        <time>2024-07-18T15:11:27.152Z</time>
      </trkpt>
      <trkpt lat="46.496312" lon="11.656317">
        <ele>2147.6</ele>
        <time>2024-07-18T15:11:31.034Z</time>
      </trkpt>
      <trkpt lat="46.496362" lon="11.656304">
        <ele>2148</ele>
        <time>2024-07-18T15:11:35.090Z</time>
      </trkpt>
      <trkpt lat="46.496411" lon="11.656248">
        <ele>2148.6</ele>
        <time>2024-07-18T15:11:40.070Z</time>
      </trkpt>
      <trkpt lat="46.496505" lon="11.655971">
        <ele>2150.5</ele>
        <time>2024-07-18T15:11:57.017Z</time>
      </trkpt>
      <trkpt lat="46.496679" lon="11.655651">
        <ele>2153.2</ele>
        <time>2024-07-18T15:12:19.510Z</time>
      </trkpt>
      <trkpt lat="46.496823" lon="11.655207">
        <ele>2156.8</ele>
        <time>2024-07-18T15:12:47.054Z</time>
      </trkpt>
      <trkpt lat="46.497063" lon="11.654692">
        <ele>2162.6</ele>
        <time>2024-07-18T15:13:22.954Z</time>
      </trkpt>
      <trkpt lat="46.497146" lon="11.654462">
        <ele>2165.2</ele>
        <time>2024-07-18T15:13:38.184Z</time>
      </trkpt>
      <trkpt lat="46.497216" lon="11.654059">
        <ele>2168.9</ele>
        <time>2024-07-18T15:14:02.323Z</time>
      </trkpt>
      <trkpt lat="46.497339" lon="11.653913">
        <ele>2170.6</ele>
        <time>2024-07-18T15:14:15.412Z</time>
      </trkpt>
      <trkpt lat="46.497519" lon="11.65362">
        <ele>2173</ele>
        <time>2024-07-18T15:14:37.689Z</time>
      </trkpt>
      <trkpt lat="46.497752" lon="11.653447">
        <ele>2174.7</ele>
        <time>2024-07-18T15:14:58.350Z</time>
      </trkpt>
      <trkpt lat="46.497752" lon="11.653447">
        <ele>2174.7</ele>
        <time>2024-07-18T15:14:58.350Z</time>
      </trkpt>
      <trkpt lat="46.497921" lon="11.65331">
        <ele>2175.5</ele>
        <time>2024-07-18T15:15:12.238Z</time>
      </trkpt>
      <trkpt lat="46.498076" lon="11.653111">
        <ele>2176.1</ele>
        <time>2024-07-18T15:15:26.504Z</time>
      </trkpt>
      <trkpt lat="46.498412" lon="11.652503">
        <ele>2174.6</ele>
        <time>2024-07-18T15:15:58.477Z</time>
      </trkpt>
      <trkpt lat="46.498831" lon="11.652002">
        <ele>2168.4</ele>
        <time>2024-07-18T15:16:21.769Z</time>
      </trkpt>
      <trkpt lat="46.498969" lon="11.65176">
        <ele>2165.3</ele>
        <time>2024-07-18T15:16:29.528Z</time>
      </trkpt>
      <trkpt lat="46.499114" lon="11.651397">
        <ele>2160.7</ele>
        <time>2024-07-18T15:16:39.224Z</time>
      </trkpt>
      <trkpt lat="46.499243" lon="11.651228">
        <ele>2157.7</ele>
        <time>2024-07-18T15:16:44.897Z</time>
      </trkpt>
      <trkpt lat="46.499412" lon="11.651171">
        <ele>2154.7</ele>
        <time>2024-07-18T15:16:50.515Z</time>
      </trkpt>
      <trkpt lat="46.499493" lon="11.651091">
        <ele>2152.9</ele>
        <time>2024-07-18T15:16:53.673Z</time>
      </trkpt>
      <trkpt lat="46.499719" lon="11.651058">
        <ele>2148.7</ele>
        <time>2024-07-18T15:17:00.998Z</time>
      </trkpt>
      <trkpt lat="46.500022" lon="11.650939">
        <ele>2142.9</ele>
        <time>2024-07-18T15:17:11.045Z</time>
      </trkpt>
      <trkpt lat="46.50006" lon="11.651069">
        <ele>2141.1</ele>
        <time>2024-07-18T15:17:14.166Z</time>
      </trkpt>
      <trkpt lat="46.500144" lon="11.651218">
        <ele>2138.8</ele>
        <time>2024-07-18T15:17:18.422Z</time>
      </trkpt>
      <trkpt lat="46.500174" lon="11.651742">
        <ele>2132.7</ele>
        <time>2024-07-18T15:17:30.190Z</time>
      </trkpt>
      <trkpt lat="46.500258" lon="11.651886">
        <ele>2130.6</ele>
        <time>2024-07-18T15:17:34.470Z</time>
      </trkpt>
      <trkpt lat="46.50041" lon="11.652033">
        <ele>2127.8</ele>
        <time>2024-07-18T15:17:40.566Z</time>
      </trkpt>
      <trkpt lat="46.500582" lon="11.65215">
        <ele>2124.9</ele>
        <time>2024-07-18T15:17:46.932Z</time>
      </trkpt>
      <trkpt lat="46.500824" lon="11.652123">
        <ele>2121.3</ele>
        <time>2024-07-18T15:17:55.094Z</time>
      </trkpt>
      <trkpt lat="46.501133" lon="11.65228">
        <ele>2116.6</ele>
        <time>2024-07-18T15:18:06.184Z</time>
      </trkpt>
      <trkpt lat="46.501704" lon="11.652226">
        <ele>2108.8</ele>
        <time>2024-07-18T15:18:25.908Z</time>
      </trkpt>
      <trkpt lat="46.501974" lon="11.652063">
        <ele>2104.9</ele>
        <time>2024-07-18T15:18:36.074Z</time>
      </trkpt>
      <trkpt lat="46.50203" lon="11.651983">
        <ele>2103.8</ele>
        <time>2024-07-18T15:18:38.823Z</time>
      </trkpt>
      <trkpt lat="46.502046" lon="11.651872">
        <ele>2102.8</ele>
        <time>2024-07-18T15:18:41.556Z</time>
      </trkpt>
      <trkpt lat="46.502008" lon="11.651451">
        <ele>2099</ele>
        <time>2024-07-18T15:18:51.827Z</time>
      </trkpt>
      <trkpt lat="46.502047" lon="11.651316">
        <ele>2097.8</ele>
        <time>2024-07-18T15:18:55.380Z</time>
      </trkpt>
      <trkpt lat="46.502287" lon="11.650888">
        <ele>2093.3</ele>
        <time>2024-07-18T15:19:09.000Z</time>
      </trkpt>
      <trkpt lat="46.502376" lon="11.650779">
        <ele>2091.9</ele>
        <time>2024-07-18T15:19:13.206Z</time>
      </trkpt>
      <trkpt lat="46.502521" lon="11.650715">
        <ele>2090.1</ele>
        <time>2024-07-18T15:19:18.633Z</time>
      </trkpt>
      <trkpt lat="46.502682" lon="11.650732">
        <ele>2088.1</ele>
        <time>2024-07-18T15:19:24.401Z</time>
      </trkpt>
      <trkpt lat="46.502749" lon="11.6508">
        <ele>2087</ele>
        <time>2024-07-18T15:19:27.287Z</time>
      </trkpt>
      <trkpt lat="46.502752" lon="11.650912">
        <ele>2086</ele>
        <time>2024-07-18T15:19:30.002Z</time>
      </trkpt>
      <trkpt lat="46.502583" lon="11.651227">
        <ele>2082.2</ele>
        <time>2024-07-18T15:19:39.564Z</time>
      </trkpt>
      <trkpt lat="46.50257" lon="11.651384">
        <ele>2080.6</ele>
        <time>2024-07-18T15:19:43.323Z</time>
      </trkpt>
      <trkpt lat="46.502826" lon="11.651977">
        <ele>2073.5</ele>
        <time>2024-07-18T15:19:59.740Z</time>
      </trkpt>
      <trkpt lat="46.502905" lon="11.652302">
        <ele>2070</ele>
        <time>2024-07-18T15:20:07.776Z</time>
      </trkpt>
      <trkpt lat="46.50291" lon="11.652689">
        <ele>2065.8</ele>
        <time>2024-07-18T15:20:16.709Z</time>
      </trkpt>
      <trkpt lat="46.502823" lon="11.653016">
        <ele>2061.8</ele>
        <time>2024-07-18T15:20:24.680Z</time>
      </trkpt>
      <trkpt lat="46.502781" lon="11.653363">
        <ele>2057.9</ele>
        <time>2024-07-18T15:20:32.669Z</time>
      </trkpt>
      <trkpt lat="46.502669" lon="11.653688">
        <ele>2053.8</ele>
        <time>2024-07-18T15:20:40.942Z</time>
      </trkpt>
      <trkpt lat="46.502555" lon="11.653875">
        <ele>2051.1</ele>
        <time>2024-07-18T15:20:46.632Z</time>
      </trkpt>
      <trkpt lat="46.502549" lon="11.653987">
        <ele>2049.9</ele>
        <time>2024-07-18T15:20:49.192Z</time>
      </trkpt>
      <trkpt lat="46.502616" lon="11.654006">
        <ele>2048.8</ele>
        <time>2024-07-18T15:20:51.461Z</time>
      </trkpt>
      <trkpt lat="46.503104" lon="11.653674">
        <ele>2040.7</ele>
        <time>2024-07-18T15:21:09.524Z</time>
      </trkpt>
      <trkpt lat="46.50335" lon="11.65329">
        <ele>2035.1</ele>
        <time>2024-07-18T15:21:21.642Z</time>
      </trkpt>
      <trkpt lat="46.503404" lon="11.653256">
        <ele>2034.2</ele>
        <time>2024-07-18T15:21:23.600Z</time>
      </trkpt>
      <trkpt lat="46.503448" lon="11.653293">
        <ele>2033.4</ele>
        <time>2024-07-18T15:21:25.283Z</time>
      </trkpt>
      <trkpt lat="46.503454" lon="11.65334">
        <ele>2032.9</ele>
        <time>2024-07-18T15:21:26.366Z</time>
      </trkpt>
      <trkpt lat="46.503374" lon="11.653599">
        <ele>2029.7</ele>
        <time>2024-07-18T15:21:32.802Z</time>
      </trkpt>
      <trkpt lat="46.503364" lon="11.653819">
        <ele>2027.1</ele>
        <time>2024-07-18T15:21:37.768Z</time>
      </trkpt>
      <trkpt lat="46.503236" lon="11.65417">
        <ele>2022.3</ele>
        <time>2024-07-18T15:21:46.699Z</time>
      </trkpt>
      <trkpt lat="46.503108" lon="11.654373">
        <ele>2018.8</ele>
        <time>2024-07-18T15:21:52.790Z</time>
      </trkpt>
      <trkpt lat="46.503091" lon="11.654429">
        <ele>2018</ele>
        <time>2024-07-18T15:21:54.129Z</time>
      </trkpt>
      <trkpt lat="46.503103" lon="11.654481">
        <ele>2017.3</ele>
        <time>2024-07-18T15:21:55.331Z</time>
      </trkpt>
      <trkpt lat="46.503187" lon="11.654485">
        <ele>2015.6</ele>
        <time>2024-07-18T15:21:58.007Z</time>
      </trkpt>
      <trkpt lat="46.503723" lon="11.654019">
        <ele>2003</ele>
        <time>2024-07-18T15:22:17.746Z</time>
      </trkpt>
      <trkpt lat="46.50395" lon="11.654001">
        <ele>1998.5</ele>
        <time>2024-07-18T15:22:24.918Z</time>
      </trkpt>
      <trkpt lat="46.504052" lon="11.654067">
        <ele>1996.4</ele>
        <time>2024-07-18T15:22:28.471Z</time>
      </trkpt>
      <trkpt lat="46.504121" lon="11.654207">
        <ele>1994.3</ele>
        <time>2024-07-18T15:22:32.243Z</time>
      </trkpt>
      <trkpt lat="46.504145" lon="11.654751">
        <ele>1988.8</ele>
        <time>2024-07-18T15:22:44.662Z</time>
      </trkpt>
      <trkpt lat="46.504182" lon="11.654873">
        <ele>1987.8</ele>
        <time>2024-07-18T15:22:47.966Z</time>
      </trkpt>
      <trkpt lat="46.504249" lon="11.654957">
        <ele>1987</ele>
        <time>2024-07-18T15:22:51.666Z</time>
      </trkpt>
      <trkpt lat="46.504393" lon="11.654984">
        <ele>1985.8</ele>
        <time>2024-07-18T15:22:57.956Z</time>
      </trkpt>
      <trkpt lat="46.50454" lon="11.654839">
        <ele>1984.9</ele>
        <time>2024-07-18T15:23:05.993Z</time>
      </trkpt>
      <trkpt lat="46.504658" lon="11.654823">
        <ele>1984.5</ele>
        <time>2024-07-18T15:23:11.529Z</time>
      </trkpt>
      <trkpt lat="46.504674" lon="11.654746">
        <ele>1984.4</ele>
        <time>2024-07-18T15:23:14.188Z</time>
      </trkpt>
      <trkpt lat="46.504729" lon="11.654699">
        <ele>1984.4</ele>
        <time>2024-07-18T15:23:17.829Z</time>
      </trkpt>
      <trkpt lat="46.505072" lon="11.654595">
        <ele>1985</ele>
        <time>2024-07-18T15:23:38.474Z</time>
      </trkpt>
      <trkpt lat="46.505166" lon="11.6546">
        <ele>1985.5</ele>
        <time>2024-07-18T15:23:45.052Z</time>
      </trkpt>
      <trkpt lat="46.505416" lon="11.654716">
        <ele>1987.4</ele>
        <time>2024-07-18T15:24:03.620Z</time>
      </trkpt>
      <trkpt lat="46.505699" lon="11.654726">
        <ele>1990.2</ele>
        <time>2024-07-18T15:24:25.851Z</time>
      </trkpt>
      <trkpt lat="46.505913" lon="11.654886">
        <ele>1993.1</ele>
        <time>2024-07-18T15:24:45.748Z</time>
      </trkpt>
      <trkpt lat="46.506005" lon="11.654923">
        <ele>1994.3</ele>
        <time>2024-07-18T15:24:53.786Z</time>
      </trkpt>
      <trkpt lat="46.506205" lon="11.654924">
        <ele>1996.9</ele>
        <time>2024-07-18T15:25:10.643Z</time>
      </trkpt>
      <trkpt lat="46.506275" lon="11.654953">
        <ele>1997.9</ele>
        <time>2024-07-18T15:25:16.805Z</time>
      </trkpt>
      <trkpt lat="46.506367" lon="11.655056">
        <ele>1999.4</ele>
        <time>2024-07-18T15:25:26.636Z</time>
      </trkpt>
      <trkpt lat="46.506411" lon="11.655053">
        <ele>2000</ele>
        <time>2024-07-18T15:25:30.368Z</time>
      </trkpt>
      <trkpt lat="46.506448" lon="11.655006">
        <ele>2000.6</ele>
        <time>2024-07-18T15:25:34.532Z</time>
      </trkpt>
      <trkpt lat="46.506441" lon="11.654918">
        <ele>2001.5</ele>
        <time>2024-07-18T15:25:39.700Z</time>
      </trkpt>
      <trkpt lat="46.506256" lon="11.654543">
        <ele>2005.7</ele>
        <time>2024-07-18T15:26:06.626Z</time>
      </trkpt>
      <trkpt lat="46.506095" lon="11.654361">
        <ele>2008.4</ele>
        <time>2024-07-18T15:26:23.920Z</time>
      </trkpt>
      <trkpt lat="46.506071" lon="11.654293">
        <ele>2009.1</ele>
        <time>2024-07-18T15:26:28.362Z</time>
      </trkpt>
      <trkpt lat="46.506091" lon="11.654235">
        <ele>2009.7</ele>
        <time>2024-07-18T15:26:32.135Z</time>
      </trkpt>
      <trkpt lat="46.506379" lon="11.654308">
        <ele>2013.4</ele>
        <time>2024-07-18T15:26:56.837Z</time>
      </trkpt>
      <trkpt lat="46.506663" lon="11.654105">
        <ele>2017.4</ele>
        <time>2024-07-18T15:27:23.494Z</time>
      </trkpt>
      <trkpt lat="46.50673" lon="11.654091">
        <ele>2018.2</ele>
        <time>2024-07-18T15:27:29.155Z</time>
      </trkpt>
      <trkpt lat="46.50702" lon="11.654223">
        <ele>2021.7</ele>
        <time>2024-07-18T15:27:54.575Z</time>
      </trkpt>
      <trkpt lat="46.507356" lon="11.654212">
        <ele>2025.2</ele>
        <time>2024-07-18T15:28:22.316Z</time>
      </trkpt>
      <trkpt lat="46.507577" lon="11.654131">
        <ele>2027.6</ele>
        <time>2024-07-18T15:28:40.976Z</time>
      </trkpt>
      <trkpt lat="46.507908" lon="11.654204">
        <ele>2031.3</ele>
        <time>2024-07-18T15:29:08.539Z</time>
      </trkpt>
      <trkpt lat="46.508294" lon="11.65414">
        <ele>2036</ele>
        <time>2024-07-18T15:29:40.860Z</time>
      </trkpt>
      <trkpt lat="46.508776" lon="11.653936">
        <ele>2041.8</ele>
        <time>2024-07-18T15:30:22.716Z</time>
      </trkpt>
      <trkpt lat="46.508929" lon="11.653837">
        <ele>2043.5</ele>
        <time>2024-07-18T15:30:36.537Z</time>
      </trkpt>
      <trkpt lat="46.509017" lon="11.653759">
        <ele>2044.5</ele>
        <time>2024-07-18T15:30:44.834Z</time>
      </trkpt>
      <trkpt lat="46.509243" lon="11.653399">
        <ele>2047.5</ele>
        <time>2024-07-18T15:31:11.822Z</time>
      </trkpt>
      <trkpt lat="46.50938" lon="11.653227">
        <ele>2048.8</ele>
        <time>2024-07-18T15:31:26.162Z</time>
      </trkpt>
      <trkpt lat="46.509649" lon="11.653215">
        <ele>2050.3</ele>
        <time>2024-07-18T15:31:46.125Z</time>
      </trkpt>
      <trkpt lat="46.50977" lon="11.653122">
        <ele>2050.9</ele>
        <time>2024-07-18T15:31:55.802Z</time>
      </trkpt>
      <trkpt lat="46.509832" lon="11.653023">
        <ele>2051.2</ele>
        <time>2024-07-18T15:32:02.316Z</time>
      </trkpt>
      <trkpt lat="46.50992" lon="11.652951">
        <ele>2051.5</ele>
        <time>2024-07-18T15:32:09.256Z</time>
      </trkpt>
      <trkpt lat="46.510031" lon="11.652967">
        <ele>2051.8</ele>
        <time>2024-07-18T15:32:16.921Z</time>
      </trkpt>
      <trkpt lat="46.510522" lon="11.65369">
        <ele>2052.6</ele>
        <time>2024-07-18T15:33:02.518Z</time>
      </trkpt>
      <trkpt lat="46.510652" lon="11.653835">
        <ele>2053.1</ele>
        <time>2024-07-18T15:33:13.154Z</time>
      </trkpt>
      <trkpt lat="46.510695" lon="11.653912">
        <ele>2053.3</ele>
        <time>2024-07-18T15:33:17.871Z</time>
      </trkpt>
      <trkpt lat="46.510736" lon="11.654084">
        <ele>2053.8</ele>
        <time>2024-07-18T15:33:26.530Z</time>
      </trkpt>
      <trkpt lat="46.510821" lon="11.65424">
        <ele>2054.3</ele>
        <time>2024-07-18T15:33:36.113Z</time>
      </trkpt>
      <trkpt lat="46.510881" lon="11.654286">
        <ele>2054.6</ele>
        <time>2024-07-18T15:33:40.957Z</time>
      </trkpt>
      <trkpt lat="46.511033" lon="11.654307">
        <ele>2055.4</ele>
        <time>2024-07-18T15:33:51.863Z</time>
      </trkpt>
      <trkpt lat="46.511196" lon="11.654474">
        <ele>2056.5</ele>
        <time>2024-07-18T15:34:06.249Z</time>
      </trkpt>
      <trkpt lat="46.511653" lon="11.654792">
        <ele>2060.3</ele>
        <time>2024-07-18T15:34:44.531Z</time>
      </trkpt>
      <trkpt lat="46.511731" lon="11.654788">
        <ele>2060.9</ele>
        <time>2024-07-18T15:34:50.565Z</time>
      </trkpt>
      <trkpt lat="46.51193" lon="11.654694">
        <ele>2062.4</ele>
        <time>2024-07-18T15:35:06.701Z</time>
      </trkpt>
      <trkpt lat="46.512301" lon="11.654042">
        <ele>2065.6</ele>
        <time>2024-07-18T15:35:50.250Z</time>
      </trkpt>
      <trkpt lat="46.512506" lon="11.653633">
        <ele>2066.3</ele>
        <time>2024-07-18T15:36:14.846Z</time>
      </trkpt>
      <trkpt lat="46.51273" lon="11.653358">
        <ele>2066.3</ele>
        <time>2024-07-18T15:36:33.259Z</time>
      </trkpt>
      <trkpt lat="46.512923" lon="11.653277">
        <ele>2066.2</ele>
        <time>2024-07-18T15:36:44.999Z</time>
      </trkpt>
      <trkpt lat="46.513" lon="11.653289">
        <ele>2066</ele>
        <time>2024-07-18T15:36:49.310Z</time>
      </trkpt>
      <trkpt lat="46.513283" lon="11.653423">
        <ele>2065.4</ele>
        <time>2024-07-18T15:37:05.882Z</time>
      </trkpt>
      <trkpt lat="46.513473" lon="11.653474">
        <ele>2064.9</ele>
        <time>2024-07-18T15:37:16.132Z</time>
      </trkpt>
      <trkpt lat="46.51364" lon="11.653434">
        <ele>2064.3</ele>
        <time>2024-07-18T15:37:24.913Z</time>
      </trkpt>
      <trkpt lat="46.513888" lon="11.653179">
        <ele>2063.3</ele>
        <time>2024-07-18T15:37:40.588Z</time>
      </trkpt>
      <trkpt lat="46.514141" lon="11.65313">
        <ele>2062.2</ele>
        <time>2024-07-18T15:37:53.378Z</time>
      </trkpt>
      <trkpt lat="46.514301" lon="11.652903">
        <ele>2061.3</ele>
        <time>2024-07-18T15:38:04.201Z</time>
      </trkpt>
      <trkpt lat="46.514426" lon="11.652796">
        <ele>2060.5</ele>
        <time>2024-07-18T15:38:11.180Z</time>
      </trkpt>
      <trkpt lat="46.51473" lon="11.652662">
        <ele>2058.6</ele>
        <time>2024-07-18T15:38:26.016Z</time>
      </trkpt>
      <trkpt lat="46.515046" lon="11.652184">
        <ele>2054.7</ele>
        <time>2024-07-18T15:38:45.296Z</time>
      </trkpt>
      <trkpt lat="46.515276" lon="11.651722">
        <ele>2051</ele>
        <time>2024-07-18T15:39:01.010Z</time>
      </trkpt>
      <trkpt lat="46.515324" lon="11.651683">
        <ele>2050.6</ele>
        <time>2024-07-18T15:39:03.258Z</time>
      </trkpt>
      <trkpt lat="46.515658" lon="11.651711">
        <ele>2048.2</ele>
        <time>2024-07-18T15:39:16.937Z</time>
      </trkpt>
      <trkpt lat="46.515796" lon="11.651642">
        <ele>2047.2</ele>
        <time>2024-07-18T15:39:23.220Z</time>
      </trkpt>
      <trkpt lat="46.515871" lon="11.651488">
        <ele>2046.3</ele>
        <time>2024-07-18T15:39:28.875Z</time>
      </trkpt>
      <trkpt lat="46.515984" lon="11.651132">
        <ele>2044.5</ele>
        <time>2024-07-18T15:39:40.630Z</time>
      </trkpt>
      <trkpt lat="46.515966" lon="11.650789">
        <ele>2043.2</ele>
        <time>2024-07-18T15:39:51.332Z</time>
      </trkpt>
      <trkpt lat="46.515869" lon="11.650529">
        <ele>2042.2</ele>
        <time>2024-07-18T15:40:00.932Z</time>
      </trkpt>
      <trkpt lat="46.515864" lon="11.650462">
        <ele>2041.9</ele>
        <time>2024-07-18T15:40:03.119Z</time>
      </trkpt>
      <trkpt lat="46.515893" lon="11.650395">
        <ele>2041.7</ele>
        <time>2024-07-18T15:40:05.720Z</time>
      </trkpt>
      <trkpt lat="46.516004" lon="11.650283">
        <ele>2041.1</ele>
        <time>2024-07-18T15:40:12.169Z</time>
      </trkpt>
      <trkpt lat="46.516439" lon="11.649133">
        <ele>2035.7</ele>
        <time>2024-07-18T15:40:53.684Z</time>
      </trkpt>
      <trkpt lat="46.516361" lon="11.648554">
        <ele>2031.6</ele>
        <time>2024-07-18T15:41:11.018Z</time>
      </trkpt>
      <trkpt lat="46.516408" lon="11.648335">
        <ele>2029.9</ele>
        <time>2024-07-18T15:41:17.025Z</time>
      </trkpt>
      <trkpt lat="46.516381" lon="11.647475">
        <ele>2023.2</ele>
        <time>2024-07-18T15:41:38.932Z</time>
      </trkpt>
      <trkpt lat="46.516439" lon="11.647289">
        <ele>2021.6</ele>
        <time>2024-07-18T15:41:44.105Z</time>
      </trkpt>
      <trkpt lat="46.516593" lon="11.647027">
        <ele>2018.9</ele>
        <time>2024-07-18T15:41:52.822Z</time>
      </trkpt>
      <trkpt lat="46.516647" lon="11.646658">
        <ele>2015.9</ele>
        <time>2024-07-18T15:42:02.355Z</time>
      </trkpt>
      <trkpt lat="46.516639" lon="11.646529">
        <ele>2014.9</ele>
        <time>2024-07-18T15:42:05.639Z</time>
      </trkpt>
      <trkpt lat="46.516593" lon="11.646261">
        <ele>2012.8</ele>
        <time>2024-07-18T15:42:12.640Z</time>
      </trkpt>
      <trkpt lat="46.516433" lon="11.645719">
        <ele>2008.5</ele>
        <time>2024-07-18T15:42:27.832Z</time>
      </trkpt>
      <trkpt lat="46.516416" lon="11.64563">
        <ele>2007.9</ele>
        <time>2024-07-18T15:42:30.303Z</time>
      </trkpt>
      <trkpt lat="46.51643" lon="11.645537">
        <ele>2007.3</ele>
        <time>2024-07-18T15:42:32.940Z</time>
      </trkpt>
      <trkpt lat="46.516445" lon="11.64551">
        <ele>2007.1</ele>
        <time>2024-07-18T15:42:33.900Z</time>
      </trkpt>
      <trkpt lat="46.516662" lon="11.645302">
        <ele>2004.9</ele>
        <time>2024-07-18T15:42:44.364Z</time>
      </trkpt>
      <trkpt lat="46.51689" lon="11.645138">
        <ele>2003.1</ele>
        <time>2024-07-18T15:42:55.077Z</time>
      </trkpt>
      <trkpt lat="46.517075" lon="11.645078">
        <ele>2002</ele>
        <time>2024-07-18T15:43:03.426Z</time>
      </trkpt>
      <trkpt lat="46.517412" lon="11.645056">
        <ele>2000.7</ele>
        <time>2024-07-18T15:43:19.085Z</time>
      </trkpt>
      <trkpt lat="46.517665" lon="11.645073">
        <ele>2000.5</ele>
        <time>2024-07-18T15:43:32.542Z</time>
      </trkpt>
      <trkpt lat="46.517975" lon="11.645166">
        <ele>2001.5</ele>
        <time>2024-07-18T15:43:52.680Z</time>
      </trkpt>
      <trkpt lat="46.518135" lon="11.645243">
        <ele>2002.5</ele>
        <time>2024-07-18T15:44:05.091Z</time>
      </trkpt>
      <trkpt lat="46.518343" lon="11.645408">
        <ele>2004.5</ele>
        <time>2024-07-18T15:44:23.402Z</time>
      </trkpt>
      <trkpt lat="46.518566" lon="11.645494">
        <ele>2007</ele>
        <time>2024-07-18T15:44:41.708Z</time>
      </trkpt>
      <trkpt lat="46.518929" lon="11.64548">
        <ele>2012</ele>
        <time>2024-07-18T15:45:12.280Z</time>
      </trkpt>
      <trkpt lat="46.519035" lon="11.645449">
        <ele>2013.7</ele>
        <time>2024-07-18T15:45:21.522Z</time>
      </trkpt>
      <trkpt lat="46.519917" lon="11.644927">
        <ele>2029.1</ele>
        <time>2024-07-18T15:46:44.058Z</time>
      </trkpt>
      <trkpt lat="46.520051" lon="11.644796">
        <ele>2031.2</ele>
        <time>2024-07-18T15:46:58.019Z</time>
      </trkpt>
      <trkpt lat="46.5202" lon="11.644421">
        <ele>2034.7</ele>
        <time>2024-07-18T15:47:22.980Z</time>
      </trkpt>
      <trkpt lat="46.520518" lon="11.644111">
        <ele>2038.4</ele>
        <time>2024-07-18T15:47:54.384Z</time>
      </trkpt>
      <trkpt lat="46.520655" lon="11.643882">
        <ele>2040.1</ele>
        <time>2024-07-18T15:48:11.104Z</time>
      </trkpt>
      <trkpt lat="46.52081" lon="11.643506">
        <ele>2042</ele>
        <time>2024-07-18T15:48:34.220Z</time>
      </trkpt>
      <trkpt lat="46.520929" lon="11.643209">
        <ele>2043.1</ele>
        <time>2024-07-18T15:48:51.655Z</time>
      </trkpt>
      <trkpt lat="46.521374" lon="11.642294">
        <ele>2045.8</ele>
        <time>2024-07-18T15:49:45.345Z</time>
      </trkpt>
      <trkpt lat="46.521927" lon="11.64114">
        <ele>2047.4</ele>
        <time>2024-07-18T15:50:49.604Z</time>
      </trkpt>
      <trkpt lat="46.522078" lon="11.640771">
        <ele>2047.5</ele>
        <time>2024-07-18T15:51:08.350Z</time>
      </trkpt>
      <trkpt lat="46.522201" lon="11.640587">
        <ele>2047.5</ele>
        <time>2024-07-18T15:51:19.017Z</time>
      </trkpt>
      <trkpt lat="46.522363" lon="11.640223">
        <ele>2047.5</ele>
        <time>2024-07-18T15:51:36.738Z</time>
      </trkpt>
      <trkpt lat="46.522374" lon="11.640031">
        <ele>2047.4</ele>
        <time>2024-07-18T15:51:44.591Z</time>
      </trkpt>
      <trkpt lat="46.522309" lon="11.639288">
        <ele>2046.8</ele>
        <time>2024-07-18T15:52:14.414Z</time>
      </trkpt>
      <trkpt lat="46.522376" lon="11.638679">
        <ele>2046</ele>
        <time>2024-07-18T15:52:38.123Z</time>
      </trkpt>
      <trkpt lat="46.522467" lon="11.638154">
        <ele>2044.9</ele>
        <time>2024-07-18T15:52:58.065Z</time>
      </trkpt>
      <trkpt lat="46.522761" lon="11.637056">
        <ele>2040.5</ele>
        <time>2024-07-18T15:53:37.002Z</time>
      </trkpt>
      <trkpt lat="46.523105" lon="11.636859">
        <ele>2038</ele>
        <time>2024-07-18T15:53:53.798Z</time>
      </trkpt>
      <trkpt lat="46.52315" lon="11.636742">
        <ele>2037.5</ele>
        <time>2024-07-18T15:53:57.861Z</time>
      </trkpt>
      <trkpt lat="46.523181" lon="11.636473">
        <ele>2036.2</ele>
        <time>2024-07-18T15:54:06.212Z</time>
      </trkpt>
      <trkpt lat="46.523238" lon="11.636325">
        <ele>2035.5</ele>
        <time>2024-07-18T15:54:11.405Z</time>
      </trkpt>
      <trkpt lat="46.523524" lon="11.635932">
        <ele>2033</ele>
        <time>2024-07-18T15:54:28.902Z</time>
      </trkpt>
      <trkpt lat="46.523921" lon="11.634997">
        <ele>2029.3</ele>
        <time>2024-07-18T15:55:03.966Z</time>
      </trkpt>
      <trkpt lat="46.523942" lon="11.634811">
        <ele>2028.8</ele>
        <time>2024-07-18T15:55:10.166Z</time>
      </trkpt>
      <trkpt lat="46.523839" lon="11.634354">
        <ele>2027.4</ele>
        <time>2024-07-18T15:55:26.435Z</time>
      </trkpt>
      <trkpt lat="46.523832" lon="11.634184">
        <ele>2026.9</ele>
        <time>2024-07-18T15:55:32.190Z</time>
      </trkpt>
      <trkpt lat="46.52392" lon="11.633964">
        <ele>2026.2</ele>
        <time>2024-07-18T15:55:40.791Z</time>
      </trkpt>
      <trkpt lat="46.524171" lon="11.633583">
        <ele>2024.7</ele>
        <time>2024-07-18T15:55:58.666Z</time>
      </trkpt>
      <trkpt lat="46.524265" lon="11.633389">
        <ele>2023.8</ele>
        <time>2024-07-18T15:56:06.429Z</time>
      </trkpt>
      <trkpt lat="46.524367" lon="11.633148">
        <ele>2022.7</ele>
        <time>2024-07-18T15:56:15.378Z</time>
      </trkpt>
      <trkpt lat="46.524558" lon="11.632516">
        <ele>2019.6</ele>
        <time>2024-07-18T15:56:36.686Z</time>
      </trkpt>
      <trkpt lat="46.524643" lon="11.632395">
        <ele>2018.7</ele>
        <time>2024-07-18T15:56:41.816Z</time>
      </trkpt>
      <trkpt lat="46.524913" lon="11.632327">
        <ele>2016.6</ele>
        <time>2024-07-18T15:56:53.330Z</time>
      </trkpt>
      <trkpt lat="46.525435" lon="11.631996">
        <ele>2011.7</ele>
        <time>2024-07-18T15:57:16.716Z</time>
      </trkpt>
      <trkpt lat="46.525866" lon="11.631648">
        <ele>2007.1</ele>
        <time>2024-07-18T15:57:36.396Z</time>
      </trkpt>
      <trkpt lat="46.526131" lon="11.631646">
        <ele>2004.6</ele>
        <time>2024-07-18T15:57:46.874Z</time>
      </trkpt>
      <trkpt lat="46.526255" lon="11.631574">
        <ele>2003.5</ele>
        <time>2024-07-18T15:57:52.178Z</time>
      </trkpt>
      <trkpt lat="46.526386" lon="11.631339">
        <ele>2001.6</ele>
        <time>2024-07-18T15:58:00.445Z</time>
      </trkpt>
      <trkpt lat="46.526594" lon="11.630703">
        <ele>1997.2</ele>
        <time>2024-07-18T15:58:19.772Z</time>
      </trkpt>
      <trkpt lat="46.526823" lon="11.63022">
        <ele>1993.1</ele>
        <time>2024-07-18T15:58:35.515Z</time>
      </trkpt>
      <trkpt lat="46.526894" lon="11.629948">
        <ele>1991</ele>
        <time>2024-07-18T15:58:43.070Z</time>
      </trkpt>
      <trkpt lat="46.526946" lon="11.629844">
        <ele>1990</ele>
        <time>2024-07-18T15:58:46.354Z</time>
      </trkpt>
      <trkpt lat="46.527051" lon="11.629748">
        <ele>1988.6</ele>
        <time>2024-07-18T15:58:50.960Z</time>
      </trkpt>
      <trkpt lat="46.527169" lon="11.629709">
        <ele>1987.2</ele>
        <time>2024-07-18T15:58:55.387Z</time>
      </trkpt>
      <trkpt lat="46.527467" lon="11.629711">
        <ele>1983.5</ele>
        <time>2024-07-18T15:59:06.144Z</time>
      </trkpt>
      <trkpt lat="46.527594" lon="11.629769">
        <ele>1981.8</ele>
        <time>2024-07-18T15:59:10.901Z</time>
      </trkpt>
      <trkpt lat="46.527783" lon="11.629913">
        <ele>1979.1</ele>
        <time>2024-07-18T15:59:18.492Z</time>
      </trkpt>
      <trkpt lat="46.528108" lon="11.630064">
        <ele>1974.9</ele>
        <time>2024-07-18T15:59:30.652Z</time>
      </trkpt>
      <trkpt lat="46.528424" lon="11.630111">
        <ele>1971.4</ele>
        <time>2024-07-18T15:59:42.224Z</time>
      </trkpt>
      <trkpt lat="46.528472" lon="11.630133">
        <ele>1970.8</ele>
        <time>2024-07-18T15:59:44.088Z</time>
      </trkpt>
      <trkpt lat="46.528912" lon="11.630902">
        <ele>1965.6</ele>
        <time>2024-07-18T16:00:11.694Z</time>
      </trkpt>
      <trkpt lat="46.529031" lon="11.630994">
        <ele>1965</ele>
        <time>2024-07-18T16:00:17.650Z</time>
      </trkpt>
      <trkpt lat="46.529194" lon="11.631049">
        <ele>1964.4</ele>
        <time>2024-07-18T16:00:26.376Z</time>
      </trkpt>
      <trkpt lat="46.5294" lon="11.631238">
        <ele>1964</ele>
        <time>2024-07-18T16:00:39.189Z</time>
      </trkpt>
      <trkpt lat="46.529502" lon="11.631294">
        <ele>1963.8</ele>
        <time>2024-07-18T16:00:45.252Z</time>
      </trkpt>
      <trkpt lat="46.529668" lon="11.631325">
        <ele>1963.7</ele>
        <time>2024-07-18T16:00:54.786Z</time>
      </trkpt>
      <trkpt lat="46.529795" lon="11.631285">
        <ele>1963.7</ele>
        <time>2024-07-18T16:01:02.306Z</time>
      </trkpt>
      <trkpt lat="46.530227" lon="11.630968">
        <ele>1965</ele>
        <time>2024-07-18T16:01:32.731Z</time>
      </trkpt>
      <trkpt lat="46.530346" lon="11.630972">
        <ele>1965.5</ele>
        <time>2024-07-18T16:01:40.790Z</time>
      </trkpt>
      <trkpt lat="46.530681" lon="11.631062">
        <ele>1967.3</ele>
        <time>2024-07-18T16:02:05.484Z</time>
      </trkpt>
      <trkpt lat="46.530791" lon="11.630975">
        <ele>1968.1</ele>
        <time>2024-07-18T16:02:14.825Z</time>
      </trkpt>
      <trkpt lat="46.530942" lon="11.630655">
        <ele>1969.9</ele>
        <time>2024-07-18T16:02:35.075Z</time>
      </trkpt>
      <trkpt lat="46.531123" lon="11.630141">
        <ele>1972.5</ele>
        <time>2024-07-18T16:03:05.174Z</time>
      </trkpt>
      <trkpt lat="46.531165" lon="11.630072">
        <ele>1972.8</ele>
        <time>2024-07-18T16:03:09.904Z</time>
      </trkpt>
      <trkpt lat="46.531395" lon="11.629912">
        <ele>1974.2</ele>
        <time>2024-07-18T16:03:28.572Z</time>
      </trkpt>
      <trkpt lat="46.531584" lon="11.629691">
        <ele>1975.2</ele>
        <time>2024-07-18T16:03:45.848Z</time>
      </trkpt>
      <trkpt lat="46.531723" lon="11.62958">
        <ele>1975.7</ele>
        <time>2024-07-18T16:03:56.472Z</time>
      </trkpt>
      <trkpt lat="46.53183" lon="11.62953">
        <ele>1975.9</ele>
        <time>2024-07-18T16:04:03.806Z</time>
      </trkpt>
      <trkpt lat="46.531981" lon="11.629562">
        <ele>1976</ele>
        <time>2024-07-18T16:04:13.224Z</time>
      </trkpt>
      <trkpt lat="46.532152" lon="11.629595">
        <ele>1975.9</ele>
        <time>2024-07-18T16:04:23.658Z</time>
      </trkpt>
      <trkpt lat="46.532276" lon="11.629599">
        <ele>1975.7</ele>
        <time>2024-07-18T16:04:30.937Z</time>
      </trkpt>
      <trkpt lat="46.532396" lon="11.629536">
        <ele>1975.4</ele>
        <time>2024-07-18T16:04:38.276Z</time>
      </trkpt>
      <trkpt lat="46.532837" lon="11.629088">
        <ele>1972.7</ele>
        <time>2024-07-18T16:05:05.664Z</time>
      </trkpt>
      <trkpt lat="46.532938" lon="11.628879">
        <ele>1971.5</ele>
        <time>2024-07-18T16:05:13.787Z</time>
      </trkpt>
      <trkpt lat="46.533083" lon="11.628323">
        <ele>1968.4</ele>
        <time>2024-07-18T16:05:31.181Z</time>
      </trkpt>
      <trkpt lat="46.533166" lon="11.628123">
        <ele>1967.2</ele>
        <time>2024-07-18T16:05:37.958Z</time>
      </trkpt>
      <trkpt lat="46.534298" lon="11.626943">
        <ele>1954.1</ele>
        <time>2024-07-18T16:06:33.020Z</time>
      </trkpt>
      <trkpt lat="46.534444" lon="11.626683">
        <ele>1951.9</ele>
        <time>2024-07-18T16:06:42.072Z</time>
      </trkpt>
      <trkpt lat="46.534719" lon="11.625966">
        <ele>1946.8</ele>
        <time>2024-07-18T16:07:04.418Z</time>
      </trkpt>
      <trkpt lat="46.535132" lon="11.624891">
        <ele>1939.1</ele>
        <time>2024-07-18T16:07:38.069Z</time>
      </trkpt>
      <trkpt lat="46.535521" lon="11.623897">
        <ele>1931.6</ele>
        <time>2024-07-18T16:08:09.052Z</time>
      </trkpt>
      <trkpt lat="46.53603" lon="11.623423">
        <ele>1925.5</ele>
        <time>2024-07-18T16:08:32.462Z</time>
      </trkpt>
      <trkpt lat="46.53616" lon="11.623191">
        <ele>1923.5</ele>
        <time>2024-07-18T16:08:40.400Z</time>
      </trkpt>
      <trkpt lat="46.536179" lon="11.62299">
        <ele>1922.2</ele>
        <time>2024-07-18T16:08:45.848Z</time>
      </trkpt>
      <trkpt lat="46.536181" lon="11.62193">
        <ele>1916.2</ele>
        <time>2024-07-18T16:09:15.271Z</time>
      </trkpt>
      <trkpt lat="46.536226" lon="11.621767">
        <ele>1915.3</ele>
        <time>2024-07-18T16:09:20.312Z</time>
      </trkpt>
      <trkpt lat="46.536269" lon="11.621709">
        <ele>1914.9</ele>
        <time>2024-07-18T16:09:22.840Z</time>
      </trkpt>
      <trkpt lat="46.536367" lon="11.621683">
        <ele>1914.2</ele>
        <time>2024-07-18T16:09:27.134Z</time>
      </trkpt>
      <trkpt lat="46.536481" lon="11.621734">
        <ele>1913.4</ele>
        <time>2024-07-18T16:09:32.276Z</time>
      </trkpt>
      <trkpt lat="46.536549" lon="11.621809">
        <ele>1912.8</ele>
        <time>2024-07-18T16:09:35.956Z</time>
      </trkpt>
      <trkpt lat="46.536998" lon="11.622584">
        <ele>1908</ele>
        <time>2024-07-18T16:10:06.188Z</time>
      </trkpt>
      <trkpt lat="46.537185" lon="11.62296">
        <ele>1905.8</ele>
        <time>2024-07-18T16:10:20.033Z</time>
      </trkpt>
      <trkpt lat="46.537397" lon="11.623698">
        <ele>1900.8</ele>
        <time>2024-07-18T16:10:42.556Z</time>
      </trkpt>
      <trkpt lat="46.537514" lon="11.623873">
        <ele>1899</ele>
        <time>2024-07-18T16:10:49.015Z</time>
      </trkpt>
      <trkpt lat="46.537573" lon="11.62392">
        <ele>1898.2</ele>
        <time>2024-07-18T16:10:51.504Z</time>
      </trkpt>
      <trkpt lat="46.537741" lon="11.623931">
        <ele>1896.3</ele>
        <time>2024-07-18T16:10:57.643Z</time>
      </trkpt>
      <trkpt lat="46.537957" lon="11.623841">
        <ele>1893.5</ele>
        <time>2024-07-18T16:11:05.818Z</time>
      </trkpt>
      <trkpt lat="46.538047" lon="11.623743">
        <ele>1892.1</ele>
        <time>2024-07-18T16:11:09.854Z</time>
      </trkpt>
      <trkpt lat="46.538114" lon="11.623605">
        <ele>1890.6</ele>
        <time>2024-07-18T16:11:13.981Z</time>
      </trkpt>
      <trkpt lat="46.538206" lon="11.623266">
        <ele>1887.4</ele>
        <time>2024-07-18T16:11:22.863Z</time>
      </trkpt>
      <trkpt lat="46.538377" lon="11.622925">
        <ele>1883.5</ele>
        <time>2024-07-18T16:11:33.057Z</time>
      </trkpt>
      <trkpt lat="46.538396" lon="11.622829">
        <ele>1882.6</ele>
        <time>2024-07-18T16:11:35.461Z</time>
      </trkpt>
      <trkpt lat="46.538383" lon="11.622354">
        <ele>1878.3</ele>
        <time>2024-07-18T16:11:46.895Z</time>
      </trkpt>
      <trkpt lat="46.538461" lon="11.621878">
        <ele>1874.3</ele>
        <time>2024-07-18T16:11:58.873Z</time>
      </trkpt>
      <trkpt lat="46.538401" lon="11.621415">
        <ele>1870.6</ele>
        <time>2024-07-18T16:12:10.695Z</time>
      </trkpt>
      <trkpt lat="46.538426" lon="11.621186">
        <ele>1868.8</ele>
        <time>2024-07-18T16:12:16.622Z</time>
      </trkpt>
      <trkpt lat="46.538497" lon="11.621055">
        <ele>1867.6</ele>
        <time>2024-07-18T16:12:20.952Z</time>
      </trkpt>
      <trkpt lat="46.538536" lon="11.620922">
        <ele>1866.6</ele>
        <time>2024-07-18T16:12:24.706Z</time>
      </trkpt>
      <trkpt lat="46.538472" lon="11.620712">
        <ele>1865</ele>
        <time>2024-07-18T16:12:30.702Z</time>
      </trkpt>
      <trkpt lat="46.538382" lon="11.620314">
        <ele>1862.1</ele>
        <time>2024-07-18T16:12:41.722Z</time>
      </trkpt>
      <trkpt lat="46.538238" lon="11.61941">
        <ele>1855.8</ele>
        <time>2024-07-18T16:13:06.286Z</time>
      </trkpt>
      <trkpt lat="46.538158" lon="11.618507">
        <ele>1849.8</ele>
        <time>2024-07-18T16:13:30.582Z</time>
      </trkpt>
      <trkpt lat="46.538162" lon="11.618296">
        <ele>1848.6</ele>
        <time>2024-07-18T16:13:36.327Z</time>
      </trkpt>
      <trkpt lat="46.53821" lon="11.618095">
        <ele>1847.3</ele>
        <time>2024-07-18T16:13:42.266Z</time>
      </trkpt>
      <trkpt lat="46.538297" lon="11.618035">
        <ele>1846.5</ele>
        <time>2024-07-18T16:13:46.175Z</time>
      </trkpt>
      <trkpt lat="46.538777" lon="11.61821">
        <ele>1842.6</ele>
        <time>2024-07-18T16:14:06.536Z</time>
      </trkpt>
      <trkpt lat="46.538893" lon="11.61831">
        <ele>1841.5</ele>
        <time>2024-07-18T16:14:12.171Z</time>
      </trkpt>
      <trkpt lat="46.539114" lon="11.618625">
        <ele>1839.2</ele>
        <time>2024-07-18T16:14:25.168Z</time>
      </trkpt>
      <trkpt lat="46.539188" lon="11.617987">
        <ele>1835.9</ele>
        <time>2024-07-18T16:14:43.950Z</time>
      </trkpt>
      <trkpt lat="46.539221" lon="11.617889">
        <ele>1835.4</ele>
        <time>2024-07-18T16:14:47.156Z</time>
      </trkpt>
      <trkpt lat="46.539257" lon="11.617779">
        <ele>1834.8</ele>
        <time>2024-07-18T16:14:50.748Z</time>
      </trkpt>
      <trkpt lat="46.539361" lon="11.617559">
        <ele>1833.5</ele>
        <time>2024-07-18T16:14:58.616Z</time>
      </trkpt>
      <trkpt lat="46.539431" lon="11.617328">
        <ele>1832.2</ele>
        <time>2024-07-18T16:15:06.058Z</time>
      </trkpt>
      <trkpt lat="46.539514" lon="11.616872">
        <ele>1830</ele>
        <time>2024-07-18T16:15:20.030Z</time>
      </trkpt>
      <trkpt lat="46.539906" lon="11.615591">
        <ele>1823.7</ele>
        <time>2024-07-18T16:16:02.399Z</time>
      </trkpt>
      <trkpt lat="46.540019" lon="11.615424">
        <ele>1822.5</ele>
        <time>2024-07-18T16:16:09.456Z</time>
      </trkpt>
      <trkpt lat="46.540111" lon="11.614999">
        <ele>1820.2</ele>
        <time>2024-07-18T16:16:22.416Z</time>
      </trkpt>
      <trkpt lat="46.540165" lon="11.614779">
        <ele>1818.8</ele>
        <time>2024-07-18T16:16:28.937Z</time>
      </trkpt>
      <trkpt lat="46.540196" lon="11.614659">
        <ele>1818</ele>
        <time>2024-07-18T16:16:32.420Z</time>
      </trkpt>
      <trkpt lat="46.540255" lon="11.614421">
        <ele>1816.3</ele>
        <time>2024-07-18T16:16:39.196Z</time>
      </trkpt>
      <trkpt lat="46.540332" lon="11.614055">
        <ele>1813.6</ele>
        <time>2024-07-18T16:16:49.448Z</time>
      </trkpt>
      <trkpt lat="46.540528" lon="11.612539">
        <ele>1802.6</ele>
        <time>2024-07-18T16:17:29.842Z</time>
      </trkpt>
      <trkpt lat="46.540574" lon="11.612213">
        <ele>1800.7</ele>
        <time>2024-07-18T16:17:38.750Z</time>
      </trkpt>
      <trkpt lat="46.540629" lon="11.61199">
        <ele>1799.6</ele>
        <time>2024-07-18T16:17:45.665Z</time>
      </trkpt>
      <trkpt lat="46.54072" lon="11.611772">
        <ele>1798.4</ele>
        <time>2024-07-18T16:17:53.194Z</time>
      </trkpt>
      <trkpt lat="46.540822" lon="11.611588">
        <ele>1797.4</ele>
        <time>2024-07-18T16:18:00.535Z</time>
      </trkpt>
      <trkpt lat="46.541033" lon="11.611346">
        <ele>1796.1</ele>
        <time>2024-07-18T16:18:12.862Z</time>
      </trkpt>
      <trkpt lat="46.541143" lon="11.611223">
        <ele>1795.4</ele>
        <time>2024-07-18T16:18:19.497Z</time>
      </trkpt>
      <trkpt lat="46.541302" lon="11.610938">
        <ele>1794.5</ele>
        <time>2024-07-18T16:18:31.804Z</time>
      </trkpt>
      <trkpt lat="46.541357" lon="11.610774">
        <ele>1794</ele>
        <time>2024-07-18T16:18:38.002Z</time>
      </trkpt>
      <trkpt lat="46.541529" lon="11.609922">
        <ele>1792</ele>
        <time>2024-07-18T16:19:09.079Z</time>
      </trkpt>
      <trkpt lat="46.541863" lon="11.609011">
        <ele>1788.9</ele>
        <time>2024-07-18T16:19:44.486Z</time>
      </trkpt>
      <trkpt lat="46.542024" lon="11.608688">
        <ele>1787.4</ele>
        <time>2024-07-18T16:19:57.572Z</time>
      </trkpt>
      <trkpt lat="46.542079" lon="11.608531">
        <ele>1786.7</ele>
        <time>2024-07-18T16:20:03.067Z</time>
      </trkpt>
      <trkpt lat="46.542105" lon="11.608169">
        <ele>1785.1</ele>
        <time>2024-07-18T16:20:14.421Z</time>
      </trkpt>
      <trkpt lat="46.542014" lon="11.607753">
        <ele>1782.8</ele>
        <time>2024-07-18T16:20:27.466Z</time>
      </trkpt>
      <trkpt lat="46.541891" lon="11.607567">
        <ele>1781.3</ele>
        <time>2024-07-18T16:20:34.827Z</time>
      </trkpt>
      <trkpt lat="46.541493" lon="11.607149">
        <ele>1776.3</ele>
        <time>2024-07-18T16:20:53.878Z</time>
      </trkpt>
      <trkpt lat="46.541225" lon="11.606792">
        <ele>1772.1</ele>
        <time>2024-07-18T16:21:07.498Z</time>
      </trkpt>
      <trkpt lat="46.541032" lon="11.606316">
        <ele>1767.5</ele>
        <time>2024-07-18T16:21:21.291Z</time>
      </trkpt>
      <trkpt lat="46.540903" lon="11.605977">
        <ele>1764.2</ele>
        <time>2024-07-18T16:21:30.860Z</time>
      </trkpt>
      <trkpt lat="46.540779" lon="11.605739">
        <ele>1761.6</ele>
        <time>2024-07-18T16:21:38.180Z</time>
      </trkpt>
      <trkpt lat="46.540291" lon="11.605149">
        <ele>1753.8</ele>
        <time>2024-07-18T16:22:00.874Z</time>
      </trkpt>
      <trkpt lat="46.540196" lon="11.605079">
        <ele>1752.6</ele>
        <time>2024-07-18T16:22:04.716Z</time>
      </trkpt>
      <trkpt lat="46.540031" lon="11.605015">
        <ele>1750.6</ele>
        <time>2024-07-18T16:22:11.012Z</time>
      </trkpt>
      <trkpt lat="46.539839" lon="11.605028">
        <ele>1748.5</ele>
        <time>2024-07-18T16:22:18.098Z</time>
      </trkpt>
      <trkpt lat="46.539592" lon="11.605151">
        <ele>1745.6</ele>
        <time>2024-07-18T16:22:27.732Z</time>
      </trkpt>
      <trkpt lat="46.539494" lon="11.605256">
        <ele>1744.2</ele>
        <time>2024-07-18T16:22:32.290Z</time>
      </trkpt>
      <trkpt lat="46.539293" lon="11.605586">
        <ele>1741.1</ele>
        <time>2024-07-18T16:22:43.705Z</time>
      </trkpt>
      <trkpt lat="46.539217" lon="11.6056">
        <ele>1740.4</ele>
        <time>2024-07-18T16:22:46.640Z</time>
      </trkpt>
      <trkpt lat="46.539129" lon="11.605484">
        <ele>1739.3</ele>
        <time>2024-07-18T16:22:51.236Z</time>
      </trkpt>
      <trkpt lat="46.539126" lon="11.605363">
        <ele>1738.5</ele>
        <time>2024-07-18T16:22:54.512Z</time>
      </trkpt>
      <trkpt lat="46.539322" lon="11.604762">
        <ele>1734.4</ele>
        <time>2024-07-18T16:23:12.665Z</time>
      </trkpt>
      <trkpt lat="46.539395" lon="11.604253">
        <ele>1731.4</ele>
        <time>2024-07-18T16:23:27.066Z</time>
      </trkpt>
      <trkpt lat="46.53945" lon="11.604097">
        <ele>1730.3</ele>
        <time>2024-07-18T16:23:31.906Z</time>
      </trkpt>
      <trkpt lat="46.539537" lon="11.603989">
        <ele>1729.3</ele>
        <time>2024-07-18T16:23:36.434Z</time>
      </trkpt>
      <trkpt lat="46.539681" lon="11.603895">
        <ele>1727.8</ele>
        <time>2024-07-18T16:23:42.682Z</time>
      </trkpt>
      <trkpt lat="46.540022" lon="11.603927">
        <ele>1724.4</ele>
        <time>2024-07-18T16:23:56.078Z</time>
      </trkpt>
      <trkpt lat="46.54007" lon="11.603873">
        <ele>1723.9</ele>
        <time>2024-07-18T16:23:58.427Z</time>
      </trkpt>
      <trkpt lat="46.540097" lon="11.603778">
        <ele>1723.2</ele>
        <time>2024-07-18T16:24:01.140Z</time>
      </trkpt>
      <trkpt lat="46.540089" lon="11.603688">
        <ele>1722.5</ele>
        <time>2024-07-18T16:24:03.532Z</time>
      </trkpt>
      <trkpt lat="46.540029" lon="11.603596">
        <ele>1721.7</ele>
        <time>2024-07-18T16:24:06.873Z</time>
      </trkpt>
      <trkpt lat="46.539817" lon="11.603543">
        <ele>1719.4</ele>
        <time>2024-07-18T16:24:15.118Z</time>
      </trkpt>
      <trkpt lat="46.539541" lon="11.603521">
        <ele>1716.5</ele>
        <time>2024-07-18T16:24:25.600Z</time>
      </trkpt>
      <trkpt lat="46.538773" lon="11.603606">
        <ele>1709.9</ele>
        <time>2024-07-18T16:24:56.188Z</time>
      </trkpt>
      <trkpt lat="46.538629" lon="11.6037">
        <ele>1708.6</ele>
        <time>2024-07-18T16:25:02.634Z</time>
      </trkpt>
      <trkpt lat="46.538528" lon="11.603831">
        <ele>1707.5</ele>
        <time>2024-07-18T16:25:08.224Z</time>
      </trkpt>
      <trkpt lat="46.538469" lon="11.603988">
        <ele>1706.6</ele>
        <time>2024-07-18T16:25:13.338Z</time>
      </trkpt>
      <trkpt lat="46.538426" lon="11.604241">
        <ele>1705.1</ele>
        <time>2024-07-18T16:25:20.739Z</time>
      </trkpt>
      <trkpt lat="46.538393" lon="11.60429">
        <ele>1704.8</ele>
        <time>2024-07-18T16:25:22.687Z</time>
      </trkpt>
      <trkpt lat="46.538319" lon="11.604327">
        <ele>1704.2</ele>
        <time>2024-07-18T16:25:25.924Z</time>
      </trkpt>
      <trkpt lat="46.53825" lon="11.604298">
        <ele>1703.5</ele>
        <time>2024-07-18T16:25:28.893Z</time>
      </trkpt>
      <trkpt lat="46.5382" lon="11.604178">
        <ele>1702.7</ele>
        <time>2024-07-18T16:25:32.860Z</time>
      </trkpt>
      <trkpt lat="46.538226" lon="11.604017">
        <ele>1701.8</ele>
        <time>2024-07-18T16:25:37.550Z</time>
      </trkpt>
      <trkpt lat="46.538485" lon="11.603432">
        <ele>1697.5</ele>
        <time>2024-07-18T16:25:56.919Z</time>
      </trkpt>
      <trkpt lat="46.538723" lon="11.602913">
        <ele>1692.8</ele>
        <time>2024-07-18T16:26:13.454Z</time>
      </trkpt>
      <trkpt lat="46.538764" lon="11.602679">
        <ele>1690.8</ele>
        <time>2024-07-18T16:26:19.566Z</time>
      </trkpt>
      <trkpt lat="46.538768" lon="11.60252">
        <ele>1689.5</ele>
        <time>2024-07-18T16:26:23.532Z</time>
      </trkpt>
      <trkpt lat="46.538712" lon="11.602206">
        <ele>1686.8</ele>
        <time>2024-07-18T16:26:31.621Z</time>
      </trkpt>
      <trkpt lat="46.538783" lon="11.602146">
        <ele>1685.9</ele>
        <time>2024-07-18T16:26:34.662Z</time>
      </trkpt>
      <trkpt lat="46.538556" lon="11.601763">
        <ele>1682.3</ele>
        <time>2024-07-18T16:26:47.540Z</time>
      </trkpt>
      <trkpt lat="46.538522" lon="11.601414">
        <ele>1680.5</ele>
        <time>2024-07-18T16:26:57.246Z</time>
      </trkpt>
      <trkpt lat="46.53852" lon="11.60129">
        <ele>1679.9</ele>
        <time>2024-07-18T16:27:00.881Z</time>
      </trkpt>
      <trkpt lat="46.538566" lon="11.601143">
        <ele>1679.1</ele>
        <time>2024-07-18T16:27:05.618Z</time>
      </trkpt>
      <trkpt lat="46.539036" lon="11.600593">
        <ele>1675.9</ele>
        <time>2024-07-18T16:27:32.664Z</time>
      </trkpt>
      <trkpt lat="46.539275" lon="11.600437">
        <ele>1674.9</ele>
        <time>2024-07-18T16:27:45.125Z</time>
      </trkpt>
      <trkpt lat="46.539605" lon="11.600329">
        <ele>1674</ele>
        <time>2024-07-18T16:28:02.720Z</time>
      </trkpt>
      <trkpt lat="46.539689" lon="11.60024">
        <ele>1673.8</ele>
        <time>2024-07-18T16:28:08.256Z</time>
      </trkpt>
      <trkpt lat="46.540106" lon="11.599586">
        <ele>1672.2</ele>
        <time>2024-07-18T16:28:40.823Z</time>
      </trkpt>
      <trkpt lat="46.540381" lon="11.599079">
        <ele>1669.6</ele>
        <time>2024-07-18T16:29:02.851Z</time>
      </trkpt>
      <trkpt lat="46.540526" lon="11.598881">
        <ele>1668.4</ele>
        <time>2024-07-18T16:29:11.820Z</time>
      </trkpt>
      <trkpt lat="46.540608" lon="11.598634">
        <ele>1667.2</ele>
        <time>2024-07-18T16:29:20.042Z</time>
      </trkpt>
      <trkpt lat="46.540681" lon="11.598291">
        <ele>1665.3</ele>
        <time>2024-07-18T16:29:30.583Z</time>
      </trkpt>
      <trkpt lat="46.540683" lon="11.598053">
        <ele>1663.8</ele>
        <time>2024-07-18T16:29:37.451Z</time>
      </trkpt>
      <trkpt lat="46.540624" lon="11.597605">
        <ele>1660.3</ele>
        <time>2024-07-18T16:29:49.709Z</time>
      </trkpt>
      <trkpt lat="46.540539" lon="11.597865">
        <ele>1657.7</ele>
        <time>2024-07-18T16:29:56.880Z</time>
      </trkpt>
      <trkpt lat="46.540242" lon="11.59834">
        <ele>1651</ele>
        <time>2024-07-18T16:30:11.894Z</time>
      </trkpt>
      <trkpt lat="46.540067" lon="11.598561">
        <ele>1647.3</ele>
        <time>2024-07-18T16:30:19.658Z</time>
      </trkpt>
      <trkpt lat="46.53996" lon="11.59859">
        <ele>1645.7</ele>
        <time>2024-07-18T16:30:23.289Z</time>
      </trkpt>
      <trkpt lat="46.540084" lon="11.59744">
        <ele>1633.2</ele>
        <time>2024-07-18T16:30:49.988Z</time>
      </trkpt>
      <trkpt lat="46.540243" lon="11.596755">
        <ele>1626.4</ele>
        <time>2024-07-18T16:31:06.791Z</time>
      </trkpt>
      <trkpt lat="46.54065" lon="11.595146">
        <ele>1613.2</ele>
        <time>2024-07-18T16:31:49.475Z</time>
      </trkpt>
      <trkpt lat="46.540696" lon="11.594963">
        <ele>1611.5</ele>
        <time>2024-07-18T16:31:54.408Z</time>
      </trkpt>
      <trkpt lat="46.540798" lon="11.593478">
        <ele>1598.8</ele>
        <time>2024-07-18T16:32:31.086Z</time>
      </trkpt>
      <trkpt lat="46.540948" lon="11.592777">
        <ele>1594.5</ele>
        <time>2024-07-18T16:32:49.813Z</time>
      </trkpt>
      <trkpt lat="46.541016" lon="11.592246">
        <ele>1591.5</ele>
        <time>2024-07-18T16:33:04.995Z</time>
      </trkpt>
      <trkpt lat="46.54109" lon="11.591962">
        <ele>1589.4</ele>
        <time>2024-07-18T16:33:13.254Z</time>
      </trkpt>
      <trkpt lat="46.541187" lon="11.591779">
        <ele>1587.7</ele>
        <time>2024-07-18T16:33:19.219Z</time>
      </trkpt>
      <trkpt lat="46.541298" lon="11.591649">
        <ele>1586.1</ele>
        <time>2024-07-18T16:33:24.511Z</time>
      </trkpt>
      <trkpt lat="46.541321" lon="11.591618">
        <ele>1585.7</ele>
        <time>2024-07-18T16:33:25.658Z</time>
      </trkpt>
      <trkpt lat="46.541421" lon="11.591512">
        <ele>1584.2</ele>
        <time>2024-07-18T16:33:30.182Z</time>
      </trkpt>
      <trkpt lat="46.541481" lon="11.591359">
        <ele>1582.8</ele>
        <time>2024-07-18T16:33:34.556Z</time>
      </trkpt>
      <trkpt lat="46.54147" lon="11.591214">
        <ele>1581.5</ele>
        <time>2024-07-18T16:33:38.176Z</time>
      </trkpt>
      <trkpt lat="46.541446" lon="11.591154">
        <ele>1581</ele>
        <time>2024-07-18T16:33:39.889Z</time>
      </trkpt>
      <trkpt lat="46.541376" lon="11.591064">
        <ele>1579.8</ele>
        <time>2024-07-18T16:33:43.266Z</time>
      </trkpt>
      <trkpt lat="46.541324" lon="11.59104">
        <ele>1579.1</ele>
        <time>2024-07-18T16:33:45.240Z</time>
      </trkpt>
      <trkpt lat="46.541209" lon="11.591053">
        <ele>1577.7</ele>
        <time>2024-07-18T16:33:49.412Z</time>
      </trkpt>
      <trkpt lat="46.541054" lon="11.591158">
        <ele>1575.8</ele>
        <time>2024-07-18T16:33:55.629Z</time>
      </trkpt>
      <trkpt lat="46.540865" lon="11.591432">
        <ele>1572.8</ele>
        <time>2024-07-18T16:34:05.354Z</time>
      </trkpt>
      <trkpt lat="46.54078" lon="11.591709">
        <ele>1570.1</ele>
        <time>2024-07-18T16:34:12.944Z</time>
      </trkpt>
      <trkpt lat="46.54076" lon="11.592102">
        <ele>1566.8</ele>
        <time>2024-07-18T16:34:22.604Z</time>
      </trkpt>
      <trkpt lat="46.54071" lon="11.592373">
        <ele>1565.2</ele>
        <time>2024-07-18T16:34:29.884Z</time>
      </trkpt>
      <trkpt lat="46.540456" lon="11.592864">
        <ele>1563.1</ele>
        <time>2024-07-18T16:34:48.938Z</time>
      </trkpt>
      <trkpt lat="46.540234" lon="11.59367">
        <ele>1562.6</ele>
        <time>2024-07-18T16:35:20.657Z</time>
      </trkpt>
      <trkpt lat="46.539658" lon="11.594971">
        <ele>1559.8</ele>
        <time>2024-07-18T16:36:18.731Z</time>
      </trkpt>
      <trkpt lat="46.53935" lon="11.595659">
        <ele>1556.1</ele>
        <time>2024-07-18T16:36:46.712Z</time>
      </trkpt>
      <trkpt lat="46.539147" lon="11.596187">
        <ele>1552.6</ele>
        <time>2024-07-18T16:37:04.414Z</time>
      </trkpt>
      <trkpt lat="46.53908" lon="11.596228">
        <ele>1552</ele>
        <time>2024-07-18T16:37:07.364Z</time>
      </trkpt>
      <trkpt lat="46.538992" lon="11.59621">
        <ele>1551.2</ele>
        <time>2024-07-18T16:37:10.957Z</time>
      </trkpt>
      <trkpt lat="46.538927" lon="11.596069">
        <ele>1550.2</ele>
        <time>2024-07-18T16:37:15.678Z</time>
      </trkpt>
      <trkpt lat="46.538954" lon="11.595921">
        <ele>1549.3</ele>
        <time>2024-07-18T16:37:19.950Z</time>
      </trkpt>
      <trkpt lat="46.539115" lon="11.595598">
        <ele>1547</ele>
        <time>2024-07-18T16:37:31.173Z</time>
      </trkpt>
      <trkpt lat="46.539189" lon="11.595391">
        <ele>1545.8</ele>
        <time>2024-07-18T16:37:37.776Z</time>
      </trkpt>
      <trkpt lat="46.539596" lon="11.59396">
        <ele>1534.3</ele>
        <time>2024-07-18T16:38:18.710Z</time>
      </trkpt>
      <trkpt lat="46.539764" lon="11.593285">
        <ele>1526.9</ele>
        <time>2024-07-18T16:38:36.488Z</time>
      </trkpt>
      <trkpt lat="46.539837" lon="11.59274">
        <ele>1520.2</ele>
        <time>2024-07-18T16:38:49.114Z</time>
      </trkpt>
      <trkpt lat="46.539864" lon="11.592335">
        <ele>1514.9</ele>
        <time>2024-07-18T16:38:58.110Z</time>
      </trkpt>
      <trkpt lat="46.539887" lon="11.591069">
        <ele>1500.6</ele>
        <time>2024-07-18T16:39:26.510Z</time>
      </trkpt>
      <trkpt lat="46.539955" lon="11.590685">
        <ele>1496.8</ele>
        <time>2024-07-18T16:39:35.568Z</time>
      </trkpt>
      <trkpt lat="46.540052" lon="11.590406">
        <ele>1494.1</ele>
        <time>2024-07-18T16:39:43.078Z</time>
      </trkpt>
      <trkpt lat="46.540226" lon="11.590021">
        <ele>1490.9</ele>
        <time>2024-07-18T16:39:54.831Z</time>
      </trkpt>
      <trkpt lat="46.540654" lon="11.589224">
        <ele>1486.3</ele>
        <time>2024-07-18T16:40:23.976Z</time>
      </trkpt>
      <trkpt lat="46.540929" lon="11.588681">
        <ele>1484.5</ele>
        <time>2024-07-18T16:40:45.362Z</time>
      </trkpt>
      <trkpt lat="46.541098" lon="11.588077">
        <ele>1484.4</ele>
        <time>2024-07-18T16:41:09.724Z</time>
      </trkpt>
      <trkpt lat="46.54122" lon="11.58786">
        <ele>1485</ele>
        <time>2024-07-18T16:41:22.124Z</time>
      </trkpt>
      <trkpt lat="46.541305" lon="11.587786">
        <ele>1485.4</ele>
        <time>2024-07-18T16:41:29.063Z</time>
      </trkpt>
      <trkpt lat="46.541397" lon="11.587737">
        <ele>1485.9</ele>
        <time>2024-07-18T16:41:35.927Z</time>
      </trkpt>
      <trkpt lat="46.54159" lon="11.587736">
        <ele>1486.7</ele>
        <time>2024-07-18T16:41:49.446Z</time>
      </trkpt>
      <trkpt lat="46.541976" lon="11.587849">
        <ele>1486.6</ele>
        <time>2024-07-18T16:42:15.154Z</time>
      </trkpt>
      <trkpt lat="46.542519" lon="11.587942">
        <ele>1484</ele>
        <time>2024-07-18T16:42:43.748Z</time>
      </trkpt>
      <trkpt lat="46.542601" lon="11.587864">
        <ele>1483.2</ele>
        <time>2024-07-18T16:42:48.033Z</time>
      </trkpt>
      <trkpt lat="46.542596" lon="11.587703">
        <ele>1482.1</ele>
        <time>2024-07-18T16:42:52.307Z</time>
      </trkpt>
      <trkpt lat="46.54248" lon="11.587637">
        <ele>1480.7</ele>
        <time>2024-07-18T16:42:57.111Z</time>
      </trkpt>
      <trkpt lat="46.542066" lon="11.587618">
        <ele>1474.7</ele>
        <time>2024-07-18T16:43:11.898Z</time>
      </trkpt>
      <trkpt lat="46.541361" lon="11.587154">
        <ele>1461.3</ele>
        <time>2024-07-18T16:43:37.392Z</time>
      </trkpt>
      <trkpt lat="46.541199" lon="11.587133">
        <ele>1459.2</ele>
        <time>2024-07-18T16:43:42.787Z</time>
      </trkpt>
      <trkpt lat="46.541036" lon="11.587154">
        <ele>1457.2</ele>
        <time>2024-07-18T16:43:48.608Z</time>
      </trkpt>
      <trkpt lat="46.540771" lon="11.587338">
        <ele>1454.1</ele>
        <time>2024-07-18T16:43:59.334Z</time>
      </trkpt>
      <trkpt lat="46.540438" lon="11.587835">
        <ele>1449.3</ele>
        <time>2024-07-18T16:44:17.522Z</time>
      </trkpt>
      <trkpt lat="46.540155" lon="11.588202">
        <ele>1446.6</ele>
        <time>2024-07-18T16:44:32.765Z</time>
      </trkpt>
      <trkpt lat="46.539971" lon="11.588522">
        <ele>1445.7</ele>
        <time>2024-07-18T16:44:46.324Z</time>
      </trkpt>
      <trkpt lat="46.539872" lon="11.588598">
        <ele>1445.3</ele>
        <time>2024-07-18T16:44:51.777Z</time>
      </trkpt>
      <trkpt lat="46.539828" lon="11.588595">
        <ele>1445.2</ele>
        <time>2024-07-18T16:44:53.921Z</time>
      </trkpt>
      <trkpt lat="46.539732" lon="11.588486">
        <ele>1444.5</ele>
        <time>2024-07-18T16:44:59.856Z</time>
      </trkpt>
      <trkpt lat="46.539725" lon="11.588414">
        <ele>1444.3</ele>
        <time>2024-07-18T16:45:02.203Z</time>
      </trkpt>
      <trkpt lat="46.539741" lon="11.588311">
        <ele>1443.7</ele>
        <time>2024-07-18T16:45:05.614Z</time>
      </trkpt>
      <trkpt lat="46.539773" lon="11.588258">
        <ele>1443.4</ele>
        <time>2024-07-18T16:45:07.892Z</time>
      </trkpt>
      <trkpt lat="46.540157" lon="11.587848">
        <ele>1439.1</ele>
        <time>2024-07-18T16:45:28.342Z</time>
      </trkpt>
      <trkpt lat="46.540261" lon="11.587604">
        <ele>1437.4</ele>
        <time>2024-07-18T16:45:36.233Z</time>
      </trkpt>
      <trkpt lat="46.540421" lon="11.586901">
        <ele>1434.2</ele>
        <time>2024-07-18T16:45:58.282Z</time>
      </trkpt>
      <trkpt lat="46.540505" lon="11.586654">
        <ele>1433.2</ele>
        <time>2024-07-18T16:46:06.829Z</time>
      </trkpt>
      <trkpt lat="46.540675" lon="11.586362">
        <ele>1431</ele>
        <time>2024-07-18T16:46:17.760Z</time>
      </trkpt>
      <trkpt lat="46.540802" lon="11.586237">
        <ele>1429.4</ele>
        <time>2024-07-18T16:46:23.770Z</time>
      </trkpt>
      <trkpt lat="46.540887" lon="11.586186">
        <ele>1428.4</ele>
        <time>2024-07-18T16:46:27.326Z</time>
      </trkpt>
      <trkpt lat="46.541102" lon="11.586187">
        <ele>1426.1</ele>
        <time>2024-07-18T16:46:35.414Z</time>
      </trkpt>
      <trkpt lat="46.541452" lon="11.586407">
        <ele>1422.4</ele>
        <time>2024-07-18T16:46:49.983Z</time>
      </trkpt>
      <trkpt lat="46.541722" lon="11.586457">
        <ele>1419.9</ele>
        <time>2024-07-18T16:47:00.632Z</time>
      </trkpt>
      <trkpt lat="46.542192" lon="11.586416">
        <ele>1414.4</ele>
        <time>2024-07-18T16:47:18.276Z</time>
      </trkpt>
      <trkpt lat="46.542466" lon="11.586277">
        <ele>1410.1</ele>
        <time>2024-07-18T16:47:28.520Z</time>
      </trkpt>
      <trkpt lat="46.542614" lon="11.586147">
        <ele>1407.3</ele>
        <time>2024-07-18T16:47:34.254Z</time>
      </trkpt>
      <trkpt lat="46.542767" lon="11.585941">
        <ele>1403.7</ele>
        <time>2024-07-18T16:47:41.076Z</time>
      </trkpt>
      <trkpt lat="46.543092" lon="11.585399">
        <ele>1394.4</ele>
        <time>2024-07-18T16:47:57.010Z</time>
      </trkpt>
      <trkpt lat="46.543206" lon="11.585163">
        <ele>1390.5</ele>
        <time>2024-07-18T16:48:03.320Z</time>
      </trkpt>
      <trkpt lat="46.543416" lon="11.584669">
        <ele>1381.9</ele>
        <time>2024-07-18T16:48:15.818Z</time>
      </trkpt>
      <trkpt lat="46.543511" lon="11.584368">
        <ele>1377.4</ele>
        <time>2024-07-18T16:48:22.944Z</time>
      </trkpt>
      <trkpt lat="46.543715" lon="11.583191">
        <ele>1368.3</ele>
        <time>2024-07-18T16:48:52.476Z</time>
      </trkpt>
      <trkpt lat="46.543791" lon="11.583032">
        <ele>1367.8</ele>
        <time>2024-07-18T16:48:57.989Z</time>
      </trkpt>
      <trkpt lat="46.543889" lon="11.582972">
        <ele>1367.5</ele>
        <time>2024-07-18T16:49:03.949Z</time>
      </trkpt>
      <trkpt lat="46.544061" lon="11.583018">
        <ele>1367.4</ele>
        <time>2024-07-18T16:49:13.754Z</time>
      </trkpt>
      <trkpt lat="46.544162" lon="11.583179">
        <ele>1367.5</ele>
        <time>2024-07-18T16:49:22.156Z</time>
      </trkpt>
      <trkpt lat="46.544541" lon="11.584041">
        <ele>1371.2</ele>
        <time>2024-07-18T16:50:09.818Z</time>
      </trkpt>
      <trkpt lat="46.544663" lon="11.584188">
        <ele>1372.4</ele>
        <time>2024-07-18T16:50:21.534Z</time>
      </trkpt>
      <trkpt lat="46.545071" lon="11.584452">
        <ele>1374.5</ele>
        <time>2024-07-18T16:50:54.341Z</time>
      </trkpt>
      <trkpt lat="46.545191" lon="11.584579">
        <ele>1374.9</ele>
        <time>2024-07-18T16:51:04.438Z</time>
      </trkpt>
      <trkpt lat="46.545306" lon="11.584886">
        <ele>1375</ele>
        <time>2024-07-18T16:51:19.658Z</time>
      </trkpt>
      <trkpt lat="46.545505" lon="11.585742">
        <ele>1371.8</ele>
        <time>2024-07-18T16:51:52.471Z</time>
      </trkpt>
      <trkpt lat="46.545579" lon="11.58591">
        <ele>1370.5</ele>
        <time>2024-07-18T16:51:58.306Z</time>
      </trkpt>
      <trkpt lat="46.54564" lon="11.585981">
        <ele>1369.7</ele>
        <time>2024-07-18T16:52:01.233Z</time>
      </trkpt>
      <trkpt lat="46.545831" lon="11.586109">
        <ele>1367.3</ele>
        <time>2024-07-18T16:52:09.116Z</time>
      </trkpt>
      <trkpt lat="46.545907" lon="11.586117">
        <ele>1366.4</ele>
        <time>2024-07-18T16:52:11.971Z</time>
      </trkpt>
      <trkpt lat="46.54654" lon="11.585945">
        <ele>1357.3</ele>
        <time>2024-07-18T16:52:34.588Z</time>
      </trkpt>
      <trkpt lat="46.546722" lon="11.585951">
        <ele>1354.6</ele>
        <time>2024-07-18T16:52:40.811Z</time>
      </trkpt>
      <trkpt lat="46.546984" lon="11.586031">
        <ele>1350.4</ele>
        <time>2024-07-18T16:52:49.778Z</time>
      </trkpt>
      <trkpt lat="46.547572" lon="11.586325">
        <ele>1341.7</ele>
        <time>2024-07-18T16:53:10.940Z</time>
      </trkpt>
      <trkpt lat="46.547803" lon="11.58636">
        <ele>1339.2</ele>
        <time>2024-07-18T16:53:19.092Z</time>
      </trkpt>
      <trkpt lat="46.548447" lon="11.586222">
        <ele>1332.6</ele>
        <time>2024-07-18T16:53:43.855Z</time>
      </trkpt>
      <trkpt lat="46.548559" lon="11.586064">
        <ele>1331</ele>
        <time>2024-07-18T16:53:49.787Z</time>
      </trkpt>
      <trkpt lat="46.548539" lon="11.585873">
        <ele>1329.6</ele>
        <time>2024-07-18T16:53:54.781Z</time>
      </trkpt>
      <trkpt lat="46.548469" lon="11.585797">
        <ele>1328.6</ele>
        <time>2024-07-18T16:53:58.064Z</time>
      </trkpt>
      <trkpt lat="46.548388" lon="11.585771">
        <ele>1327.7</ele>
        <time>2024-07-18T16:54:01.180Z</time>
      </trkpt>
      <trkpt lat="46.548011" lon="11.585828">
        <ele>1323.4</ele>
        <time>2024-07-18T16:54:15.220Z</time>
      </trkpt>
      <trkpt lat="46.547843" lon="11.585795">
        <ele>1321.6</ele>
        <time>2024-07-18T16:54:21.620Z</time>
      </trkpt>
      <trkpt lat="46.547668" lon="11.58565">
        <ele>1319.8</ele>
        <time>2024-07-18T16:54:29.438Z</time>
      </trkpt>
      <trkpt lat="46.547265" lon="11.58512">
        <ele>1314.9</ele>
        <time>2024-07-18T16:54:50.845Z</time>
      </trkpt>
      <trkpt lat="46.547112" lon="11.585022">
        <ele>1313.2</ele>
        <time>2024-07-18T16:54:57.434Z</time>
      </trkpt>
      <trkpt lat="46.546733" lon="11.584962">
        <ele>1309.2</ele>
        <time>2024-07-18T16:55:11.975Z</time>
      </trkpt>
      <trkpt lat="46.54669" lon="11.58493">
        <ele>1308.8</ele>
        <time>2024-07-18T16:55:13.814Z</time>
      </trkpt>
      <trkpt lat="46.546633" lon="11.584845">
        <ele>1307.9</ele>
        <time>2024-07-18T16:55:16.921Z</time>
      </trkpt>
      <trkpt lat="46.546625" lon="11.584789">
        <ele>1307.5</ele>
        <time>2024-07-18T16:55:18.427Z</time>
      </trkpt>
      <trkpt lat="46.546648" lon="11.584683">
        <ele>1306.8</ele>
        <time>2024-07-18T16:55:21.354Z</time>
      </trkpt>
      <trkpt lat="46.546714" lon="11.584609">
        <ele>1305.9</ele>
        <time>2024-07-18T16:55:24.545Z</time>
      </trkpt>
      <trkpt lat="46.546889" lon="11.584638">
        <ele>1304.1</ele>
        <time>2024-07-18T16:55:31.292Z</time>
      </trkpt>
      <trkpt lat="46.547285" lon="11.584803">
        <ele>1299.7</ele>
        <time>2024-07-18T16:55:46.904Z</time>
      </trkpt>
      <trkpt lat="46.547554" lon="11.584838">
        <ele>1296.1</ele>
        <time>2024-07-18T16:55:56.734Z</time>
      </trkpt>
      <trkpt lat="46.547859" lon="11.584771">
        <ele>1290.9</ele>
        <time>2024-07-18T16:56:07.089Z</time>
      </trkpt>
      <trkpt lat="46.548158" lon="11.584562">
        <ele>1285.4</ele>
        <time>2024-07-18T16:56:17.987Z</time>
      </trkpt>
      <trkpt lat="46.548198" lon="11.584618">
        <ele>1284.6</ele>
        <time>2024-07-18T16:56:19.833Z</time>
      </trkpt>
      <trkpt lat="46.548253" lon="11.584624">
        <ele>1283.7</ele>
        <time>2024-07-18T16:56:21.684Z</time>
      </trkpt>
      <trkpt lat="46.548299" lon="11.584577">
        <ele>1282.9</ele>
        <time>2024-07-18T16:56:23.568Z</time>
      </trkpt>
      <trkpt lat="46.548305" lon="11.58446">
        <ele>1281.8</ele>
        <time>2024-07-18T16:56:26.326Z</time>
      </trkpt>
      <trkpt lat="46.548477" lon="11.584292">
        <ele>1278.9</ele>
        <time>2024-07-18T16:56:33.408Z</time>
      </trkpt>
      <trkpt lat="46.548804" lon="11.584001">
        <ele>1273.5</ele>
        <time>2024-07-18T16:56:46.543Z</time>
      </trkpt>
      <trkpt lat="46.549252" lon="11.583595">
        <ele>1266.1</ele>
        <time>2024-07-18T16:57:04.682Z</time>
      </trkpt>
      <trkpt lat="46.549397" lon="11.583369">
        <ele>1263.4</ele>
        <time>2024-07-18T16:57:12.050Z</time>
      </trkpt>
      <trkpt lat="46.55014" lon="11.581308">
        <ele>1246</ele>
        <time>2024-07-18T16:58:11.424Z</time>
      </trkpt>
      <trkpt lat="46.550268" lon="11.58105">
        <ele>1244</ele>
        <time>2024-07-18T16:58:19.648Z</time>
      </trkpt>
      <trkpt lat="46.550444" lon="11.58083">
        <ele>1242.1</ele>
        <time>2024-07-18T16:58:29.055Z</time>
      </trkpt>
      <trkpt lat="46.550581" lon="11.580716">
        <ele>1240.8</ele>
        <time>2024-07-18T16:58:35.535Z</time>
      </trkpt>
      <trkpt lat="46.55106" lon="11.580469">
        <ele>1236.8</ele>
        <time>2024-07-18T16:58:56.563Z</time>
      </trkpt>
      <trkpt lat="46.551365" lon="11.580241">
        <ele>1233.7</ele>
        <time>2024-07-18T16:59:10.571Z</time>
      </trkpt>
      <trkpt lat="46.551731" lon="11.579857">
        <ele>1229.2</ele>
        <time>2024-07-18T16:59:28.178Z</time>
      </trkpt>
      <trkpt lat="46.551832" lon="11.579586">
        <ele>1227</ele>
        <time>2024-07-18T16:59:36.260Z</time>
      </trkpt>
      <trkpt lat="46.55185" lon="11.57943">
        <ele>1225.8</ele>
        <time>2024-07-18T16:59:40.303Z</time>
      </trkpt>
      <trkpt lat="46.551843" lon="11.579078">
        <ele>1223</ele>
        <time>2024-07-18T16:59:49.309Z</time>
      </trkpt>
      <trkpt lat="46.551746" lon="11.578141">
        <ele>1214.8</ele>
        <time>2024-07-18T17:00:12.741Z</time>
      </trkpt>
      <trkpt lat="46.551662" lon="11.577866">
        <ele>1212.1</ele>
        <time>2024-07-18T17:00:20.080Z</time>
      </trkpt>
      <trkpt lat="46.551443" lon="11.577593">
        <ele>1208.9</ele>
        <time>2024-07-18T17:00:30.526Z</time>
      </trkpt>
      <trkpt lat="46.550989" lon="11.577299">
        <ele>1204.3</ele>
        <time>2024-07-18T17:00:49.670Z</time>
      </trkpt>
      <trkpt lat="46.550879" lon="11.5772">
        <ele>1203.2</ele>
        <time>2024-07-18T17:00:54.832Z</time>
      </trkpt>
      <trkpt lat="46.550772" lon="11.577015">
        <ele>1201.8</ele>
        <time>2024-07-18T17:01:01.831Z</time>
      </trkpt>
      <trkpt lat="46.550716" lon="11.576728">
        <ele>1200.5</ele>
        <time>2024-07-18T17:01:10.610Z</time>
      </trkpt>
      <trkpt lat="46.550744" lon="11.576511">
        <ele>1199.6</ele>
        <time>2024-07-18T17:01:17.306Z</time>
      </trkpt>
      <trkpt lat="46.55081" lon="11.576361">
        <ele>1199</ele>
        <time>2024-07-18T17:01:22.871Z</time>
      </trkpt>
      <trkpt lat="46.551244" lon="11.575738">
        <ele>1196.8</ele>
        <time>2024-07-18T17:01:52.813Z</time>
      </trkpt>
      <trkpt lat="46.551412" lon="11.575449">
        <ele>1196.3</ele>
        <time>2024-07-18T17:02:06.354Z</time>
      </trkpt>
      <trkpt lat="46.551491" lon="11.575228">
        <ele>1195.9</ele>
        <time>2024-07-18T17:02:15.573Z</time>
      </trkpt>
      <trkpt lat="46.55154" lon="11.574968">
        <ele>1195.4</ele>
        <time>2024-07-18T17:02:25.499Z</time>
      </trkpt>
      <trkpt lat="46.551559" lon="11.574707">
        <ele>1194.9</ele>
        <time>2024-07-18T17:02:35.059Z</time>
      </trkpt>
      <trkpt lat="46.551367" lon="11.572138">
        <ele>1187.3</ele>
        <time>2024-07-18T17:04:03.031Z</time>
      </trkpt>
      <trkpt lat="46.551341" lon="11.571615">
        <ele>1185</ele>
        <time>2024-07-18T17:04:20.364Z</time>
      </trkpt>
      <trkpt lat="46.551386" lon="11.570895">
        <ele>1181.4</ele>
        <time>2024-07-18T17:04:41.938Z</time>
      </trkpt>
      <trkpt lat="46.551413" lon="11.570541">
        <ele>1179.4</ele>
        <time>2024-07-18T17:04:52.269Z</time>
      </trkpt>
      <trkpt lat="46.55144" lon="11.569975">
        <ele>1175.8</ele>
        <time>2024-07-18T17:05:07.916Z</time>
      </trkpt>
      <trkpt lat="46.551374" lon="11.569399">
        <ele>1172.1</ele>
        <time>2024-07-18T17:05:23.780Z</time>
      </trkpt>
      <trkpt lat="46.551293" lon="11.5691">
        <ele>1170.1</ele>
        <time>2024-07-18T17:05:32.531Z</time>
      </trkpt>
      <trkpt lat="46.551136" lon="11.568713">
        <ele>1167.3</ele>
        <time>2024-07-18T17:05:44.811Z</time>
      </trkpt>
      <trkpt lat="46.550676" lon="11.567956">
        <ele>1161.3</ele>
        <time>2024-07-18T17:06:12.723Z</time>
      </trkpt>
      <trkpt lat="46.550622" lon="11.56777">
        <ele>1160.2</ele>
        <time>2024-07-18T17:06:18.411Z</time>
      </trkpt>
      <trkpt lat="46.550592" lon="11.567524">
        <ele>1159</ele>
        <time>2024-07-18T17:06:25.843Z</time>
      </trkpt>
      <trkpt lat="46.550616" lon="11.567225">
        <ele>1157.7</ele>
        <time>2024-07-18T17:06:34.938Z</time>
      </trkpt>
      <trkpt lat="46.550704" lon="11.566947">
        <ele>1156.5</ele>
        <time>2024-07-18T17:06:44.404Z</time>
      </trkpt>
      <trkpt lat="46.550767" lon="11.566828">
        <ele>1156</ele>
        <time>2024-07-18T17:06:49.115Z</time>
      </trkpt>
      <trkpt lat="46.551055" lon="11.566434">
        <ele>1154</ele>
        <time>2024-07-18T17:07:07.605Z</time>
      </trkpt>
      <trkpt lat="46.551155" lon="11.566179">
        <ele>1153</ele>
        <time>2024-07-18T17:07:17.042Z</time>
      </trkpt>
      <trkpt lat="46.551193" lon="11.565988">
        <ele>1152.2</ele>
        <time>2024-07-18T17:07:23.380Z</time>
      </trkpt>
      <trkpt lat="46.551202" lon="11.565944">
        <ele>1152</ele>
        <time>2024-07-18T17:07:24.802Z</time>
      </trkpt>
      <trkpt lat="46.551249" lon="11.565498">
        <ele>1149.9</ele>
        <time>2024-07-18T17:07:38.783Z</time>
      </trkpt>
      <trkpt lat="46.551034" lon="11.56565">
        <ele>1147.9</ele>
        <time>2024-07-18T17:07:48.928Z</time>
      </trkpt>
      <trkpt lat="46.550812" lon="11.565951">
        <ele>1144.9</ele>
        <time>2024-07-18T17:08:00.919Z</time>
      </trkpt>
      <trkpt lat="46.550659" lon="11.566047">
        <ele>1143.1</ele>
        <time>2024-07-18T17:08:07.278Z</time>
      </trkpt>
      <trkpt lat="46.550372" lon="11.566044">
        <ele>1139.8</ele>
        <time>2024-07-18T17:08:17.876Z</time>
      </trkpt>
      <trkpt lat="46.550015" lon="11.566095">
        <ele>1135.6</ele>
        <time>2024-07-18T17:08:30.977Z</time>
      </trkpt>
      <trkpt lat="46.549871" lon="11.566145">
        <ele>1134</ele>
        <time>2024-07-18T17:08:36.416Z</time>
      </trkpt>
      <trkpt lat="46.549746" lon="11.566243">
        <ele>1132.4</ele>
        <time>2024-07-18T17:08:41.748Z</time>
      </trkpt>
      <trkpt lat="46.549576" lon="11.566548">
        <ele>1129.6</ele>
        <time>2024-07-18T17:08:51.881Z</time>
      </trkpt>
      <trkpt lat="46.549462" lon="11.566828">
        <ele>1127.4</ele>
        <time>2024-07-18T17:09:00.416Z</time>
      </trkpt>
      <trkpt lat="46.54944" lon="11.566967">
        <ele>1126.5</ele>
        <time>2024-07-18T17:09:04.314Z</time>
      </trkpt>
      <trkpt lat="46.549457" lon="11.567412">
        <ele>1123.9</ele>
        <time>2024-07-18T17:09:16.489Z</time>
      </trkpt>
      <trkpt lat="46.549546" lon="11.568053">
        <ele>1120.6</ele>
        <time>2024-07-18T17:09:35.140Z</time>
      </trkpt>
      <trkpt lat="46.549537" lon="11.56815">
        <ele>1120.1</ele>
        <time>2024-07-18T17:09:38.002Z</time>
      </trkpt>
      <trkpt lat="46.549269" lon="11.568965">
        <ele>1115.6</ele>
        <time>2024-07-18T17:10:04.523Z</time>
      </trkpt>
      <trkpt lat="46.549226" lon="11.569556">
        <ele>1112.8</ele>
        <time>2024-07-18T17:10:22.099Z</time>
      </trkpt>
      <trkpt lat="46.54918" lon="11.569772">
        <ele>1111.8</ele>
        <time>2024-07-18T17:10:28.981Z</time>
      </trkpt>
      <trkpt lat="46.549152" lon="11.56986">
        <ele>1111.4</ele>
        <time>2024-07-18T17:10:32.010Z</time>
      </trkpt>
      <trkpt lat="46.549003" lon="11.57004">
        <ele>1110.3</ele>
        <time>2024-07-18T17:10:40.811Z</time>
      </trkpt>
      <trkpt lat="46.548936" lon="11.570233">
        <ele>1109.5</ele>
        <time>2024-07-18T17:10:47.667Z</time>
      </trkpt>
      <trkpt lat="46.548878" lon="11.570478">
        <ele>1108.7</ele>
        <time>2024-07-18T17:10:55.975Z</time>
      </trkpt>
      <trkpt lat="46.548558" lon="11.57114">
        <ele>1106.6</ele>
        <time>2024-07-18T17:11:23.293Z</time>
      </trkpt>
      <trkpt lat="46.548239" lon="11.571556">
        <ele>1105.4</ele>
        <time>2024-07-18T17:11:45.190Z</time>
      </trkpt>
      <trkpt lat="46.547835" lon="11.572057">
        <ele>1103.7</ele>
        <time>2024-07-18T17:12:12.757Z</time>
      </trkpt>
      <trkpt lat="46.547706" lon="11.572274">
        <ele>1102.7</ele>
        <time>2024-07-18T17:12:22.549Z</time>
      </trkpt>
      <trkpt lat="46.547621" lon="11.572368">
        <ele>1102.1</ele>
        <time>2024-07-18T17:12:27.570Z</time>
      </trkpt>
      <trkpt lat="46.547442" lon="11.572442">
        <ele>1101.2</ele>
        <time>2024-07-18T17:12:36.232Z</time>
      </trkpt>
      <trkpt lat="46.547289" lon="11.572598">
        <ele>1100.1</ele>
        <time>2024-07-18T17:12:44.888Z</time>
      </trkpt>
      <trkpt lat="46.547022" lon="11.572539">
        <ele>1098.7</ele>
        <time>2024-07-18T17:12:57.475Z</time>
      </trkpt>
      <trkpt lat="46.546739" lon="11.572653">
        <ele>1097.1</ele>
        <time>2024-07-18T17:13:11.141Z</time>
      </trkpt>
      <trkpt lat="46.546245" lon="11.57285">
        <ele>1093.6</ele>
        <time>2024-07-18T17:13:33.911Z</time>
      </trkpt>
      <trkpt lat="46.545823" lon="11.572978">
        <ele>1090</ele>
        <time>2024-07-18T17:13:52.110Z</time>
      </trkpt>
      <trkpt lat="46.545764" lon="11.572799">
        <ele>1088.8</ele>
        <time>2024-07-18T17:13:57.639Z</time>
      </trkpt>
      <trkpt lat="46.545639" lon="11.57261">
        <ele>1087.2</ele>
        <time>2024-07-18T17:14:04.733Z</time>
      </trkpt>
      <trkpt lat="46.545542" lon="11.572325">
        <ele>1085</ele>
        <time>2024-07-18T17:14:13.334Z</time>
      </trkpt>
      <trkpt lat="46.545435" lon="11.571958">
        <ele>1081.8</ele>
        <time>2024-07-18T17:14:23.732Z</time>
      </trkpt>
      <trkpt lat="46.545397" lon="11.57162">
        <ele>1078.9</ele>
        <time>2024-07-18T17:14:32.195Z</time>
      </trkpt>
      <trkpt lat="46.545349" lon="11.571407">
        <ele>1076.9</ele>
        <time>2024-07-18T17:14:37.678Z</time>
      </trkpt>
      <trkpt lat="46.545127" lon="11.57108">
        <ele>1072.9</ele>
        <time>2024-07-18T17:14:48.909Z</time>
      </trkpt>
      <trkpt lat="46.545093" lon="11.570976">
        <ele>1071.9</ele>
        <time>2024-07-18T17:14:51.722Z</time>
      </trkpt>
      <trkpt lat="46.545089" lon="11.570814">
        <ele>1070.5</ele>
        <time>2024-07-18T17:14:55.679Z</time>
      </trkpt>
      <trkpt lat="46.545178" lon="11.570448">
        <ele>1067.1</ele>
        <time>2024-07-18T17:15:05.153Z</time>
      </trkpt>
      <trkpt lat="46.545259" lon="11.570067">
        <ele>1063.6</ele>
        <time>2024-07-18T17:15:14.875Z</time>
      </trkpt>
      <trkpt lat="46.545413" lon="11.569449">
        <ele>1058.8</ele>
        <time>2024-07-18T17:15:31.476Z</time>
      </trkpt>
      <trkpt lat="46.545538" lon="11.569185">
        <ele>1056.7</ele>
        <time>2024-07-18T17:15:39.999Z</time>
      </trkpt>
      <trkpt lat="46.54568" lon="11.568996">
        <ele>1055.1</ele>
        <time>2024-07-18T17:15:47.809Z</time>
      </trkpt>
      <trkpt lat="46.545786" lon="11.568795">
        <ele>1053.8</ele>
        <time>2024-07-18T17:15:55.014Z</time>
      </trkpt>
      <trkpt lat="46.545793" lon="11.568572">
        <ele>1052.8</ele>
        <time>2024-07-18T17:16:01.556Z</time>
      </trkpt>
      <trkpt lat="46.545848" lon="11.568512">
        <ele>1052.3</ele>
        <time>2024-07-18T17:16:04.537Z</time>
      </trkpt>
      <trkpt lat="46.54589" lon="11.568386">
        <ele>1051.7</ele>
        <time>2024-07-18T17:16:08.712Z</time>
      </trkpt>
      <trkpt lat="46.545995" lon="11.567887">
        <ele>1049.6</ele>
        <time>2024-07-18T17:16:24.759Z</time>
      </trkpt>
      <trkpt lat="46.546336" lon="11.567443">
        <ele>1047.5</ele>
        <time>2024-07-18T17:16:46.238Z</time>
      </trkpt>
      <trkpt lat="46.546429" lon="11.567219">
        <ele>1046.9</ele>
        <time>2024-07-18T17:16:55.134Z</time>
      </trkpt>
      <trkpt lat="46.546509" lon="11.567027">
        <ele>1046.4</ele>
        <time>2024-07-18T17:17:03.046Z</time>
      </trkpt>
      <trkpt lat="46.546618" lon="11.566538">
        <ele>1045.8</ele>
        <time>2024-07-18T17:17:21.895Z</time>
      </trkpt>
      <trkpt lat="46.546771" lon="11.566136">
        <ele>1045.2</ele>
        <time>2024-07-18T17:17:39.298Z</time>
      </trkpt>
      <trkpt lat="46.54691" lon="11.565889">
        <ele>1044.5</ele>
        <time>2024-07-18T17:17:50.841Z</time>
      </trkpt>
      <trkpt lat="46.547021" lon="11.565766">
        <ele>1044</ele>
        <time>2024-07-18T17:17:57.967Z</time>
      </trkpt>
      <trkpt lat="46.547019" lon="11.56564">
        <ele>1043.7</ele>
        <time>2024-07-18T17:18:02.394Z</time>
      </trkpt>
      <trkpt lat="46.546926" lon="11.56505">
        <ele>1041.6</ele>
        <time>2024-07-18T17:18:22.841Z</time>
      </trkpt>
      <trkpt lat="46.546803" lon="11.564465">
        <ele>1038.6</ele>
        <time>2024-07-18T17:18:41.741Z</time>
      </trkpt>
      <trkpt lat="46.546442" lon="11.563653">
        <ele>1031.1</ele>
        <time>2024-07-18T17:19:07.587Z</time>
      </trkpt>
      <trkpt lat="46.546263" lon="11.563043">
        <ele>1025.1</ele>
        <time>2024-07-18T17:19:24.048Z</time>
      </trkpt>
      <trkpt lat="46.546012" lon="11.562945">
        <ele>1021.8</ele>
        <time>2024-07-18T17:19:33.243Z</time>
      </trkpt>
      <trkpt lat="46.545911" lon="11.56278">
        <ele>1020</ele>
        <time>2024-07-18T17:19:38.716Z</time>
      </trkpt>
      <trkpt lat="46.545825" lon="11.562801">
        <ele>1019</ele>
        <time>2024-07-18T17:19:41.869Z</time>
      </trkpt>
      <trkpt lat="46.545791" lon="11.562595">
        <ele>1017.3</ele>
        <time>2024-07-18T17:19:47.187Z</time>
      </trkpt>
      <trkpt lat="46.545711" lon="11.562399">
        <ele>1015.5</ele>
        <time>2024-07-18T17:19:52.947Z</time>
      </trkpt>
      <trkpt lat="46.545584" lon="11.562238">
        <ele>1013.7</ele>
        <time>2024-07-18T17:19:59.159Z</time>
      </trkpt>
      <trkpt lat="46.545269" lon="11.562007">
        <ele>1010.5</ele>
        <time>2024-07-18T17:20:12.705Z</time>
      </trkpt>
      <trkpt lat="46.545167" lon="11.562167">
        <ele>1009.5</ele>
        <time>2024-07-18T17:20:19.049Z</time>
      </trkpt>
      <trkpt lat="46.545091" lon="11.562237">
        <ele>1008.9</ele>
        <time>2024-07-18T17:20:23.094Z</time>
      </trkpt>
      <trkpt lat="46.545044" lon="11.562266">
        <ele>1008.6</ele>
        <time>2024-07-18T17:20:25.389Z</time>
      </trkpt>
      <trkpt lat="46.544991" lon="11.562287">
        <ele>1008.3</ele>
        <time>2024-07-18T17:20:27.860Z</time>
      </trkpt>
      <trkpt lat="46.544942" lon="11.562295">
        <ele>1008.1</ele>
        <time>2024-07-18T17:20:30.076Z</time>
      </trkpt>
      <trkpt lat="46.544487" lon="11.562198">
        <ele>1005.8</ele>
        <time>2024-07-18T17:20:51.304Z</time>
      </trkpt>
      <trkpt lat="46.544478" lon="11.5621">
        <ele>1005.4</ele>
        <time>2024-07-18T17:20:54.510Z</time>
      </trkpt>
      <trkpt lat="46.544427" lon="11.562034">
        <ele>1005.1</ele>
        <time>2024-07-18T17:20:57.758Z</time>
      </trkpt>
      <trkpt lat="46.54445" lon="11.561514">
        <ele>1003.4</ele>
        <time>2024-07-18T17:21:14.806Z</time>
      </trkpt>
      <trkpt lat="46.544445" lon="11.560809">
        <ele>1000.2</ele>
        <time>2024-07-18T17:21:36.976Z</time>
      </trkpt>
      <trkpt lat="46.544464" lon="11.560452">
        <ele>998</ele>
        <time>2024-07-18T17:21:47.435Z</time>
      </trkpt>
      <trkpt lat="46.544224" lon="11.560418">
        <ele>995.7</ele>
        <time>2024-07-18T17:21:56.868Z</time>
      </trkpt>
      <trkpt lat="46.54417" lon="11.560451">
        <ele>995.1</ele>
        <time>2024-07-18T17:21:59.128Z</time>
      </trkpt>
      <trkpt lat="46.544092" lon="11.560397">
        <ele>994.2</ele>
        <time>2024-07-18T17:22:02.468Z</time>
      </trkpt>
      <trkpt lat="46.543901" lon="11.560403">
        <ele>992.3</ele>
        <time>2024-07-18T17:22:09.854Z</time>
      </trkpt>
      <trkpt lat="46.543788" lon="11.56037">
        <ele>991.2</ele>
        <time>2024-07-18T17:22:14.282Z</time>
      </trkpt>
      <trkpt lat="46.543631" lon="11.560283">
        <ele>989.5</ele>
        <time>2024-07-18T17:22:20.741Z</time>
      </trkpt>
      <trkpt lat="46.543751" lon="11.559762">
        <ele>985.5</ele>
        <time>2024-07-18T17:22:35.125Z</time>
      </trkpt>
      <trkpt lat="46.543765" lon="11.55957">
        <ele>983.9</ele>
        <time>2024-07-18T17:22:40.018Z</time>
      </trkpt>
      <trkpt lat="46.543845" lon="11.559337">
        <ele>981.7</ele>
        <time>2024-07-18T17:22:46.456Z</time>
      </trkpt>
      <trkpt lat="46.543457" lon="11.559529">
        <ele>977.6</ele>
        <time>2024-07-18T17:23:01.729Z</time>
      </trkpt>
      <trkpt lat="46.543295" lon="11.559678">
        <ele>975.7</ele>
        <time>2024-07-18T17:23:09.206Z</time>
      </trkpt>
      <trkpt lat="46.543124" lon="11.559864">
        <ele>973.9</ele>
        <time>2024-07-18T17:23:17.661Z</time>
      </trkpt>
      <trkpt lat="46.543023" lon="11.559919">
        <ele>972.9</ele>
        <time>2024-07-18T17:23:21.966Z</time>
      </trkpt>
      <trkpt lat="46.54275" lon="11.560023">
        <ele>970.5</ele>
        <time>2024-07-18T17:23:33.450Z</time>
      </trkpt>
      <trkpt lat="46.542631" lon="11.560034">
        <ele>969.6</ele>
        <time>2024-07-18T17:23:38.413Z</time>
      </trkpt>
      <trkpt lat="46.542553" lon="11.560028">
        <ele>969.1</ele>
        <time>2024-07-18T17:23:41.693Z</time>
      </trkpt>
      <trkpt lat="46.542367" lon="11.559841">
        <ele>967.5</ele>
        <time>2024-07-18T17:23:51.546Z</time>
      </trkpt>
      <trkpt lat="46.542223" lon="11.559773">
        <ele>966.6</ele>
        <time>2024-07-18T17:23:58.142Z</time>
      </trkpt>
      <trkpt lat="46.541878" lon="11.559829">
        <ele>965.1</ele>
        <time>2024-07-18T17:24:14.148Z</time>
      </trkpt>
      <trkpt lat="46.54172" lon="11.559898">
        <ele>964.5</ele>
        <time>2024-07-18T17:24:22.282Z</time>
      </trkpt>
      <trkpt lat="46.541332" lon="11.559955">
        <ele>963.6</ele>
        <time>2024-07-18T17:24:42.842Z</time>
      </trkpt>
      <trkpt lat="46.541208" lon="11.559883">
        <ele>963.6</ele>
        <time>2024-07-18T17:24:50.286Z</time>
      </trkpt>
      <trkpt lat="46.541164" lon="11.559816">
        <ele>963.6</ele>
        <time>2024-07-18T17:24:54.294Z</time>
      </trkpt>
      <trkpt lat="46.541094" lon="11.559343">
        <ele>964.2</ele>
        <time>2024-07-18T17:25:15.224Z</time>
      </trkpt>
      <trkpt lat="46.541001" lon="11.559148">
        <ele>964.6</ele>
        <time>2024-07-18T17:25:26.037Z</time>
      </trkpt>
      <trkpt lat="46.540943" lon="11.55909">
        <ele>964.9</ele>
        <time>2024-07-18T17:25:30.861Z</time>
      </trkpt>
      <trkpt lat="46.540791" lon="11.55903">
        <ele>965.5</ele>
        <time>2024-07-18T17:25:41.658Z</time>
      </trkpt>
      <trkpt lat="46.540298" lon="11.558511">
        <ele>967</ele>
        <time>2024-07-18T17:26:22.586Z</time>
      </trkpt>
      <trkpt lat="46.540236" lon="11.558363">
        <ele>967.2</ele>
        <time>2024-07-18T17:26:30.472Z</time>
      </trkpt>
      <trkpt lat="46.540208" lon="11.558193">
        <ele>967.5</ele>
        <time>2024-07-18T17:26:38.272Z</time>
      </trkpt>
      <trkpt lat="46.54013" lon="11.558195">
        <ele>967.7</ele>
        <time>2024-07-18T17:26:43.289Z</time>
      </trkpt>
      <trkpt lat="46.539999" lon="11.558058">
        <ele>967.9</ele>
        <time>2024-07-18T17:26:53.667Z</time>
      </trkpt>
      <trkpt lat="46.539932" lon="11.557912">
        <ele>968</ele>
        <time>2024-07-18T17:27:01.430Z</time>
      </trkpt>
      <trkpt lat="46.539838" lon="11.557297">
        <ele>968.1</ele>
        <time>2024-07-18T17:27:28.250Z</time>
      </trkpt>
      <trkpt lat="46.539772" lon="11.557214">
        <ele>968</ele>
        <time>2024-07-18T17:27:33.345Z</time>
      </trkpt>
      <trkpt lat="46.539677" lon="11.5572">
        <ele>967.9</ele>
        <time>2024-07-18T17:27:38.588Z</time>
      </trkpt>
      <trkpt lat="46.539561" lon="11.557165">
        <ele>967.6</ele>
        <time>2024-07-18T17:27:45.094Z</time>
      </trkpt>
      <trkpt lat="46.539598" lon="11.556903">
        <ele>967.2</ele>
        <time>2024-07-18T17:27:55.196Z</time>
      </trkpt>
      <trkpt lat="46.539561" lon="11.556002">
        <ele>964.8</ele>
        <time>2024-07-18T17:28:27.244Z</time>
      </trkpt>
      <trkpt lat="46.539814" lon="11.554798">
        <ele>959.8</ele>
        <time>2024-07-18T17:29:08.196Z</time>
      </trkpt>
      <trkpt lat="46.539842" lon="11.554383">
        <ele>957.5</ele>
        <time>2024-07-18T17:29:20.827Z</time>
      </trkpt>
      <trkpt lat="46.539811" lon="11.554152">
        <ele>956.2</ele>
        <time>2024-07-18T17:29:27.524Z</time>
      </trkpt>
      <trkpt lat="46.539584" lon="11.553332">
        <ele>952.2</ele>
        <time>2024-07-18T17:29:53.554Z</time>
      </trkpt>
      <trkpt lat="46.539478" lon="11.552865">
        <ele>951</ele>
        <time>2024-07-18T17:30:09.169Z</time>
      </trkpt>
      <trkpt lat="46.539374" lon="11.552625">
        <ele>950.6</ele>
        <time>2024-07-18T17:30:19.308Z</time>
      </trkpt>
      <trkpt lat="46.539156" lon="11.55223">
        <ele>950.8</ele>
        <time>2024-07-18T17:30:39.814Z</time>
      </trkpt>
      <trkpt lat="46.538876" lon="11.551807">
        <ele>951.4</ele>
        <time>2024-07-18T17:31:05.138Z</time>
      </trkpt>
      <trkpt lat="46.538569" lon="11.551475">
        <ele>951.9</ele>
        <time>2024-07-18T17:31:29.472Z</time>
      </trkpt>
      <trkpt lat="46.538361" lon="11.551201">
        <ele>952.1</ele>
        <time>2024-07-18T17:31:47.042Z</time>
      </trkpt>
      <trkpt lat="46.538308" lon="11.551043">
        <ele>952.2</ele>
        <time>2024-07-18T17:31:54.535Z</time>
      </trkpt>
      <trkpt lat="46.538286" lon="11.550889">
        <ele>952.3</ele>
        <time>2024-07-18T17:32:01.164Z</time>
      </trkpt>
      <trkpt lat="46.538314" lon="11.550535">
        <ele>952.3</ele>
        <time>2024-07-18T17:32:16.114Z</time>
      </trkpt>
      <trkpt lat="46.538271" lon="11.550047">
        <ele>951.9</ele>
        <time>2024-07-18T17:32:35.977Z</time>
      </trkpt>
      <trkpt lat="46.538128" lon="11.549772">
        <ele>951.4</ele>
        <time>2024-07-18T17:32:49.038Z</time>
      </trkpt>
      <trkpt lat="46.538094" lon="11.549642">
        <ele>951.1</ele>
        <time>2024-07-18T17:32:54.156Z</time>
      </trkpt>
      <trkpt lat="46.537768" lon="11.549122">
        <ele>949.6</ele>
        <time>2024-07-18T17:33:19.533Z</time>
      </trkpt>
      <trkpt lat="46.537501" lon="11.548489">
        <ele>948.8</ele>
        <time>2024-07-18T17:33:46.974Z</time>
      </trkpt>
      <trkpt lat="46.537229" lon="11.548012">
        <ele>947.8</ele>
        <time>2024-07-18T17:34:10.303Z</time>
      </trkpt>
      <trkpt lat="46.53708" lon="11.547859">
        <ele>947.2</ele>
        <time>2024-07-18T17:34:19.955Z</time>
      </trkpt>
      <trkpt lat="46.536402" lon="11.547454">
        <ele>944.7</ele>
        <time>2024-07-18T17:34:57.349Z</time>
      </trkpt>
      <trkpt lat="46.536151" lon="11.547251">
        <ele>944.5</ele>
        <time>2024-07-18T17:35:12.533Z</time>
      </trkpt>
      <trkpt lat="46.535902" lon="11.546901">
        <ele>944.8</ele>
        <time>2024-07-18T17:35:33.412Z</time>
      </trkpt>
      <trkpt lat="46.535774" lon="11.546795">
        <ele>945</ele>
        <time>2024-07-18T17:35:42.582Z</time>
      </trkpt>
      <trkpt lat="46.535487" lon="11.546754">
        <ele>945.2</ele>
        <time>2024-07-18T17:36:00.543Z</time>
      </trkpt>
      <trkpt lat="46.535379" lon="11.546682">
        <ele>945.3</ele>
        <time>2024-07-18T17:36:07.923Z</time>
      </trkpt>
      <trkpt lat="46.535216" lon="11.546359">
        <ele>945.5</ele>
        <time>2024-07-18T17:36:24.890Z</time>
      </trkpt>
      <trkpt lat="46.535188" lon="11.546215">
        <ele>945.5</ele>
        <time>2024-07-18T17:36:31.154Z</time>
      </trkpt>
      <trkpt lat="46.535207" lon="11.545766">
        <ele>945.5</ele>
        <time>2024-07-18T17:36:49.919Z</time>
      </trkpt>
      <trkpt lat="46.535168" lon="11.54554">
        <ele>945.5</ele>
        <time>2024-07-18T17:36:59.512Z</time>
      </trkpt>
      <trkpt lat="46.53456" lon="11.544036">
        <ele>941.4</ele>
        <time>2024-07-18T17:38:01.840Z</time>
      </trkpt>
      <trkpt lat="46.534554" lon="11.543879">
        <ele>940.9</ele>
        <time>2024-07-18T17:38:07.266Z</time>
      </trkpt>
      <trkpt lat="46.534686" lon="11.543651">
        <ele>940</ele>
        <time>2024-07-18T17:38:17.112Z</time>
      </trkpt>
      <trkpt lat="46.534729" lon="11.543492">
        <ele>939.4</ele>
        <time>2024-07-18T17:38:22.758Z</time>
      </trkpt>
      <trkpt lat="46.534746" lon="11.542696">
        <ele>936.2</ele>
        <time>2024-07-18T17:38:48.262Z</time>
      </trkpt>
      <trkpt lat="46.534705" lon="11.542307">
        <ele>934.6</ele>
        <time>2024-07-18T17:39:00.574Z</time>
      </trkpt>
      <trkpt lat="46.534697" lon="11.542124">
        <ele>933.9</ele>
        <time>2024-07-18T17:39:06.317Z</time>
      </trkpt>
      <trkpt lat="46.534548" lon="11.541287">
        <ele>930.4</ele>
        <time>2024-07-18T17:39:33.332Z</time>
      </trkpt>
      <trkpt lat="46.534494" lon="11.541159">
        <ele>929.8</ele>
        <time>2024-07-18T17:39:37.960Z</time>
      </trkpt>
      <trkpt lat="46.534297" lon="11.540779">
        <ele>927.6</ele>
        <time>2024-07-18T17:39:52.398Z</time>
      </trkpt>
      <trkpt lat="46.534222" lon="11.540153">
        <ele>924.5</ele>
        <time>2024-07-18T17:40:11.432Z</time>
      </trkpt>
      <trkpt lat="46.534151" lon="11.539869">
        <ele>923.2</ele>
        <time>2024-07-18T17:40:20.586Z</time>
      </trkpt>
      <trkpt lat="46.534062" lon="11.53964">
        <ele>922.2</ele>
        <time>2024-07-18T17:40:28.780Z</time>
      </trkpt>
      <trkpt lat="46.533966" lon="11.539197">
        <ele>920.5</ele>
        <time>2024-07-18T17:40:43.428Z</time>
      </trkpt>
      <trkpt lat="46.533806" lon="11.538899">
        <ele>919.2</ele>
        <time>2024-07-18T17:40:55.842Z</time>
      </trkpt>
      <trkpt lat="46.533678" lon="11.538727">
        <ele>918.6</ele>
        <time>2024-07-18T17:41:04.358Z</time>
      </trkpt>
      <trkpt lat="46.533518" lon="11.538635">
        <ele>917.9</ele>
        <time>2024-07-18T17:41:12.764Z</time>
      </trkpt>
      <trkpt lat="46.532906" lon="11.538532">
        <ele>916.1</ele>
        <time>2024-07-18T17:41:44.444Z</time>
      </trkpt>
      <trkpt lat="46.532724" lon="11.538392">
        <ele>916.3</ele>
        <time>2024-07-18T17:41:56.148Z</time>
      </trkpt>
      <trkpt lat="46.532628" lon="11.538217">
        <ele>916.8</ele>
        <time>2024-07-18T17:42:06.162Z</time>
      </trkpt>
      <trkpt lat="46.532563" lon="11.537713">
        <ele>918.2</ele>
        <time>2024-07-18T17:42:30.010Z</time>
      </trkpt>
      <trkpt lat="46.532429" lon="11.537511">
        <ele>918.7</ele>
        <time>2024-07-18T17:42:43.250Z</time>
      </trkpt>
      <trkpt lat="46.532288" lon="11.537364">
        <ele>919.2</ele>
        <time>2024-07-18T17:42:54.925Z</time>
      </trkpt>
      <trkpt lat="46.532197" lon="11.537328">
        <ele>919.5</ele>
        <time>2024-07-18T17:43:01.222Z</time>
      </trkpt>
      <trkpt lat="46.531911" lon="11.537303">
        <ele>920.1</ele>
        <time>2024-07-18T17:43:20.360Z</time>
      </trkpt>
      <trkpt lat="46.531865" lon="11.53726">
        <ele>920.3</ele>
        <time>2024-07-18T17:43:24.021Z</time>
      </trkpt>
      <trkpt lat="46.531861" lon="11.53706">
        <ele>920.7</ele>
        <time>2024-07-18T17:43:33.254Z</time>
      </trkpt>
      <trkpt lat="46.532043" lon="11.536905">
        <ele>921.3</ele>
        <time>2024-07-18T17:43:47.566Z</time>
      </trkpt>
      <trkpt lat="46.532056" lon="11.536825">
        <ele>921.5</ele>
        <time>2024-07-18T17:43:51.391Z</time>
      </trkpt>
      <trkpt lat="46.531915" lon="11.536525">
        <ele>922.2</ele>
        <time>2024-07-18T17:44:08.260Z</time>
      </trkpt>
      <trkpt lat="46.531602" lon="11.535976">
        <ele>922.2</ele>
        <time>2024-07-18T17:44:39.108Z</time>
      </trkpt>
      <trkpt lat="46.531562" lon="11.535771">
        <ele>921.8</ele>
        <time>2024-07-18T17:44:47.635Z</time>
      </trkpt>
      <trkpt lat="46.531634" lon="11.535009">
        <ele>921.3</ele>
        <time>2024-07-18T17:45:17.421Z</time>
      </trkpt>
      <trkpt lat="46.531607" lon="11.534453">
        <ele>921</ele>
        <time>2024-07-18T17:45:39.470Z</time>
      </trkpt>
      <trkpt lat="46.531694" lon="11.534086">
        <ele>920.9</ele>
        <time>2024-07-18T17:45:55.014Z</time>
      </trkpt>
      <trkpt lat="46.53185" lon="11.533703">
        <ele>920.8</ele>
        <time>2024-07-18T17:46:12.935Z</time>
      </trkpt>
      <trkpt lat="46.531868" lon="11.533661">
        <ele>920.7</ele>
        <time>2024-07-18T17:46:14.984Z</time>
      </trkpt>
      <trkpt lat="46.531906" lon="11.533121">
        <ele>921</ele>
        <time>2024-07-18T17:46:37.479Z</time>
      </trkpt>
      <trkpt lat="46.53195" lon="11.532882">
        <ele>921.2</ele>
        <time>2024-07-18T17:46:47.982Z</time>
      </trkpt>
      <trkpt lat="46.532157" lon="11.532402">
        <ele>921.6</ele>
        <time>2024-07-18T17:47:12.431Z</time>
      </trkpt>
      <trkpt lat="46.532206" lon="11.532219">
        <ele>921.6</ele>
        <time>2024-07-18T17:47:20.795Z</time>
      </trkpt>
      <trkpt lat="46.53233" lon="11.531673">
        <ele>921.9</ele>
        <time>2024-07-18T17:47:45.071Z</time>
      </trkpt>
      <trkpt lat="46.532453" lon="11.531393">
        <ele>922</ele>
        <time>2024-07-18T17:47:59.146Z</time>
      </trkpt>
      <trkpt lat="46.532952" lon="11.530957">
        <ele>921.6</ele>
        <time>2024-07-18T17:48:33.416Z</time>
      </trkpt>
      <trkpt lat="46.533156" lon="11.530776">
        <ele>921.2</ele>
        <time>2024-07-18T17:48:46.924Z</time>
      </trkpt>
      <trkpt lat="46.53329" lon="11.530705">
        <ele>920.8</ele>
        <time>2024-07-18T17:48:54.664Z</time>
      </trkpt>
      <trkpt lat="46.534152" lon="11.53076">
        <ele>920.1</ele>
        <time>2024-07-18T17:49:43.524Z</time>
      </trkpt>
      <trkpt lat="46.534353" lon="11.530709">
        <ele>920.1</ele>
        <time>2024-07-18T17:49:55.376Z</time>
      </trkpt>
      <trkpt lat="46.53449" lon="11.530631">
        <ele>920</ele>
        <time>2024-07-18T17:50:03.915Z</time>
      </trkpt>
      <trkpt lat="46.534669" lon="11.530398">
        <ele>919.7</ele>
        <time>2024-07-18T17:50:17.837Z</time>
      </trkpt>
      <trkpt lat="46.534739" lon="11.530271">
        <ele>919.6</ele>
        <time>2024-07-18T17:50:24.203Z</time>
      </trkpt>
      <trkpt lat="46.534817" lon="11.529976">
        <ele>919.3</ele>
        <time>2024-07-18T17:50:36.748Z</time>
      </trkpt>
      <trkpt lat="46.53483" lon="11.529717">
        <ele>919.4</ele>
        <time>2024-07-18T17:50:47.240Z</time>
      </trkpt>
      <trkpt lat="46.534792" lon="11.529417">
        <ele>919.4</ele>
        <time>2024-07-18T17:50:59.613Z</time>
      </trkpt>
      <trkpt lat="46.534587" lon="11.528707">
        <ele>918.1</ele>
        <time>2024-07-18T17:51:29.464Z</time>
      </trkpt>
      <trkpt lat="46.534452" lon="11.528253">
        <ele>916.3</ele>
        <time>2024-07-18T17:51:46.675Z</time>
      </trkpt>
      <trkpt lat="46.534407" lon="11.527644">
        <ele>913.6</ele>
        <time>2024-07-18T17:52:05.762Z</time>
      </trkpt>
      <trkpt lat="46.534446" lon="11.52711">
        <ele>911.6</ele>
        <time>2024-07-18T17:52:22.470Z</time>
      </trkpt>
      <trkpt lat="46.534572" lon="11.526936">
        <ele>910.8</ele>
        <time>2024-07-18T17:52:30.656Z</time>
      </trkpt>
      <trkpt lat="46.534675" lon="11.526884">
        <ele>910.3</ele>
        <time>2024-07-18T17:52:35.904Z</time>
      </trkpt>
      <trkpt lat="46.53513" lon="11.526496">
        <ele>908.5</ele>
        <time>2024-07-18T17:53:02.252Z</time>
      </trkpt>
      <trkpt lat="46.535432" lon="11.5258">
        <ele>908</ele>
        <time>2024-07-18T17:53:32.970Z</time>
      </trkpt>
      <trkpt lat="46.53568" lon="11.524988">
        <ele>907.6</ele>
        <time>2024-07-18T17:54:08.298Z</time>
      </trkpt>
      <trkpt lat="46.535701" lon="11.524865">
        <ele>907.6</ele>
        <time>2024-07-18T17:54:13.435Z</time>
      </trkpt>
      <trkpt lat="46.535732" lon="11.524624">
        <ele>907.7</ele>
        <time>2024-07-18T17:54:23.707Z</time>
      </trkpt>
      <trkpt lat="46.535868" lon="11.524042">
        <ele>907.7</ele>
        <time>2024-07-18T17:54:49.184Z</time>
      </trkpt>
      <trkpt lat="46.535914" lon="11.523757">
        <ele>907.7</ele>
        <time>2024-07-18T17:55:01.105Z</time>
      </trkpt>
      <trkpt lat="46.535882" lon="11.523475">
        <ele>907.5</ele>
        <time>2024-07-18T17:55:12.608Z</time>
      </trkpt>
      <trkpt lat="46.535757" lon="11.522953">
        <ele>907</ele>
        <time>2024-07-18T17:55:34.448Z</time>
      </trkpt>
      <trkpt lat="46.535863" lon="11.522077">
        <ele>906.7</ele>
        <time>2024-07-18T17:56:09.747Z</time>
      </trkpt>
      <trkpt lat="46.535758" lon="11.521256">
        <ele>905.9</ele>
        <time>2024-07-18T17:56:42.700Z</time>
      </trkpt>
      <trkpt lat="46.5358" lon="11.520985">
        <ele>905.4</ele>
        <time>2024-07-18T17:56:53.129Z</time>
      </trkpt>
      <trkpt lat="46.53586" lon="11.520799">
        <ele>904.9</ele>
        <time>2024-07-18T17:57:00.185Z</time>
      </trkpt>
      <trkpt lat="46.53589" lon="11.520489">
        <ele>903.8</ele>
        <time>2024-07-18T17:57:10.936Z</time>
      </trkpt>
      <trkpt lat="46.535845" lon="11.520043">
        <ele>901.7</ele>
        <time>2024-07-18T17:57:25.215Z</time>
      </trkpt>
      <trkpt lat="46.535679" lon="11.519498">
        <ele>898.5</ele>
        <time>2024-07-18T17:57:42.645Z</time>
      </trkpt>
      <trkpt lat="46.535493" lon="11.519091">
        <ele>895.5</ele>
        <time>2024-07-18T17:57:56.391Z</time>
      </trkpt>
      <trkpt lat="46.53541" lon="11.518742">
        <ele>893.4</ele>
        <time>2024-07-18T17:58:06.704Z</time>
      </trkpt>
      <trkpt lat="46.535348" lon="11.51862">
        <ele>892.6</ele>
        <time>2024-07-18T17:58:11.008Z</time>
      </trkpt>
      <trkpt lat="46.53515" lon="11.518404">
        <ele>890.6</ele>
        <time>2024-07-18T17:58:21.222Z</time>
      </trkpt>
      <trkpt lat="46.534848" lon="11.518243">
        <ele>888.4</ele>
        <time>2024-07-18T17:58:34.993Z</time>
      </trkpt>
      <trkpt lat="46.534747" lon="11.518152">
        <ele>887.7</ele>
        <time>2024-07-18T17:58:40.216Z</time>
      </trkpt>
      <trkpt lat="46.534263" lon="11.517429">
        <ele>886.3</ele>
        <time>2024-07-18T17:59:14.940Z</time>
      </trkpt>
      <trkpt lat="46.53416" lon="11.517335">
        <ele>886.2</ele>
        <time>2024-07-18T17:59:21.831Z</time>
      </trkpt>
      <trkpt lat="46.53411" lon="11.517323">
        <ele>886.2</ele>
        <time>2024-07-18T17:59:24.916Z</time>
      </trkpt>
      <trkpt lat="46.533946" lon="11.517384">
        <ele>886.3</ele>
        <time>2024-07-18T17:59:35.343Z</time>
      </trkpt>
      <trkpt lat="46.53389" lon="11.517368">
        <ele>886.4</ele>
        <time>2024-07-18T17:59:38.862Z</time>
      </trkpt>
      <trkpt lat="46.533867" lon="11.51721">
        <ele>886.5</ele>
        <time>2024-07-18T17:59:45.713Z</time>
      </trkpt>
      <trkpt lat="46.533884" lon="11.517052">
        <ele>886.7</ele>
        <time>2024-07-18T17:59:52.619Z</time>
      </trkpt>
      <trkpt lat="46.533936" lon="11.516898">
        <ele>886.8</ele>
        <time>2024-07-18T18:00:00.054Z</time>
      </trkpt>
      <trkpt lat="46.533938" lon="11.516727">
        <ele>887</ele>
        <time>2024-07-18T18:00:07.525Z</time>
      </trkpt>
      <trkpt lat="46.53354" lon="11.516282">
        <ele>887.8</ele>
        <time>2024-07-18T18:00:39.639Z</time>
      </trkpt>
      <trkpt lat="46.533403" lon="11.516079">
        <ele>888.1</ele>
        <time>2024-07-18T18:00:52.175Z</time>
      </trkpt>
      <trkpt lat="46.533172" lon="11.515308">
        <ele>888.9</ele>
        <time>2024-07-18T18:01:29.004Z</time>
      </trkpt>
      <trkpt lat="46.532881" lon="11.515001">
        <ele>889.3</ele>
        <time>2024-07-18T18:01:51.759Z</time>
      </trkpt>
      <trkpt lat="46.532572" lon="11.514627">
        <ele>889.4</ele>
        <time>2024-07-18T18:02:16.536Z</time>
      </trkpt>
      <trkpt lat="46.532418" lon="11.514493">
        <ele>889.4</ele>
        <time>2024-07-18T18:02:27.155Z</time>
      </trkpt>
      <trkpt lat="46.532239" lon="11.51439">
        <ele>889.1</ele>
        <time>2024-07-18T18:02:38.121Z</time>
      </trkpt>
      <trkpt lat="46.532094" lon="11.514224">
        <ele>888.8</ele>
        <time>2024-07-18T18:02:48.372Z</time>
      </trkpt>
      <trkpt lat="46.531925" lon="11.514106">
        <ele>888.2</ele>
        <time>2024-07-18T18:02:58.535Z</time>
      </trkpt>
      <trkpt lat="46.531632" lon="11.513547">
        <ele>886.5</ele>
        <time>2024-07-18T18:03:23.615Z</time>
      </trkpt>
      <trkpt lat="46.531545" lon="11.513307">
        <ele>885.6</ele>
        <time>2024-07-18T18:03:32.583Z</time>
      </trkpt>
      <trkpt lat="46.531381" lon="11.513106">
        <ele>884.1</ele>
        <time>2024-07-18T18:03:42.267Z</time>
      </trkpt>
      <trkpt lat="46.531124" lon="11.512932">
        <ele>881.8</ele>
        <time>2024-07-18T18:03:54.412Z</time>
      </trkpt>
      <trkpt lat="46.531029" lon="11.51292">
        <ele>880.9</ele>
        <time>2024-07-18T18:03:58.244Z</time>
      </trkpt>
      <trkpt lat="46.530846" lon="11.512834">
        <ele>879.1</ele>
        <time>2024-07-18T18:04:05.975Z</time>
      </trkpt>
      <trkpt lat="46.53063" lon="11.512571">
        <ele>876.7</ele>
        <time>2024-07-18T18:04:17.216Z</time>
      </trkpt>
      <trkpt lat="46.53036" lon="11.511839">
        <ele>873.2</ele>
        <time>2024-07-18T18:04:41.970Z</time>
      </trkpt>
      <trkpt lat="46.530168" lon="11.511555">
        <ele>871.8</ele>
        <time>2024-07-18T18:04:54.484Z</time>
      </trkpt>
      <trkpt lat="46.530037" lon="11.511521">
        <ele>871.1</ele>
        <time>2024-07-18T18:05:00.723Z</time>
      </trkpt>
      <trkpt lat="46.529527" lon="11.511668">
        <ele>868.9</ele>
        <time>2024-07-18T18:05:25.705Z</time>
      </trkpt>
      <trkpt lat="46.529451" lon="11.511658">
        <ele>868.7</ele>
        <time>2024-07-18T18:05:29.520Z</time>
      </trkpt>
      <trkpt lat="46.529348" lon="11.51159">
        <ele>868.4</ele>
        <time>2024-07-18T18:05:35.502Z</time>
      </trkpt>
      <trkpt lat="46.528624" lon="11.510571">
        <ele>866.1</ele>
        <time>2024-07-18T18:06:29.576Z</time>
      </trkpt>
      <trkpt lat="46.52831" lon="11.510171">
        <ele>864.4</ele>
        <time>2024-07-18T18:06:51.480Z</time>
      </trkpt>
      <trkpt lat="46.528124" lon="11.509967">
        <ele>863.6</ele>
        <time>2024-07-18T18:07:03.108Z</time>
      </trkpt>
      <trkpt lat="46.527436" lon="11.509212">
        <ele>858.3</ele>
        <time>2024-07-18T18:07:42.767Z</time>
      </trkpt>
      <trkpt lat="46.527206" lon="11.50905">
        <ele>856.5</ele>
        <time>2024-07-18T18:07:54.021Z</time>
      </trkpt>
      <trkpt lat="46.527232" lon="11.508902">
        <ele>855.6</ele>
        <time>2024-07-18T18:07:58.432Z</time>
      </trkpt>
      <trkpt lat="46.527231" lon="11.508724">
        <ele>854.6</ele>
        <time>2024-07-18T18:08:03.573Z</time>
      </trkpt>
      <trkpt lat="46.527006" lon="11.50837">
        <ele>851.7</ele>
        <time>2024-07-18T18:08:16.988Z</time>
      </trkpt>
      <trkpt lat="46.526874" lon="11.508213">
        <ele>850</ele>
        <time>2024-07-18T18:08:23.684Z</time>
      </trkpt>
      <trkpt lat="46.526737" lon="11.508099">
        <ele>848.4</ele>
        <time>2024-07-18T18:08:29.691Z</time>
      </trkpt>
      <trkpt lat="46.526606" lon="11.508036">
        <ele>846.9</ele>
        <time>2024-07-18T18:08:34.895Z</time>
      </trkpt>
      <trkpt lat="46.526472" lon="11.507888">
        <ele>845</ele>
        <time>2024-07-18T18:08:41.201Z</time>
      </trkpt>
      <trkpt lat="46.526244" lon="11.507549">
        <ele>841.9</ele>
        <time>2024-07-18T18:08:53.618Z</time>
      </trkpt>
      <trkpt lat="46.525683" lon="11.506833">
        <ele>835.9</ele>
        <time>2024-07-18T18:09:23.944Z</time>
      </trkpt>
      <trkpt lat="46.525466" lon="11.506473">
        <ele>833.3</ele>
        <time>2024-07-18T18:09:37.582Z</time>
      </trkpt>
      <trkpt lat="46.525043" lon="11.505986">
        <ele>829.8</ele>
        <time>2024-07-18T18:10:00.855Z</time>
      </trkpt>
      <trkpt lat="46.524904" lon="11.505558">
        <ele>828.3</ele>
        <time>2024-07-18T18:10:15.627Z</time>
      </trkpt>
      <trkpt lat="46.524947" lon="11.505512">
        <ele>827.9</ele>
        <time>2024-07-18T18:10:18.091Z</time>
      </trkpt>
      <trkpt lat="46.525024" lon="11.505485">
        <ele>827.5</ele>
        <time>2024-07-18T18:10:21.747Z</time>
      </trkpt>
      <trkpt lat="46.525073" lon="11.505502">
        <ele>827.1</ele>
        <time>2024-07-18T18:10:23.985Z</time>
      </trkpt>
      <trkpt lat="46.525205" lon="11.505645">
        <ele>826.1</ele>
        <time>2024-07-18T18:10:31.303Z</time>
      </trkpt>
      <trkpt lat="46.525535" lon="11.506099">
        <ele>822.6</ele>
        <time>2024-07-18T18:10:50.827Z</time>
      </trkpt>
      <trkpt lat="46.525651" lon="11.506177">
        <ele>821.5</ele>
        <time>2024-07-18T18:10:56.087Z</time>
      </trkpt>
      <trkpt lat="46.525924" lon="11.506241">
        <ele>819.1</ele>
        <time>2024-07-18T18:11:07.245Z</time>
      </trkpt>
      <trkpt lat="46.526325" lon="11.50619">
        <ele>815.7</ele>
        <time>2024-07-18T18:11:23.551Z</time>
      </trkpt>
      <trkpt lat="46.526744" lon="11.506069">
        <ele>811.2</ele>
        <time>2024-07-18T18:11:40.244Z</time>
      </trkpt>
      <trkpt lat="46.526859" lon="11.506066">
        <ele>810</ele>
        <time>2024-07-18T18:11:44.595Z</time>
      </trkpt>
      <trkpt lat="46.526945" lon="11.506094">
        <ele>809.1</ele>
        <time>2024-07-18T18:11:48.036Z</time>
      </trkpt>
      <trkpt lat="46.527216" lon="11.506314">
        <ele>806.3</ele>
        <time>2024-07-18T18:12:00.156Z</time>
      </trkpt>
      <trkpt lat="46.527382" lon="11.506409">
        <ele>804.9</ele>
        <time>2024-07-18T18:12:07.305Z</time>
      </trkpt>
      <trkpt lat="46.528023" lon="11.506559">
        <ele>800.7</ele>
        <time>2024-07-18T18:12:35.615Z</time>
      </trkpt>
      <trkpt lat="46.528647" lon="11.507083">
        <ele>796</ele>
        <time>2024-07-18T18:13:07.412Z</time>
      </trkpt>
      <trkpt lat="46.528833" lon="11.507084">
        <ele>794.7</ele>
        <time>2024-07-18T18:13:15.560Z</time>
      </trkpt>
      <trkpt lat="46.528944" lon="11.507041">
        <ele>793.9</ele>
        <time>2024-07-18T18:13:20.534Z</time>
      </trkpt>
      <trkpt lat="46.529078" lon="11.506865">
        <ele>792.6</ele>
        <time>2024-07-18T18:13:28.353Z</time>
      </trkpt>
      <trkpt lat="46.52915" lon="11.506692">
        <ele>791.7</ele>
        <time>2024-07-18T18:13:34.344Z</time>
      </trkpt>
      <trkpt lat="46.529182" lon="11.506488">
        <ele>790.7</ele>
        <time>2024-07-18T18:13:40.545Z</time>
      </trkpt>
      <trkpt lat="46.529148" lon="11.506262">
        <ele>789.5</ele>
        <time>2024-07-18T18:13:47.412Z</time>
      </trkpt>
      <trkpt lat="46.528895" lon="11.505501">
        <ele>785</ele>
        <time>2024-07-18T18:14:12.064Z</time>
      </trkpt>
      <trkpt lat="46.52893" lon="11.505198">
        <ele>783.6</ele>
        <time>2024-07-18T18:14:21.104Z</time>
      </trkpt>
      <trkpt lat="46.529076" lon="11.505019">
        <ele>782.4</ele>
        <time>2024-07-18T18:14:29.544Z</time>
      </trkpt>
      <trkpt lat="46.529412" lon="11.504872">
        <ele>780.5</ele>
        <time>2024-07-18T18:14:45.392Z</time>
      </trkpt>
      <trkpt lat="46.529674" lon="11.504843">
        <ele>779.2</ele>
        <time>2024-07-18T18:14:57.688Z</time>
      </trkpt>
      <trkpt lat="46.529771" lon="11.504857">
        <ele>778.7</ele>
        <time>2024-07-18T18:15:02.207Z</time>
      </trkpt>
      <trkpt lat="46.529975" lon="11.505153">
        <ele>777</ele>
        <time>2024-07-18T18:15:15.574Z</time>
      </trkpt>
      <trkpt lat="46.530245" lon="11.505315">
        <ele>774.8</ele>
        <time>2024-07-18T18:15:28.465Z</time>
      </trkpt>
      <trkpt lat="46.530444" lon="11.505728">
        <ele>771.8</ele>
        <time>2024-07-18T18:15:42.691Z</time>
      </trkpt>
      <trkpt lat="46.530499" lon="11.505778">
        <ele>771.2</ele>
        <time>2024-07-18T18:15:45.274Z</time>
      </trkpt>
      <trkpt lat="46.530597" lon="11.505779">
        <ele>770.3</ele>
        <time>2024-07-18T18:15:49.169Z</time>
      </trkpt>
      <trkpt lat="46.530666" lon="11.505712">
        <ele>769.6</ele>
        <time>2024-07-18T18:15:52.431Z</time>
      </trkpt>
      <trkpt lat="46.530765" lon="11.505545">
        <ele>768.1</ele>
        <time>2024-07-18T18:15:58.393Z</time>
      </trkpt>
      <trkpt lat="46.53079" lon="11.505429">
        <ele>767.3</ele>
        <time>2024-07-18T18:16:01.680Z</time>
      </trkpt>
      <trkpt lat="46.530553" lon="11.505009">
        <ele>763.4</ele>
        <time>2024-07-18T18:16:16.103Z</time>
      </trkpt>
      <trkpt lat="46.530481" lon="11.504817">
        <ele>761.7</ele>
        <time>2024-07-18T18:16:21.755Z</time>
      </trkpt>
      <trkpt lat="46.530308" lon="11.504052">
        <ele>754.9</ele>
        <time>2024-07-18T18:16:41.733Z</time>
      </trkpt>
      <trkpt lat="46.530265" lon="11.503939">
        <ele>753.9</ele>
        <time>2024-07-18T18:16:44.930Z</time>
      </trkpt>
      <trkpt lat="46.529949" lon="11.503253">
        <ele>747.1</ele>
        <time>2024-07-18T18:17:05.520Z</time>
      </trkpt>
      <trkpt lat="46.529939" lon="11.503165">
        <ele>746.4</ele>
        <time>2024-07-18T18:17:07.726Z</time>
      </trkpt>
      <trkpt lat="46.530021" lon="11.502696">
        <ele>742.2</ele>
        <time>2024-07-18T18:17:19.615Z</time>
      </trkpt>
      <trkpt lat="46.530045" lon="11.502348">
        <ele>739.1</ele>
        <time>2024-07-18T18:17:28.133Z</time>
      </trkpt>
      <trkpt lat="46.530063" lon="11.502122">
        <ele>737</ele>
        <time>2024-07-18T18:17:33.581Z</time>
      </trkpt>
      <trkpt lat="46.530045" lon="11.501891">
        <ele>734.7</ele>
        <time>2024-07-18T18:17:39.148Z</time>
      </trkpt>
      <trkpt lat="46.529906" lon="11.50133">
        <ele>729.3</ele>
        <time>2024-07-18T18:17:53.420Z</time>
      </trkpt>
      <trkpt lat="46.529701" lon="11.5011">
        <ele>726.1</ele>
        <time>2024-07-18T18:18:02.568Z</time>
      </trkpt>
      <trkpt lat="46.529415" lon="11.500542">
        <ele>720.9</ele>
        <time>2024-07-18T18:18:20.168Z</time>
      </trkpt>
      <trkpt lat="46.529095" lon="11.499987">
        <ele>716.6</ele>
        <time>2024-07-18T18:18:39.497Z</time>
      </trkpt>
      <trkpt lat="46.528929" lon="11.499845">
        <ele>715.2</ele>
        <time>2024-07-18T18:18:47.391Z</time>
      </trkpt>
      <trkpt lat="46.528621" lon="11.499755">
        <ele>712.7</ele>
        <time>2024-07-18T18:19:00.561Z</time>
      </trkpt>
      <trkpt lat="46.528057" lon="11.499199">
        <ele>707.2</ele>
        <time>2024-07-18T18:19:28.737Z</time>
      </trkpt>
      <trkpt lat="46.52805" lon="11.499008">
        <ele>706.1</ele>
        <time>2024-07-18T18:19:34.139Z</time>
      </trkpt>
      <trkpt lat="46.528071" lon="11.498942">
        <ele>705.7</ele>
        <time>2024-07-18T18:19:36.163Z</time>
      </trkpt>
      <trkpt lat="46.528129" lon="11.498874">
        <ele>705</ele>
        <time>2024-07-18T18:19:39.177Z</time>
      </trkpt>
      <trkpt lat="46.528604" lon="11.498447">
        <ele>698.8</ele>
        <time>2024-07-18T18:20:00.415Z</time>
      </trkpt>
      <trkpt lat="46.528719" lon="11.498415">
        <ele>697.3</ele>
        <time>2024-07-18T18:20:04.713Z</time>
      </trkpt>
      <trkpt lat="46.528903" lon="11.498457">
        <ele>695.1</ele>
        <time>2024-07-18T18:20:11.481Z</time>
      </trkpt>
      <trkpt lat="46.528965" lon="11.49838">
        <ele>694.2</ele>
        <time>2024-07-18T18:20:14.444Z</time>
      </trkpt>
      <trkpt lat="46.528927" lon="11.498275">
        <ele>693.3</ele>
        <time>2024-07-18T18:20:17.409Z</time>
      </trkpt>
      <trkpt lat="46.528594" lon="11.497887">
        <ele>689.2</ele>
        <time>2024-07-18T18:20:33.573Z</time>
      </trkpt>
      <trkpt lat="46.528445" lon="11.49781">
        <ele>687.8</ele>
        <time>2024-07-18T18:20:39.795Z</time>
      </trkpt>
      <trkpt lat="46.528301" lon="11.497806">
        <ele>686.5</ele>
        <time>2024-07-18T18:20:45.489Z</time>
      </trkpt>
      <trkpt lat="46.528086" lon="11.497926">
        <ele>684.3</ele>
        <time>2024-07-18T18:20:54.568Z</time>
      </trkpt>
      <trkpt lat="46.528019" lon="11.497995">
        <ele>683.5</ele>
        <time>2024-07-18T18:20:57.748Z</time>
      </trkpt>
      <trkpt lat="46.527837" lon="11.498325">
        <ele>680.5</ele>
        <time>2024-07-18T18:21:08.960Z</time>
      </trkpt>
      <trkpt lat="46.527711" lon="11.498384">
        <ele>679.2</ele>
        <time>2024-07-18T18:21:14.083Z</time>
      </trkpt>
      <trkpt lat="46.527653" lon="11.498365">
        <ele>678.7</ele>
        <time>2024-07-18T18:21:16.382Z</time>
      </trkpt>
      <trkpt lat="46.527571" lon="11.498261">
        <ele>677.7</ele>
        <time>2024-07-18T18:21:20.667Z</time>
      </trkpt>
      <trkpt lat="46.527271" lon="11.497553">
        <ele>672</ele>
        <time>2024-07-18T18:21:42.851Z</time>
      </trkpt>
      <trkpt lat="46.527212" lon="11.497531">
        <ele>671.4</ele>
        <time>2024-07-18T18:21:45.176Z</time>
      </trkpt>
      <trkpt lat="46.526976" lon="11.4976">
        <ele>668.8</ele>
        <time>2024-07-18T18:21:54.242Z</time>
      </trkpt>
      <trkpt lat="46.526645" lon="11.497576">
        <ele>665</ele>
        <time>2024-07-18T18:22:06.549Z</time>
      </trkpt>
      <trkpt lat="46.526355" lon="11.497379">
        <ele>661</ele>
        <time>2024-07-18T18:22:18.122Z</time>
      </trkpt>
      <trkpt lat="46.526111" lon="11.497385">
        <ele>657.7</ele>
        <time>2024-07-18T18:22:26.727Z</time>
      </trkpt>
      <trkpt lat="46.526056" lon="11.497386">
        <ele>657</ele>
        <time>2024-07-18T18:22:28.633Z</time>
      </trkpt>
      <trkpt lat="46.525883" lon="11.497378">
        <ele>654.6</ele>
        <time>2024-07-18T18:22:34.584Z</time>
      </trkpt>
      <trkpt lat="46.52578" lon="11.497341">
        <ele>653.1</ele>
        <time>2024-07-18T18:22:38.212Z</time>
      </trkpt>
      <trkpt lat="46.525665" lon="11.497237">
        <ele>651</ele>
        <time>2024-07-18T18:22:42.811Z</time>
      </trkpt>
      <trkpt lat="46.525483" lon="11.496962">
        <ele>647</ele>
        <time>2024-07-18T18:22:51.677Z</time>
      </trkpt>
      <trkpt lat="46.525407" lon="11.49692">
        <ele>645.7</ele>
        <time>2024-07-18T18:22:54.395Z</time>
      </trkpt>
      <trkpt lat="46.524695" lon="11.4966">
        <ele>633.8</ele>
        <time>2024-07-18T18:23:19.161Z</time>
      </trkpt>
      <trkpt lat="46.52448" lon="11.496626">
        <ele>630.7</ele>
        <time>2024-07-18T18:23:26.418Z</time>
      </trkpt>
      <trkpt lat="46.524414" lon="11.496547">
        <ele>629.5</ele>
        <time>2024-07-18T18:23:29.443Z</time>
      </trkpt>
      <trkpt lat="46.524432" lon="11.496498">
        <ele>629</ele>
        <time>2024-07-18T18:23:30.796Z</time>
      </trkpt>
      <trkpt lat="46.524507" lon="11.496456">
        <ele>628.1</ele>
        <time>2024-07-18T18:23:33.640Z</time>
      </trkpt>
      <trkpt lat="46.524745" lon="11.49646">
        <ele>625.4</ele>
        <time>2024-07-18T18:23:42.064Z</time>
      </trkpt>
      <trkpt lat="46.525325" lon="11.496334">
        <ele>620.5</ele>
        <time>2024-07-18T18:24:04.665Z</time>
      </trkpt>
      <trkpt lat="46.525464" lon="11.496322">
        <ele>619.6</ele>
        <time>2024-07-18T18:24:10.503Z</time>
      </trkpt>
      <trkpt lat="46.52556" lon="11.496355">
        <ele>618.9</ele>
        <time>2024-07-18T18:24:14.862Z</time>
      </trkpt>
      <trkpt lat="46.525647" lon="11.496328">
        <ele>618.3</ele>
        <time>2024-07-18T18:24:18.795Z</time>
      </trkpt>
      <trkpt lat="46.525685" lon="11.496284">
        <ele>618</ele>
        <time>2024-07-18T18:24:20.943Z</time>
      </trkpt>
      <trkpt lat="46.525822" lon="11.49611">
        <ele>616.9</ele>
        <time>2024-07-18T18:24:28.986Z</time>
      </trkpt>
      <trkpt lat="46.525881" lon="11.496079">
        <ele>616.5</ele>
        <time>2024-07-18T18:24:31.781Z</time>
      </trkpt>
      <trkpt lat="46.526179" lon="11.496047">
        <ele>614.7</ele>
        <time>2024-07-18T18:24:45.159Z</time>
      </trkpt>
      <trkpt lat="46.526668" lon="11.495783">
        <ele>610.9</ele>
        <time>2024-07-18T18:25:07.877Z</time>
      </trkpt>
      <trkpt lat="46.527345" lon="11.495853">
        <ele>603.5</ele>
        <time>2024-07-18T18:25:34.582Z</time>
      </trkpt>
      <trkpt lat="46.527443" lon="11.495836">
        <ele>602.5</ele>
        <time>2024-07-18T18:25:38.275Z</time>
      </trkpt>
      <trkpt lat="46.527815" lon="11.495442">
        <ele>597.9</ele>
        <time>2024-07-18T18:25:55.952Z</time>
      </trkpt>
      <trkpt lat="46.528216" lon="11.495372">
        <ele>594.1</ele>
        <time>2024-07-18T18:26:11.624Z</time>
      </trkpt>
      <trkpt lat="46.528415" lon="11.495407">
        <ele>592</ele>
        <time>2024-07-18T18:26:19.305Z</time>
      </trkpt>
      <trkpt lat="46.528625" lon="11.4956">
        <ele>589.3</ele>
        <time>2024-07-18T18:26:28.637Z</time>
      </trkpt>
      <trkpt lat="46.528852" lon="11.495698">
        <ele>587.3</ele>
        <time>2024-07-18T18:26:37.762Z</time>
      </trkpt>
      <trkpt lat="46.529131" lon="11.495691">
        <ele>585.2</ele>
        <time>2024-07-18T18:26:49.339Z</time>
      </trkpt>
      <trkpt lat="46.529649" lon="11.495798">
        <ele>580.6</ele>
        <time>2024-07-18T18:27:10.702Z</time>
      </trkpt>
      <trkpt lat="46.529796" lon="11.49583">
        <ele>579</ele>
        <time>2024-07-18T18:27:16.571Z</time>
      </trkpt>
      <trkpt lat="46.530785" lon="11.495884">
        <ele>566.4</ele>
        <time>2024-07-18T18:27:51.873Z</time>
      </trkpt>
      <trkpt lat="46.531701" lon="11.496247">
        <ele>556.2</ele>
        <time>2024-07-18T18:28:26.407Z</time>
      </trkpt>
      <trkpt lat="46.531819" lon="11.496374">
        <ele>555.2</ele>
        <time>2024-07-18T18:28:32.008Z</time>
      </trkpt>
      <trkpt lat="46.532285" lon="11.497079">
        <ele>551.7</ele>
        <time>2024-07-18T18:29:03.064Z</time>
      </trkpt>
      <trkpt lat="46.532656" lon="11.49774">
        <ele>550</ele>
        <time>2024-07-18T18:29:31.954Z</time>
      </trkpt>
      <trkpt lat="46.532856" lon="11.498033">
        <ele>548.9</ele>
        <time>2024-07-18T18:29:46.559Z</time>
      </trkpt>
      <trkpt lat="46.533697" lon="11.499065">
        <ele>540</ele>
        <time>2024-07-18T18:30:33.618Z</time>
      </trkpt>
      <trkpt lat="46.533886" lon="11.499396">
        <ele>536.4</ele>
        <time>2024-07-18T18:30:45.296Z</time>
      </trkpt>
      <trkpt lat="46.533955" lon="11.499346">
        <ele>535.5</ele>
        <time>2024-07-18T18:30:48.066Z</time>
      </trkpt>
      <trkpt lat="46.533947" lon="11.499257">
        <ele>534.7</ele>
        <time>2024-07-18T18:30:50.285Z</time>
      </trkpt>
      <trkpt lat="46.533479" lon="11.498223">
        <ele>525.1</ele>
        <time>2024-07-18T18:31:21.411Z</time>
      </trkpt>
      <trkpt lat="46.533392" lon="11.497863">
        <ele>522</ele>
        <time>2024-07-18T18:31:31.058Z</time>
      </trkpt>
      <trkpt lat="46.533215" lon="11.49765">
        <ele>519</ele>
        <time>2024-07-18T18:31:39.272Z</time>
      </trkpt>
      <trkpt lat="46.533029" lon="11.497139">
        <ele>513</ele>
        <time>2024-07-18T18:31:52.852Z</time>
      </trkpt>
      <trkpt lat="46.533" lon="11.496581">
        <ele>507</ele>
        <time>2024-07-18T18:32:05.748Z</time>
      </trkpt>
      <trkpt lat="46.532954" lon="11.496288">
        <ele>503.9</ele>
        <time>2024-07-18T18:32:12.667Z</time>
      </trkpt>
      <trkpt lat="46.532862" lon="11.495898">
        <ele>499.7</ele>
        <time>2024-07-18T18:32:22.248Z</time>
      </trkpt>
      <trkpt lat="46.532692" lon="11.495416">
        <ele>494.2</ele>
        <time>2024-07-18T18:32:34.860Z</time>
      </trkpt>
      <trkpt lat="46.532635" lon="11.495312">
        <ele>493</ele>
        <time>2024-07-18T18:32:37.977Z</time>
      </trkpt>
      <trkpt lat="46.532077" lon="11.495165">
        <ele>486.5</ele>
        <time>2024-07-18T18:32:58.642Z</time>
      </trkpt>
      <trkpt lat="46.53083" lon="11.494087">
        <ele>477.2</ele>
        <time>2024-07-18T18:33:59.131Z</time>
      </trkpt>
      <trkpt lat="46.530575" lon="11.493932">
        <ele>474.8</ele>
        <time>2024-07-18T18:34:11.179Z</time>
      </trkpt>
      <trkpt lat="46.529998" lon="11.49321">
        <ele>466.4</ele>
        <time>2024-07-18T18:34:40.042Z</time>
      </trkpt>
      <trkpt lat="46.529943" lon="11.493153">
        <ele>465.5</ele>
        <time>2024-07-18T18:34:42.537Z</time>
      </trkpt>
      <trkpt lat="46.5295" lon="11.492911">
        <ele>458.4</ele>
        <time>2024-07-18T18:34:58.551Z</time>
      </trkpt>
      <trkpt lat="46.529298" lon="11.492608">
        <ele>453.8</ele>
        <time>2024-07-18T18:35:08.276Z</time>
      </trkpt>
      <trkpt lat="46.529491" lon="11.492121">
        <ele>448.5</ele>
        <time>2024-07-18T18:35:21.403Z</time>
      </trkpt>
      <trkpt lat="46.529646" lon="11.491875">
        <ele>445.5</ele>
        <time>2024-07-18T18:35:29.465Z</time>
      </trkpt>
      <trkpt lat="46.529795" lon="11.491752">
        <ele>443.5</ele>
        <time>2024-07-18T18:35:35.598Z</time>
      </trkpt>
      <trkpt lat="46.529895" lon="11.491725">
        <ele>442.3</ele>
        <time>2024-07-18T18:35:39.262Z</time>
      </trkpt>
      <trkpt lat="46.530101" lon="11.491769">
        <ele>439.9</ele>
        <time>2024-07-18T18:35:46.861Z</time>
      </trkpt>
      <trkpt lat="46.530555" lon="11.491935">
        <ele>434.6</ele>
        <time>2024-07-18T18:36:04.047Z</time>
      </trkpt>
      <trkpt lat="46.530775" lon="11.492307">
        <ele>431.2</ele>
        <time>2024-07-18T18:36:16.680Z</time>
      </trkpt>
      <trkpt lat="46.531115" lon="11.49253">
        <ele>428.3</ele>
        <time>2024-07-18T18:36:31.610Z</time>
      </trkpt>
      <trkpt lat="46.531444" lon="11.492952">
        <ele>424.8</ele>
        <time>2024-07-18T18:36:49.862Z</time>
      </trkpt>
      <trkpt lat="46.531688" lon="11.493174">
        <ele>421.7</ele>
        <time>2024-07-18T18:37:01.291Z</time>
      </trkpt>
      <trkpt lat="46.53202" lon="11.493564">
        <ele>416.4</ele>
        <time>2024-07-18T18:37:16.819Z</time>
      </trkpt>
      <trkpt lat="46.532137" lon="11.49365">
        <ele>414.7</ele>
        <time>2024-07-18T18:37:21.477Z</time>
      </trkpt>
      <trkpt lat="46.532278" lon="11.49371">
        <ele>412.8</ele>
        <time>2024-07-18T18:37:26.654Z</time>
      </trkpt>
      <trkpt lat="46.53272" lon="11.49376">
        <ele>406.6</ele>
        <time>2024-07-18T18:37:42.042Z</time>
      </trkpt>
      <trkpt lat="46.5331" lon="11.49397">
        <ele>400</ele>
        <time>2024-07-18T18:37:55.729Z</time>
      </trkpt>
      <trkpt lat="46.533505" lon="11.494018">
        <ele>392.4</ele>
        <time>2024-07-18T18:38:08.897Z</time>
      </trkpt>
      <trkpt lat="46.534122" lon="11.494319">
        <ele>381.3</ele>
        <time>2024-07-18T18:38:29.928Z</time>
      </trkpt>
      <trkpt lat="46.534245" lon="11.494305">
        <ele>379.4</ele>
        <time>2024-07-18T18:38:33.975Z</time>
      </trkpt>
      <trkpt lat="46.53429" lon="11.494253">
        <ele>378.6</ele>
        <time>2024-07-18T18:38:35.992Z</time>
      </trkpt>
      <trkpt lat="46.534501" lon="11.493976">
        <ele>375.2</ele>
        <time>2024-07-18T18:38:46.142Z</time>
      </trkpt>
      <trkpt lat="46.534591" lon="11.493857">
        <ele>374</ele>
        <time>2024-07-18T18:38:50.716Z</time>
      </trkpt>
      <trkpt lat="46.53472" lon="11.493707">
        <ele>372.7</ele>
        <time>2024-07-18T18:38:57.237Z</time>
      </trkpt>
      <trkpt lat="46.53455" lon="11.493438">
        <ele>371</ele>
        <time>2024-07-18T18:39:07.724Z</time>
      </trkpt>
      <trkpt lat="46.53423" lon="11.492945">
        <ele>369.6</ele>
        <time>2024-07-18T18:39:29.766Z</time>
      </trkpt>
      <trkpt lat="46.534079" lon="11.492722">
        <ele>369.5</ele>
        <time>2024-07-18T18:39:41.391Z</time>
      </trkpt>
      <trkpt lat="46.533364" lon="11.491655">
        <ele>373.6</ele>
        <time>2024-07-18T18:40:51.384Z</time>
      </trkpt>
      <trkpt lat="46.533321" lon="11.4916">
        <ele>373.9</ele>
        <time>2024-07-18T18:40:55.412Z</time>
      </trkpt>
      <trkpt lat="46.532665" lon="11.490622">
        <ele>380.6</ele>
        <time>2024-07-18T18:42:07.383Z</time>
      </trkpt>
      <trkpt lat="46.532632" lon="11.490572">
        <ele>380.9</ele>
        <time>2024-07-18T18:42:11.038Z</time>
      </trkpt>
      <trkpt lat="46.532232" lon="11.489974">
        <ele>383.4</ele>
        <time>2024-07-18T18:42:51.986Z</time>
      </trkpt>
      <trkpt lat="46.532146" lon="11.489853">
        <ele>383.6</ele>
        <time>2024-07-18T18:42:59.948Z</time>
      </trkpt>
      <trkpt lat="46.531914" lon="11.489582">
        <ele>383.4</ele>
        <time>2024-07-18T18:43:17.763Z</time>
      </trkpt>
      <trkpt lat="46.531645" lon="11.489353">
        <ele>382.4</ele>
        <time>2024-07-18T18:43:35.278Z</time>
      </trkpt>
      <trkpt lat="46.531015" lon="11.488966">
        <ele>378.1</ele>
        <time>2024-07-18T18:44:07.103Z</time>
      </trkpt>
      <trkpt lat="46.530618" lon="11.488857">
        <ele>375.7</ele>
        <time>2024-07-18T18:44:25.200Z</time>
      </trkpt>
      <trkpt lat="46.529542" lon="11.488819">
        <ele>373.4</ele>
        <time>2024-07-18T18:45:20.670Z</time>
      </trkpt>
      <trkpt lat="46.529145" lon="11.488884">
        <ele>373</ele>
        <time>2024-07-18T18:45:42.635Z</time>
      </trkpt>
      <trkpt lat="46.527502" lon="11.489555">
        <ele>366.7</ele>
        <time>2024-07-18T18:47:10.564Z</time>
      </trkpt>
      <trkpt lat="46.526992" lon="11.489786">
        <ele>364.7</ele>
        <time>2024-07-18T18:47:37.402Z</time>
      </trkpt>
      <trkpt lat="46.526376" lon="11.49004">
        <ele>363.6</ele>
        <time>2024-07-18T18:48:11.264Z</time>
      </trkpt>
      <trkpt lat="46.525928" lon="11.490082">
        <ele>364.7</ele>
        <time>2024-07-18T18:48:38.136Z</time>
      </trkpt>
      <trkpt lat="46.525711" lon="11.490064">
        <ele>365.9</ele>
        <time>2024-07-18T18:48:53.103Z</time>
      </trkpt>
      <trkpt lat="46.525269" lon="11.489942">
        <ele>368.3</ele>
        <time>2024-07-18T18:49:26.097Z</time>
      </trkpt>
      <trkpt lat="46.524734" lon="11.489636">
        <ele>370.7</ele>
        <time>2024-07-18T18:50:07.358Z</time>
      </trkpt>
      <trkpt lat="46.524554" lon="11.489478">
        <ele>371.4</ele>
        <time>2024-07-18T18:50:22.043Z</time>
      </trkpt>
      <trkpt lat="46.524493" lon="11.489425">
        <ele>371.6</ele>
        <time>2024-07-18T18:50:26.893Z</time>
      </trkpt>
      <trkpt lat="46.522838" lon="11.487981">
        <ele>372.1</ele>
        <time>2024-07-18T18:52:25.725Z</time>
      </trkpt>
      <trkpt lat="46.522455" lon="11.487488">
        <ele>374.1</ele>
        <time>2024-07-18T18:52:57.756Z</time>
      </trkpt>
      <trkpt lat="46.52205" lon="11.486783">
        <ele>376.8</ele>
        <time>2024-07-18T18:53:42.271Z</time>
      </trkpt>
      <trkpt lat="46.521235" lon="11.484852">
        <ele>375.5</ele>
        <time>2024-07-18T18:55:18.252Z</time>
      </trkpt>
      <trkpt lat="46.520913" lon="11.484213">
        <ele>372.8</ele>
        <time>2024-07-18T18:55:48.112Z</time>
      </trkpt>
      <trkpt lat="46.520671" lon="11.48384">
        <ele>371.6</ele>
        <time>2024-07-18T18:56:05.300Z</time>
      </trkpt>
      <trkpt lat="46.520558" lon="11.483718">
        <ele>371.4</ele>
        <time>2024-07-18T18:56:12.809Z</time>
      </trkpt>
      <trkpt lat="46.520389" lon="11.483569">
        <ele>371.1</ele>
        <time>2024-07-18T18:56:23.859Z</time>
      </trkpt>
      <trkpt lat="46.519403" lon="11.482871">
        <ele>372</ele>
        <time>2024-07-18T18:57:30.332Z</time>
      </trkpt>
      <trkpt lat="46.518985" lon="11.482379">
        <ele>371.1</ele>
        <time>2024-07-18T18:58:02.530Z</time>
      </trkpt>
      <trkpt lat="46.518395" lon="11.481592">
        <ele>365.4</ele>
        <time>2024-07-18T18:58:40.486Z</time>
      </trkpt>
      <trkpt lat="46.518154" lon="11.481219">
        <ele>361.3</ele>
        <time>2024-07-18T18:58:54.778Z</time>
      </trkpt>
      <trkpt lat="46.517876" lon="11.480853">
        <ele>356.9</ele>
        <time>2024-07-18T18:59:08.449Z</time>
      </trkpt>
      <trkpt lat="46.517377" lon="11.48033">
        <ele>351.7</ele>
        <time>2024-07-18T18:59:32.345Z</time>
      </trkpt>
      <trkpt lat="46.517025" lon="11.480035">
        <ele>348.9</ele>
        <time>2024-07-18T18:59:49.284Z</time>
      </trkpt>
      <trkpt lat="46.515566" lon="11.479034">
        <ele>344.3</ele>
        <time>2024-07-18T19:01:10.503Z</time>
      </trkpt>
      <trkpt lat="46.515384" lon="11.478938">
        <ele>344.2</ele>
        <time>2024-07-18T19:01:20.761Z</time>
      </trkpt>
      <trkpt lat="46.514871" lon="11.478782">
        <ele>344.2</ele>
        <time>2024-07-18T19:01:51.936Z</time>
      </trkpt>
      <trkpt lat="46.513517" lon="11.478666">
        <ele>344.1</ele>
        <time>2024-07-18T19:03:12.931Z</time>
      </trkpt>
      <trkpt lat="46.512919" lon="11.47845">
        <ele>343.2</ele>
        <time>2024-07-18T19:03:48.975Z</time>
      </trkpt>
      <trkpt lat="46.512661" lon="11.478271">
        <ele>343</ele>
        <time>2024-07-18T19:04:05.153Z</time>
      </trkpt>
      <trkpt lat="46.51242" lon="11.478043">
        <ele>342.9</ele>
        <time>2024-07-18T19:04:21.993Z</time>
      </trkpt>
      <trkpt lat="46.512383" lon="11.477998">
        <ele>342.9</ele>
        <time>2024-07-18T19:04:24.946Z</time>
      </trkpt>
      <trkpt lat="46.512184" lon="11.477761">
        <ele>343.3</ele>
        <time>2024-07-18T19:04:40.697Z</time>
      </trkpt>
      <trkpt lat="46.511996" lon="11.477467">
        <ele>344.1</ele>
        <time>2024-07-18T19:04:58.744Z</time>
      </trkpt>
      <trkpt lat="46.511715" lon="11.476876">
        <ele>346.6</ele>
        <time>2024-07-18T19:05:33.768Z</time>
      </trkpt>
      <trkpt lat="46.511633" lon="11.476641">
        <ele>347.7</ele>
        <time>2024-07-18T19:05:47.040Z</time>
      </trkpt>
      <trkpt lat="46.511525" lon="11.476161">
        <ele>350</ele>
        <time>2024-07-18T19:06:13.266Z</time>
      </trkpt>
      <trkpt lat="46.511456" lon="11.475573">
        <ele>352.2</ele>
        <time>2024-07-18T19:06:43.838Z</time>
      </trkpt>
      <trkpt lat="46.511456" lon="11.474595">
        <ele>353.6</ele>
        <time>2024-07-18T19:07:29.973Z</time>
      </trkpt>
      <trkpt lat="46.511657" lon="11.47203">
        <ele>345.9</ele>
        <time>2024-07-18T19:09:04.237Z</time>
      </trkpt>
      <trkpt lat="46.511629" lon="11.471287">
        <ele>343</ele>
        <time>2024-07-18T19:09:28.852Z</time>
      </trkpt>
      <trkpt lat="46.511588" lon="11.471114">
        <ele>342.5</ele>
        <time>2024-07-18T19:09:34.709Z</time>
      </trkpt>
      <trkpt lat="46.511343" lon="11.470667">
        <ele>341</ele>
        <time>2024-07-18T19:09:54.327Z</time>
      </trkpt>
      <trkpt lat="46.510913" lon="11.470271">
        <ele>339.8</ele>
        <time>2024-07-18T19:10:20.796Z</time>
      </trkpt>
      <trkpt lat="46.510633" lon="11.470055">
        <ele>339.6</ele>
        <time>2024-07-18T19:10:38.336Z</time>
      </trkpt>
      <trkpt lat="46.509289" lon="11.468764">
        <ele>338.9</ele>
        <time>2024-07-18T19:12:12.754Z</time>
      </trkpt>
      <trkpt lat="46.50856" lon="11.467988">
        <ele>338.9</ele>
        <time>2024-07-18T19:13:06.171Z</time>
      </trkpt>
      <trkpt lat="46.507913" lon="11.467242">
        <ele>339.9</ele>
        <time>2024-07-18T19:13:56.896Z</time>
      </trkpt>
      <trkpt lat="46.507636" lon="11.466817">
        <ele>340.9</ele>
        <time>2024-07-18T19:14:22.762Z</time>
      </trkpt>
      <trkpt lat="46.507372" lon="11.466286">
        <ele>342.3</ele>
        <time>2024-07-18T19:14:53.090Z</time>
      </trkpt>
      <trkpt lat="46.506183" lon="11.463444">
        <ele>350.5</ele>
        <time>2024-07-18T19:17:31.012Z</time>
      </trkpt>
      <trkpt lat="46.505646" lon="11.462157">
        <ele>343.7</ele>
        <time>2024-07-18T19:18:34.191Z</time>
      </trkpt>
      <trkpt lat="46.505458" lon="11.461768">
        <ele>340.1</ele>
        <time>2024-07-18T19:18:47.943Z</time>
      </trkpt>
      <trkpt lat="46.505208" lon="11.461361">
        <ele>336</ele>
        <time>2024-07-18T19:19:01.928Z</time>
      </trkpt>
      <trkpt lat="46.504976" lon="11.461058">
        <ele>332.7</ele>
        <time>2024-07-18T19:19:13.617Z</time>
      </trkpt>
      <trkpt lat="46.50486" lon="11.460946">
        <ele>331.3</ele>
        <time>2024-07-18T19:19:18.896Z</time>
      </trkpt>
      <trkpt lat="46.50421" lon="11.460446">
        <ele>326.7</ele>
        <time>2024-07-18T19:19:50.836Z</time>
      </trkpt>
      <trkpt lat="46.502682" lon="11.459489">
        <ele>326.9</ele>
        <time>2024-07-18T19:21:22.298Z</time>
      </trkpt>
      <trkpt lat="46.502629" lon="11.459456">
        <ele>327</ele>
        <time>2024-07-18T19:21:25.776Z</time>
      </trkpt>
      <trkpt lat="46.502216" lon="11.459166">
        <ele>328.5</ele>
        <time>2024-07-18T19:21:56.962Z</time>
      </trkpt>
      <trkpt lat="46.50187" lon="11.458849">
        <ele>330.3</ele>
        <time>2024-07-18T19:22:25.479Z</time>
      </trkpt>
      <trkpt lat="46.501571" lon="11.45845">
        <ele>332.6</ele>
        <time>2024-07-18T19:22:54.931Z</time>
      </trkpt>
      <trkpt lat="46.501427" lon="11.458218">
        <ele>333.9</ele>
        <time>2024-07-18T19:23:10.882Z</time>
      </trkpt>
      <trkpt lat="46.501181" lon="11.457693">
        <ele>336.3</ele>
        <time>2024-07-18T19:23:43.200Z</time>
      </trkpt>
      <trkpt lat="46.501029" lon="11.457199">
        <ele>337.5</ele>
        <time>2024-07-18T19:24:09.729Z</time>
      </trkpt>
      <trkpt lat="46.500905" lon="11.45647">
        <ele>337.8</ele>
        <time>2024-07-18T19:24:42.998Z</time>
      </trkpt>
      <trkpt lat="46.500775" lon="11.454576">
        <ele>329.1</ele>
        <time>2024-07-18T19:25:46.076Z</time>
      </trkpt>
      <trkpt lat="46.500682" lon="11.453918">
        <ele>325</ele>
        <time>2024-07-18T19:26:05.846Z</time>
      </trkpt>
      <trkpt lat="46.500559" lon="11.453479">
        <ele>322.5</ele>
        <time>2024-07-18T19:26:19.158Z</time>
      </trkpt>
      <trkpt lat="46.500392" lon="11.453051">
        <ele>320.4</ele>
        <time>2024-07-18T19:26:33.827Z</time>
      </trkpt>
      <trkpt lat="46.500067" lon="11.452454">
        <ele>318.2</ele>
        <time>2024-07-18T19:26:58.595Z</time>
      </trkpt>
      <trkpt lat="46.499661" lon="11.451959">
        <ele>317.5</ele>
        <time>2024-07-18T19:27:26.475Z</time>
      </trkpt>
      <trkpt lat="46.499525" lon="11.451831">
        <ele>317.5</ele>
        <time>2024-07-18T19:27:35.734Z</time>
      </trkpt>
      <trkpt lat="46.499191" lon="11.451603">
        <ele>317.5</ele>
        <time>2024-07-18T19:27:57.991Z</time>
      </trkpt>
      <trkpt lat="46.499133" lon="11.451564">
        <ele>317.6</ele>
        <time>2024-07-18T19:28:01.856Z</time>
      </trkpt>
      <trkpt lat="46.49811" lon="11.450903">
        <ele>319.5</ele>
        <time>2024-07-18T19:29:12.740Z</time>
      </trkpt>
      <trkpt lat="46.497799" lon="11.450613">
        <ele>320.1</ele>
        <time>2024-07-18T19:29:36.518Z</time>
      </trkpt>
      <trkpt lat="46.497568" lon="11.450355">
        <ele>320.7</ele>
        <time>2024-07-18T19:29:55.371Z</time>
      </trkpt>
      <trkpt lat="46.497171" lon="11.449791">
        <ele>321.6</ele>
        <time>2024-07-18T19:30:31.235Z</time>
      </trkpt>
      <trkpt lat="46.496944" lon="11.449428">
        <ele>321.5</ele>
        <time>2024-07-18T19:30:52.254Z</time>
      </trkpt>
      <trkpt lat="46.49668" lon="11.448923">
        <ele>321</ele>
        <time>2024-07-18T19:31:17.475Z</time>
      </trkpt>
      <trkpt lat="46.496493" lon="11.448773">
        <ele>320.8</ele>
        <time>2024-07-18T19:31:29.806Z</time>
      </trkpt>
      <trkpt lat="46.496267" lon="11.448687">
        <ele>320.8</ele>
        <time>2024-07-18T19:31:43.386Z</time>
      </trkpt>
      <trkpt lat="46.496257" lon="11.448614">
        <ele>320.7</ele>
        <time>2024-07-18T19:31:46.351Z</time>
      </trkpt>
      <trkpt lat="46.496306" lon="11.44845">
        <ele>320.6</ele>
        <time>2024-07-18T19:31:53.499Z</time>
      </trkpt>
      <trkpt lat="46.496261" lon="11.448169">
        <ele>320.4</ele>
        <time>2024-07-18T19:32:05.036Z</time>
      </trkpt>
      <trkpt lat="46.495998" lon="11.447251">
        <ele>319.2</ele>
        <time>2024-07-18T19:32:43.237Z</time>
      </trkpt>
      <trkpt lat="46.495859" lon="11.44658">
        <ele>318.4</ele>
        <time>2024-07-18T19:33:09.903Z</time>
      </trkpt>
      <trkpt lat="46.495797" lon="11.446538">
        <ele>318.3</ele>
        <time>2024-07-18T19:33:13.722Z</time>
      </trkpt>
      <trkpt lat="46.495695" lon="11.446565">
        <ele>318.2</ele>
        <time>2024-07-18T19:33:19.509Z</time>
      </trkpt>
      <trkpt lat="46.495627" lon="11.446516">
        <ele>318.1</ele>
        <time>2024-07-18T19:33:23.745Z</time>
      </trkpt>
      <trkpt lat="46.49583" lon="11.446412">
        <ele>317.7</ele>
        <time>2024-07-18T19:33:35.759Z</time>
      </trkpt>
      <trkpt lat="46.495789" lon="11.445786">
        <ele>316.8</ele>
        <time>2024-07-18T19:33:59.578Z</time>
      </trkpt>
      <trkpt lat="46.495806" lon="11.445664">
        <ele>316.6</ele>
        <time>2024-07-18T19:34:04.223Z</time>
      </trkpt>
      <trkpt lat="46.495559" lon="11.444339">
        <ele>315.9</ele>
        <time>2024-07-18T19:34:58.573Z</time>
      </trkpt>
      <trkpt lat="46.495554" lon="11.444204">
        <ele>316</ele>
        <time>2024-07-18T19:35:04.044Z</time>
      </trkpt>
      <trkpt lat="46.495601" lon="11.443892">
        <ele>316.1</ele>
        <time>2024-07-18T19:35:17.582Z</time>
      </trkpt>
      <trkpt lat="46.495548" lon="11.44335">
        <ele>316.2</ele>
        <time>2024-07-18T19:35:40.581Z</time>
      </trkpt>
      <trkpt lat="46.495425" lon="11.442851">
        <ele>315.9</ele>
        <time>2024-07-18T19:36:02.157Z</time>
      </trkpt>
      <trkpt lat="46.495149" lon="11.442301">
        <ele>315.1</ele>
        <time>2024-07-18T19:36:28.546Z</time>
      </trkpt>
      <trkpt lat="46.494937" lon="11.441951">
        <ele>314.2</ele>
        <time>2024-07-18T19:36:45.919Z</time>
      </trkpt>
      <trkpt lat="46.494775" lon="11.441734">
        <ele>313.4</ele>
        <time>2024-07-18T19:36:57.294Z</time>
      </trkpt>
      <trkpt lat="46.494389" lon="11.441307">
        <ele>311.6</ele>
        <time>2024-07-18T19:37:21.692Z</time>
      </trkpt>
      <trkpt lat="46.492952" lon="11.439925">
        <ele>310.3</ele>
        <time>2024-07-18T19:38:58.376Z</time>
      </trkpt>
      <trkpt lat="46.492176" lon="11.439243">
        <ele>316.5</ele>
        <time>2024-07-18T19:39:57.173Z</time>
      </trkpt>
      <trkpt lat="46.491944" lon="11.438963">
        <ele>319.9</ele>
        <time>2024-07-18T19:40:20.766Z</time>
      </trkpt>
      <trkpt lat="46.491804" lon="11.438697">
        <ele>322.7</ele>
        <time>2024-07-18T19:40:39.951Z</time>
      </trkpt>
      <trkpt lat="46.491716" lon="11.438043">
        <ele>327.4</ele>
        <time>2024-07-18T19:41:17.744Z</time>
      </trkpt>
      <trkpt lat="46.491722" lon="11.437664">
        <ele>329.9</ele>
        <time>2024-07-18T19:41:38.960Z</time>
      </trkpt>
      <trkpt lat="46.491761" lon="11.437303">
        <ele>332.1</ele>
        <time>2024-07-18T19:41:59.121Z</time>
      </trkpt>
      <trkpt lat="46.491892" lon="11.436805">
        <ele>334.5</ele>
        <time>2024-07-18T19:42:27.507Z</time>
      </trkpt>
      <trkpt lat="46.491983" lon="11.43659">
        <ele>335.2</ele>
        <time>2024-07-18T19:42:40.374Z</time>
      </trkpt>
      <trkpt lat="46.492092" lon="11.435709">
        <ele>335.6</ele>
        <time>2024-07-18T19:43:19.558Z</time>
      </trkpt>
      <trkpt lat="46.492186" lon="11.435506">
        <ele>335.3</ele>
        <time>2024-07-18T19:43:29.697Z</time>
      </trkpt>
      <trkpt lat="46.492273" lon="11.434695">
        <ele>334.4</ele>
        <time>2024-07-18T19:44:01.052Z</time>
      </trkpt>
      <trkpt lat="46.4922" lon="11.433518">
        <ele>331.6</ele>
        <time>2024-07-18T19:44:43.987Z</time>
      </trkpt>
      <trkpt lat="46.491913" lon="11.432314">
        <ele>328.6</ele>
        <time>2024-07-18T19:45:28.641Z</time>
      </trkpt>
      <trkpt lat="46.491534" lon="11.43119">
        <ele>325.8</ele>
        <time>2024-07-18T19:46:12.706Z</time>
      </trkpt>
      <trkpt lat="46.491221" lon="11.430583">
        <ele>324.1</ele>
        <time>2024-07-18T19:46:39.515Z</time>
      </trkpt>
      <trkpt lat="46.491124" lon="11.43047">
        <ele>323.5</ele>
        <time>2024-07-18T19:46:45.805Z</time>
      </trkpt>
      <trkpt lat="46.490825" lon="11.430118">
        <ele>320.9</ele>
        <time>2024-07-18T19:47:02.948Z</time>
      </trkpt>
      <trkpt lat="46.490448" lon="11.42956">
        <ele>317.6</ele>
        <time>2024-07-18T19:47:26.808Z</time>
      </trkpt>
      <trkpt lat="46.490154" lon="11.4291">
        <ele>315.5</ele>
        <time>2024-07-18T19:47:46.692Z</time>
      </trkpt>
      <trkpt lat="46.489882" lon="11.428583">
        <ele>314</ele>
        <time>2024-07-18T19:48:08.785Z</time>
      </trkpt>
      <trkpt lat="46.489463" lon="11.427665">
        <ele>314</ele>
        <time>2024-07-18T19:48:51.648Z</time>
      </trkpt>
      <trkpt lat="46.489016" lon="11.426424">
        <ele>319</ele>
        <time>2024-07-18T19:49:56.736Z</time>
      </trkpt>
      <trkpt lat="46.488781" lon="11.425592">
        <ele>321.9</ele>
        <time>2024-07-18T19:50:41.596Z</time>
      </trkpt>
      <trkpt lat="46.488685" lon="11.425137">
        <ele>323.1</ele>
        <time>2024-07-18T19:51:04.844Z</time>
      </trkpt>
      <trkpt lat="46.488532" lon="11.424099">
        <ele>323.9</ele>
        <time>2024-07-18T19:51:52.274Z</time>
      </trkpt>
      <trkpt lat="46.488507" lon="11.42364">
        <ele>323.2</ele>
        <time>2024-07-18T19:52:11.330Z</time>
      </trkpt>
      <trkpt lat="46.488521" lon="11.423042">
        <ele>322</ele>
        <time>2024-07-18T19:52:33.151Z</time>
      </trkpt>
      <trkpt lat="46.48855" lon="11.422606">
        <ele>321</ele>
        <time>2024-07-18T19:52:48.761Z</time>
      </trkpt>
      <trkpt lat="46.488631" lon="11.422062">
        <ele>319.7</ele>
        <time>2024-07-18T19:53:08.338Z</time>
      </trkpt>
      <trkpt lat="46.488727" lon="11.42152">
        <ele>318.1</ele>
        <time>2024-07-18T19:53:27.631Z</time>
      </trkpt>
      <trkpt lat="46.488931" lon="11.420716">
        <ele>315.5</ele>
        <time>2024-07-18T19:53:56.429Z</time>
      </trkpt>
      <trkpt lat="46.488993" lon="11.420562">
        <ele>315.3</ele>
        <time>2024-07-18T19:54:02.747Z</time>
      </trkpt>
      <trkpt lat="46.489103" lon="11.420395">
        <ele>315.3</ele>
        <time>2024-07-18T19:54:12.041Z</time>
      </trkpt>
      <trkpt lat="46.48924" lon="11.420045">
        <ele>315.2</ele>
        <time>2024-07-18T19:54:28.233Z</time>
      </trkpt>
      <trkpt lat="46.489322" lon="11.41966">
        <ele>315.2</ele>
        <time>2024-07-18T19:54:44.737Z</time>
      </trkpt>
      <trkpt lat="46.489565" lon="11.41913">
        <ele>315.5</ele>
        <time>2024-07-18T19:55:11.472Z</time>
      </trkpt>
      <trkpt lat="46.489909" lon="11.418461">
        <ele>316.8</ele>
        <time>2024-07-18T19:55:48.310Z</time>
      </trkpt>
      <trkpt lat="46.490714" lon="11.417046">
        <ele>315.6</ele>
        <time>2024-07-18T19:57:04.142Z</time>
      </trkpt>
      <trkpt lat="46.490842" lon="11.416824">
        <ele>314.8</ele>
        <time>2024-07-18T19:57:15.305Z</time>
      </trkpt>
      <trkpt lat="46.490881" lon="11.416753">
        <ele>314.6</ele>
        <time>2024-07-18T19:57:18.430Z</time>
      </trkpt>
      <trkpt lat="46.491416" lon="11.415786">
        <ele>310.8</ele>
        <time>2024-07-18T19:58:00.131Z</time>
      </trkpt>
      <trkpt lat="46.491677" lon="11.415263">
        <ele>309</ele>
        <time>2024-07-18T19:58:21.833Z</time>
      </trkpt>
      <trkpt lat="46.492517" lon="11.413527">
        <ele>306.2</ele>
        <time>2024-07-18T19:59:39.930Z</time>
      </trkpt>
      <trkpt lat="46.492704" lon="11.413083">
        <ele>305.7</ele>
        <time>2024-07-18T19:59:59.645Z</time>
      </trkpt>
      <trkpt lat="46.492797" lon="11.412799">
        <ele>305.7</ele>
        <time>2024-07-18T20:00:12.099Z</time>
      </trkpt>
      <trkpt lat="46.492961" lon="11.412051">
        <ele>306.5</ele>
        <time>2024-07-18T20:00:45.981Z</time>
      </trkpt>
      <trkpt lat="46.493035" lon="11.411546">
        <ele>307.8</ele>
        <time>2024-07-18T20:01:09.468Z</time>
      </trkpt>
      <trkpt lat="46.493333" lon="11.409266">
        <ele>319.9</ele>
        <time>2024-07-18T20:03:11.356Z</time>
      </trkpt>
      <trkpt lat="46.493417" lon="11.408444">
        <ele>322.4</ele>
        <time>2024-07-18T20:03:54.859Z</time>
      </trkpt>
      <trkpt lat="46.493476" lon="11.407385">
        <ele>322.6</ele>
        <time>2024-07-18T20:04:42.673Z</time>
      </trkpt>
      <trkpt lat="46.493457" lon="11.406341">
        <ele>318.1</ele>
        <time>2024-07-18T20:05:20.105Z</time>
      </trkpt>
      <trkpt lat="46.493404" lon="11.405803">
        <ele>314.8</ele>
        <time>2024-07-18T20:05:36.163Z</time>
      </trkpt>
      <trkpt lat="46.493116" lon="11.403863">
        <ele>298.5</ele>
        <time>2024-07-18T20:06:26.585Z</time>
      </trkpt>
      <trkpt lat="46.492986" lon="11.403033">
        <ele>292.6</ele>
        <time>2024-07-18T20:06:48.142Z</time>
      </trkpt>
      <trkpt lat="46.49308" lon="11.402758">
        <ele>291</ele>
        <time>2024-07-18T20:06:56.600Z</time>
      </trkpt>
      <trkpt lat="46.493091" lon="11.402558">
        <ele>290.2</ele>
        <time>2024-07-18T20:07:02.597Z</time>
      </trkpt>
      <trkpt lat="46.492967" lon="11.402006">
        <ele>288.5</ele>
        <time>2024-07-18T20:07:21.070Z</time>
      </trkpt>
      <trkpt lat="46.492828" lon="11.401202">
        <ele>287.5</ele>
        <time>2024-07-18T20:07:51.044Z</time>
      </trkpt>
      <trkpt lat="46.492694" lon="11.399881">
        <ele>289.1</ele>
        <time>2024-07-18T20:08:47.064Z</time>
      </trkpt>
      <trkpt lat="46.492558" lon="11.399274">
        <ele>290.8</ele>
        <time>2024-07-18T20:09:16.197Z</time>
      </trkpt>
      <trkpt lat="46.492549" lon="11.398956">
        <ele>291.8</ele>
        <time>2024-07-18T20:09:31.674Z</time>
      </trkpt>
      <trkpt lat="46.492587" lon="11.398671">
        <ele>292.7</ele>
        <time>2024-07-18T20:09:45.949Z</time>
      </trkpt>
      <trkpt lat="46.492577" lon="11.398197">
        <ele>294.3</ele>
        <time>2024-07-18T20:10:09.388Z</time>
      </trkpt>
      <trkpt lat="46.492665" lon="11.397727">
        <ele>295.7</ele>
        <time>2024-07-18T20:10:33.339Z</time>
      </trkpt>
      <trkpt lat="46.49298" lon="11.396916">
        <ele>297.3</ele>
        <time>2024-07-18T20:11:16.882Z</time>
      </trkpt>
      <trkpt lat="46.49301" lon="11.396724">
        <ele>297.4</ele>
        <time>2024-07-18T20:11:25.784Z</time>
      </trkpt>
      <trkpt lat="46.493744" lon="11.395507">
        <ele>293.8</ele>
        <time>2024-07-18T20:12:24.233Z</time>
      </trkpt>
      <trkpt lat="46.494019" lon="11.395069">
        <ele>291.4</ele>
        <time>2024-07-18T20:12:44.504Z</time>
      </trkpt>
      <trkpt lat="46.494404" lon="11.39449">
        <ele>288.4</ele>
        <time>2024-07-18T20:13:09.950Z</time>
      </trkpt>
      <trkpt lat="46.494499" lon="11.394368">
        <ele>287.8</ele>
        <time>2024-07-18T20:13:15.859Z</time>
      </trkpt>
      <trkpt lat="46.494565" lon="11.394338">
        <ele>287.5</ele>
        <time>2024-07-18T20:13:19.120Z</time>
      </trkpt>
      <trkpt lat="46.494628" lon="11.394299">
        <ele>287.1</ele>
        <time>2024-07-18T20:13:22.349Z</time>
      </trkpt>
      <trkpt lat="46.494652" lon="11.394268">
        <ele>286.9</ele>
        <time>2024-07-18T20:13:23.862Z</time>
      </trkpt>
      <trkpt lat="46.494661" lon="11.394036">
        <ele>286.1</ele>
        <time>2024-07-18T20:13:31.406Z</time>
      </trkpt>
      <trkpt lat="46.494789" lon="11.393565">
        <ele>284.5</ele>
        <time>2024-07-18T20:13:47.976Z</time>
      </trkpt>
      <trkpt lat="46.494934" lon="11.392734">
        <ele>283.2</ele>
        <time>2024-07-18T20:14:18.518Z</time>
      </trkpt>
      <trkpt lat="46.495016" lon="11.39216">
        <ele>282.7</ele>
        <time>2024-07-18T20:14:40.724Z</time>
      </trkpt>
      <trkpt lat="46.495098" lon="11.391826">
        <ele>282.6</ele>
        <time>2024-07-18T20:14:54.728Z</time>
      </trkpt>
      <trkpt lat="46.495132" lon="11.391469">
        <ele>282.8</ele>
        <time>2024-07-18T20:15:09.696Z</time>
      </trkpt>
      <trkpt lat="46.495154" lon="11.39142">
        <ele>282.8</ele>
        <time>2024-07-18T20:15:12.196Z</time>
      </trkpt>
      <trkpt lat="46.495179" lon="11.391458">
        <ele>282.8</ele>
        <time>2024-07-18T20:15:14.442Z</time>
      </trkpt>
      <trkpt lat="46.495125" lon="11.391856">
        <ele>283.1</ele>
        <time>2024-07-18T20:15:31.750Z</time>
      </trkpt>
      <trkpt lat="46.495094" lon="11.392024">
        <ele>283.2</ele>
        <time>2024-07-18T20:15:39.168Z</time>
      </trkpt>
      <trkpt lat="46.495061" lon="11.392047">
        <ele>283.2</ele>
        <time>2024-07-18T20:15:41.441Z</time>
      </trkpt>
      <trkpt lat="46.49467" lon="11.391799">
        <ele>283.5</ele>
        <time>2024-07-18T20:16:07.910Z</time>
      </trkpt>
      <trkpt lat="46.49437" lon="11.391581">
        <ele>283.5</ele>
        <time>2024-07-18T20:16:28.344Z</time>
      </trkpt>
      <trkpt lat="46.494248" lon="11.391468">
        <ele>283.5</ele>
        <time>2024-07-18T20:16:37.004Z</time>
      </trkpt>
      <trkpt lat="46.494631" lon="11.390571">
        <ele>282.1</ele>
        <time>2024-07-18T20:17:17.379Z</time>
      </trkpt>
      <trkpt lat="46.494639" lon="11.390488">
        <ele>281.9</ele>
        <time>2024-07-18T20:17:20.518Z</time>
      </trkpt>
      <trkpt lat="46.494846" lon="11.389485">
        <ele>279.2</ele>
        <time>2024-07-18T20:17:56.698Z</time>
      </trkpt>
      <trkpt lat="46.49488" lon="11.389205">
        <ele>278.6</ele>
        <time>2024-07-18T20:18:06.579Z</time>
      </trkpt>
      <trkpt lat="46.495074" lon="11.388563">
        <ele>277.3</ele>
        <time>2024-07-18T20:18:31.909Z</time>
      </trkpt>
      <trkpt lat="46.495102" lon="11.388044">
        <ele>276.7</ele>
        <time>2024-07-18T20:18:51.210Z</time>
      </trkpt>
      <trkpt lat="46.495011" lon="11.387773">
        <ele>276.3</ele>
        <time>2024-07-18T20:19:02.730Z</time>
      </trkpt>
      <trkpt lat="46.494973" lon="11.387533">
        <ele>276.1</ele>
        <time>2024-07-18T20:19:12.156Z</time>
      </trkpt>
      <trkpt lat="46.494589" lon="11.384058">
        <ele>274.8</ele>
        <time>2024-07-18T20:21:32.767Z</time>
      </trkpt>
      <trkpt lat="46.494628" lon="11.382079">
        <ele>273.4</ele>
        <time>2024-07-18T20:22:51.739Z</time>
      </trkpt>
      <trkpt lat="46.494552" lon="11.380116">
        <ele>272.2</ele>
        <time>2024-07-18T20:24:09.280Z</time>
      </trkpt>
      <trkpt lat="46.494545" lon="11.379603">
        <ele>272.1</ele>
        <time>2024-07-18T20:24:29.699Z</time>
      </trkpt>
      <trkpt lat="46.494378" lon="11.378699">
        <ele>271.9</ele>
        <time>2024-07-18T20:25:07.748Z</time>
      </trkpt>
      <trkpt lat="46.494324" lon="11.378244">
        <ele>271.7</ele>
        <time>2024-07-18T20:25:26.418Z</time>
      </trkpt>
      <trkpt lat="46.494309" lon="11.376806">
        <ele>271.1</ele>
        <time>2024-07-18T20:26:24.054Z</time>
      </trkpt>
      <trkpt lat="46.494259" lon="11.376172">
        <ele>270.7</ele>
        <time>2024-07-18T20:26:49.525Z</time>
      </trkpt>
      <trkpt lat="46.494026" lon="11.374778">
        <ele>270.3</ele>
        <time>2024-07-18T20:27:47.148Z</time>
      </trkpt>
      <trkpt lat="46.494058" lon="11.374662">
        <ele>270.2</ele>
        <time>2024-07-18T20:27:52.192Z</time>
      </trkpt>
      <trkpt lat="46.493961" lon="11.374329">
        <ele>270.1</ele>
        <time>2024-07-18T20:28:06.692Z</time>
      </trkpt>
      <trkpt lat="46.493775" lon="11.373085">
        <ele>269.1</ele>
        <time>2024-07-18T20:28:56.819Z</time>
      </trkpt>
      <trkpt lat="46.493493" lon="11.371078">
        <ele>267.2</ele>
        <time>2024-07-18T20:30:16.438Z</time>
      </trkpt>
      <trkpt lat="46.493357" lon="11.369946">
        <ele>266.9</ele>
        <time>2024-07-18T20:31:01.669Z</time>
      </trkpt>
      <trkpt lat="46.493262" lon="11.369461">
        <ele>267</ele>
        <time>2024-07-18T20:31:22.283Z</time>
      </trkpt>
      <trkpt lat="46.49307" lon="11.368741">
        <ele>266.8</ele>
        <time>2024-07-18T20:31:53.939Z</time>
      </trkpt>
      <trkpt lat="46.49305" lon="11.368644">
        <ele>266.8</ele>
        <time>2024-07-18T20:31:58.008Z</time>
      </trkpt>
      <trkpt lat="46.492948" lon="11.368222">
        <ele>266.5</ele>
        <time>2024-07-18T20:32:15.781Z</time>
      </trkpt>
      <trkpt lat="46.492922" lon="11.367376">
        <ele>265.9</ele>
        <time>2024-07-18T20:32:49.211Z</time>
      </trkpt>
      <trkpt lat="46.492573" lon="11.365453">
        <ele>264.3</ele>
        <time>2024-07-18T20:34:07.025Z</time>
      </trkpt>
      <trkpt lat="46.492304" lon="11.36397">
        <ele>264.1</ele>
        <time>2024-07-18T20:35:08.118Z</time>
      </trkpt>
      <trkpt lat="46.492291" lon="11.363549">
        <ele>264.1</ele>
        <time>2024-07-18T20:35:25.368Z</time>
      </trkpt>
      <trkpt lat="46.492375" lon="11.362558">
        <ele>263.6</ele>
        <time>2024-07-18T20:36:05.569Z</time>
      </trkpt>
      <trkpt lat="46.492471" lon="11.361865">
        <ele>263.2</ele>
        <time>2024-07-18T20:36:33.697Z</time>
      </trkpt>
      <trkpt lat="46.492642" lon="11.36055">
        <ele>262.9</ele>
        <time>2024-07-18T20:37:27.614Z</time>
      </trkpt>
      <trkpt lat="46.492776" lon="11.359936">
        <ele>262.7</ele>
        <time>2024-07-18T20:37:53.719Z</time>
      </trkpt>
      <trkpt lat="46.492852" lon="11.359546">
        <ele>262.6</ele>
        <time>2024-07-18T20:38:10.110Z</time>
      </trkpt>
      <trkpt lat="46.492975" lon="11.358918">
        <ele>262.2</ele>
        <time>2024-07-18T20:38:36.186Z</time>
      </trkpt>
      <trkpt lat="46.493081" lon="11.358497">
        <ele>261.6</ele>
        <time>2024-07-18T20:38:53.568Z</time>
      </trkpt>
      <trkpt lat="46.493305" lon="11.357548">
        <ele>259.9</ele>
        <time>2024-07-18T20:39:30.691Z</time>
      </trkpt>
      <trkpt lat="46.49352" lon="11.356826">
        <ele>258.9</ele>
        <time>2024-07-18T20:39:59.954Z</time>
      </trkpt>
      <trkpt lat="46.493702" lon="11.356315">
        <ele>258.8</ele>
        <time>2024-07-18T20:40:22.417Z</time>
      </trkpt>
      <trkpt lat="46.493805" lon="11.355952">
        <ele>258.8</ele>
        <time>2024-07-18T20:40:38.487Z</time>
      </trkpt>
      <trkpt lat="46.493944" lon="11.355556">
        <ele>258.8</ele>
        <time>2024-07-18T20:40:56.804Z</time>
      </trkpt>
      <trkpt lat="46.494063" lon="11.355355">
        <ele>258.9</ele>
        <time>2024-07-18T20:41:07.950Z</time>
      </trkpt>
      <trkpt lat="46.494152" lon="11.355137">
        <ele>259.1</ele>
        <time>2024-07-18T20:41:18.846Z</time>
      </trkpt>
      <trkpt lat="46.494244" lon="11.354945">
        <ele>259.3</ele>
        <time>2024-07-18T20:41:29.085Z</time>
      </trkpt>
      <trkpt lat="46.494395" lon="11.354615">
        <ele>259.9</ele>
        <time>2024-07-18T20:41:46.611Z</time>
      </trkpt>
      <trkpt lat="46.494511" lon="11.354151">
        <ele>260.5</ele>
        <time>2024-07-18T20:42:08.691Z</time>
      </trkpt>
      <trkpt lat="46.494569" lon="11.354173">
        <ele>260.7</ele>
        <time>2024-07-18T20:42:12.580Z</time>
      </trkpt>
      <trkpt lat="46.494628" lon="11.354199">
        <ele>260.8</ele>
        <time>2024-07-18T20:42:16.579Z</time>
      </trkpt>
      <trkpt lat="46.49461" lon="11.354276">
        <ele>260.9</ele>
        <time>2024-07-18T20:42:20.228Z</time>
      </trkpt>
      <trkpt lat="46.494581" lon="11.354398">
        <ele>261</ele>
        <time>2024-07-18T20:42:26.019Z</time>
      </trkpt>
      <trkpt lat="46.494615" lon="11.354509">
        <ele>261.2</ele>
        <time>2024-07-18T20:42:31.471Z</time>
      </trkpt>
      <trkpt lat="46.494661" lon="11.355357">
        <ele>262.2</ele>
        <time>2024-07-18T20:43:09.362Z</time>
      </trkpt>
      <trkpt lat="46.494879" lon="11.355701">
        <ele>263</ele>
        <time>2024-07-18T20:43:30.354Z</time>
      </trkpt>
      <trkpt lat="46.494939" lon="11.355611">
        <ele>263.2</ele>
        <time>2024-07-18T20:43:36.053Z</time>
      </trkpt>
      <trkpt lat="46.495016" lon="11.35578">
        <ele>263.5</ele>
        <time>2024-07-18T20:43:45.273Z</time>
      </trkpt>
      <trkpt lat="46.495053" lon="11.355736">
        <ele>263.6</ele>
        <time>2024-07-18T20:43:48.420Z</time>
      </trkpt>
      <trkpt lat="46.4953" lon="11.356182">
        <ele>264.5</ele>
        <time>2024-07-18T20:44:14.358Z</time>
      </trkpt>
      <trkpt lat="46.495401" lon="11.356353">
        <ele>264.8</ele>
        <time>2024-07-18T20:44:24.537Z</time>
      </trkpt>
      <trkpt lat="46.495493" lon="11.356274">
        <ele>265</ele>
        <time>2024-07-18T20:44:31.518Z</time>
      </trkpt>
      <trkpt lat="46.495544" lon="11.356362">
        <ele>265.2</ele>
        <time>2024-07-18T20:44:36.690Z</time>
      </trkpt>
      <trkpt lat="46.496296" lon="11.357582">
        <ele>267.5</ele>
        <time>2024-07-18T20:45:50.300Z</time>
      </trkpt>
      <trkpt lat="46.496337" lon="11.357637">
        <ele>267.5</ele>
        <time>2024-07-18T20:45:53.912Z</time>
      </trkpt>
      <trkpt lat="46.496375" lon="11.357679">
        <ele>267.6</ele>
        <time>2024-07-18T20:45:56.928Z</time>
      </trkpt>
      <trkpt lat="46.496549" lon="11.357773">
        <ele>267.9</ele>
        <time>2024-07-18T20:46:08.614Z</time>
      </trkpt>
      <trkpt lat="46.496604" lon="11.357803">
        <ele>267.9</ele>
        <time>2024-07-18T20:46:12.309Z</time>
      </trkpt>
      <trkpt lat="46.496733" lon="11.357879">
        <ele>268.1</ele>
        <time>2024-07-18T20:46:21.074Z</time>
      </trkpt>
      <trkpt lat="46.496762" lon="11.357902">
        <ele>268.1</ele>
        <time>2024-07-18T20:46:23.155Z</time>
      </trkpt>
      <trkpt lat="46.496755" lon="11.358055">
        <ele>268.2</ele>
        <time>2024-07-18T20:46:29.770Z</time>
      </trkpt>
      <trkpt lat="46.49681" lon="11.35813">
        <ele>268.3</ele>
        <time>2024-07-18T20:46:34.447Z</time>
      </trkpt>
      <trkpt lat="46.496886" lon="11.358131">
        <ele>268.4</ele>
        <time>2024-07-18T20:46:39.160Z</time>
      </trkpt>
      <trkpt lat="46.496911" lon="11.358234">
        <ele>268.4</ele>
        <time>2024-07-18T20:46:43.834Z</time>
      </trkpt>
      <trkpt lat="46.496958" lon="11.358193">
        <ele>268.5</ele>
        <time>2024-07-18T20:46:47.222Z</time>
      </trkpt>
      <trkpt lat="46.496995" lon="11.358133">
        <ele>268.5</ele>
        <time>2024-07-18T20:46:50.649Z</time>
      </trkpt>
      <trkpt lat="46.497003" lon="11.358023">
        <ele>268.5</ele>
        <time>2024-07-18T20:46:55.364Z</time>
      </trkpt>
    </trkseg>
  </trk>
</gpx>
