<?xml version="1.0" encoding="UTF-8"?>
<gpx version="1.1" creator="https://www.komoot.de" schemaLocation="http://www.topografix.com/GPX/1/1 http://www.topografix.com/GPX/1/1/gpx.xsd" xmlns="http://www.topografix.com/GPX/1/1" xmlns:xsi="http://www.w3.org/2001/XMLSchema-instance" xsi:schemaLocation="http://www.topografix.com/GPX/1/1 http://www.topografix.com/GPX/1/1/gpx.xsd http://www.garmin.com/xmlschemas/GpxExtensions/v3 http://www.garmin.com/xmlschemas/GpxExtensionsv3.xsd http://www.garmin.com/xmlschemas/TrackPointExtension/v1 http://www.garmin.com/xmlschemas/TrackPointExtensionv1.xsd http://www.garmin.com/xmlschemas/PowerExtension/v1 http://www.garmin.com/xmlschemas/PowerExtensionv1.xsd http://www.topografix.com/GPX/gpx_style/0/2 http://www.topografix.com/GPX/gpx_style/0/2/gpx_style.xsd" xmlns:gpxtpx="http://www.garmin.com/xmlschemas/TrackPointExtension/v1" xmlns:gpxx="http://www.garmin.com/xmlschemas/GpxExtensions/v3" xmlns:gpxpx="http://www.garmin.com/xmlschemas/PowerExtension/v1" xmlns:gpx_style="http://www.topografix.com/GPX/gpx_style/0/2">
  <metadata>
    <name>Baita Cagoni</name>
    <desc>#activity=touring</desc>
    <author>
      <name>gpx.studio</name>
      <link href="https://gpx.studio"/>
    </author>
  </metadata>
  <wpt lat="46.07512" lon="11.108139">
    <ele>430.5840193396398</ele>
    <name>Incontro Lore e Fede</name>
    <cmt>#ico=emoji_people</cmt>
    <desc>#ico=emoji_people</desc>
  </wpt>
  <wpt lat="45.976902" lon="10.887228">
    <ele>1356.6048708835724</ele>
    <name>Baita Cargoni</name>
    <cmt>#ico=cabin</cmt>
    <desc>#ico=cabin</desc>
  </wpt>
  <wpt lat="45.95515" lon="10.888689">
    <ele>844.3101578240893</ele>
    <name>Bacetto al muro</name>
    <cmt>#ico=minor_crash</cmt>
    <desc>#ico=minor_crash</desc>
  </wpt>
  <wpt lat="46.079396" lon="11.029935">
    <ele>488.48555812076887</ele>
    <name>Signore simpatico ci offre frutta</name>
    <cmt>#ico=nutrition</cmt>
    <desc>#ico=nutrition</desc>
  </wpt>
  <trk>
    <name>🚲 Giorno I</name>
    <type>touring_bicycle</type>
    <trkseg>
      <trkpt lat="46.069629" lon="11.135804">
        <ele>260</ele>
        <time>2025-04-26T10:15:00.000Z</time>
      </trkpt>
      <trkpt lat="46.06959" lon="11.136487">
        <ele>256.118586</ele>
        <time>2025-04-26T10:15:03.717Z</time>
      </trkpt>
      <trkpt lat="46.069587" lon="11.136542">
        <ele>256.118586</ele>
        <time>2025-04-26T10:15:04.757Z</time>
      </trkpt>
      <trkpt lat="46.069184" lon="11.136453">
        <ele>256.118586</ele>
        <time>2025-04-26T10:15:12.284Z</time>
      </trkpt>
      <trkpt lat="46.069175" lon="11.136451">
        <ele>256.118586</ele>
        <time>2025-04-26T10:15:12.434Z</time>
      </trkpt>
      <trkpt lat="46.069115" lon="11.136438">
        <ele>256.118586</ele>
        <time>2025-04-26T10:15:13.543Z</time>
      </trkpt>
      <trkpt lat="46.069009" lon="11.136417">
        <ele>256.118586</ele>
        <time>2025-04-26T10:15:15.432Z</time>
      </trkpt>
      <trkpt lat="46.068812" lon="11.136376">
        <ele>255.641015</ele>
        <time>2025-04-26T10:15:18.945Z</time>
      </trkpt>
      <trkpt lat="46.068663" lon="11.136345">
        <ele>254.488124</ele>
        <time>2025-04-26T10:15:21.503Z</time>
      </trkpt>
      <trkpt lat="46.067971" lon="11.136216">
        <ele>249.144544</ele>
        <time>2025-04-26T10:15:33.013Z</time>
      </trkpt>
      <trkpt lat="46.06775" lon="11.136215">
        <ele>247.452085</ele>
        <time>2025-04-26T10:15:36.573Z</time>
      </trkpt>
      <trkpt lat="46.06666" lon="11.136357">
        <ele>239.414228</ele>
        <time>2025-04-26T10:15:54.050Z</time>
      </trkpt>
      <trkpt lat="46.066516" lon="11.136337">
        <ele>238.422614</ele>
        <time>2025-04-26T10:15:56.405Z</time>
      </trkpt>
      <trkpt lat="46.066431" lon="11.136299">
        <ele>237.812601</ele>
        <time>2025-04-26T10:15:57.866Z</time>
      </trkpt>
      <trkpt lat="46.066343" lon="11.136185">
        <ele>237.001565</ele>
        <time>2025-04-26T10:15:59.835Z</time>
      </trkpt>
      <trkpt lat="46.065987" lon="11.135552">
        <ele>233.126365</ele>
        <time>2025-04-26T10:16:09.226Z</time>
      </trkpt>
      <trkpt lat="46.06581" lon="11.134741">
        <ele>229.469028</ele>
        <time>2025-04-26T10:16:19.634Z</time>
      </trkpt>
      <trkpt lat="46.065774" lon="11.134454">
        <ele>228.656064</ele>
        <time>2025-04-26T10:16:23.619Z</time>
      </trkpt>
      <trkpt lat="46.065783" lon="11.134163">
        <ele>227.844112</ele>
        <time>2025-04-26T10:16:27.763Z</time>
      </trkpt>
      <trkpt lat="46.065818" lon="11.133886">
        <ele>227.059291</ele>
        <time>2025-04-26T10:16:31.478Z</time>
      </trkpt>
      <trkpt lat="46.065891" lon="11.133684">
        <ele>226.424429</ele>
        <time>2025-04-26T10:16:34.373Z</time>
      </trkpt>
      <trkpt lat="46.065954" lon="11.133623">
        <ele>226.119517</ele>
        <time>2025-04-26T10:16:35.740Z</time>
      </trkpt>
      <trkpt lat="46.066246" lon="11.133463">
        <ele>224.8645</ele>
        <time>2025-04-26T10:16:41.244Z</time>
      </trkpt>
      <trkpt lat="46.066372" lon="11.133275">
        <ele>224.135905</ele>
        <time>2025-04-26T10:16:44.497Z</time>
      </trkpt>
      <trkpt lat="46.066423" lon="11.133083">
        <ele>223.562842</ele>
        <time>2025-04-26T10:16:47.143Z</time>
      </trkpt>
      <trkpt lat="46.066418" lon="11.132742">
        <ele>222.583002</ele>
        <time>2025-04-26T10:16:51.516Z</time>
      </trkpt>
      <trkpt lat="46.066398" lon="11.13227">
        <ele>221.048618</ele>
        <time>2025-04-26T10:16:57.523Z</time>
      </trkpt>
      <trkpt lat="46.066427" lon="11.13212">
        <ele>220.54336</ele>
        <time>2025-04-26T10:16:59.402Z</time>
      </trkpt>
      <trkpt lat="46.066542" lon="11.131834">
        <ele>219.470778</ele>
        <time>2025-04-26T10:17:03.376Z</time>
      </trkpt>
      <trkpt lat="46.066929" lon="11.130895">
        <ele>215.926952</ele>
        <time>2025-04-26T10:17:16.467Z</time>
      </trkpt>
      <trkpt lat="46.06695" lon="11.130848">
        <ele>215.745562</ele>
        <time>2025-04-26T10:17:17.162Z</time>
      </trkpt>
      <trkpt lat="46.067171" lon="11.130403">
        <ele>214.091221</ele>
        <time>2025-04-26T10:17:24.104Z</time>
      </trkpt>
      <trkpt lat="46.06769" lon="11.129689">
        <ele>211.733519</ele>
        <time>2025-04-26T10:17:37.479Z</time>
      </trkpt>
      <trkpt lat="46.067919" lon="11.129461">
        <ele>210.818909</ele>
        <time>2025-04-26T10:17:42.893Z</time>
      </trkpt>
      <trkpt lat="46.068228" lon="11.129288">
        <ele>209.729578</ele>
        <time>2025-04-26T10:17:49.330Z</time>
      </trkpt>
      <trkpt lat="46.068284" lon="11.129258">
        <ele>209.533255</ele>
        <time>2025-04-26T10:17:50.496Z</time>
      </trkpt>
      <trkpt lat="46.069276" lon="11.128736">
        <ele>206.168944</ele>
        <time>2025-04-26T10:18:10.670Z</time>
      </trkpt>
      <trkpt lat="46.069651" lon="11.128522">
        <ele>204.901995</ele>
        <time>2025-04-26T10:18:18.230Z</time>
      </trkpt>
      <trkpt lat="46.069764" lon="11.128394">
        <ele>204.450532</ele>
        <time>2025-04-26T10:18:20.940Z</time>
      </trkpt>
      <trkpt lat="46.06982" lon="11.128085">
        <ele>203.75451</ele>
        <time>2025-04-26T10:18:25.091Z</time>
      </trkpt>
      <trkpt lat="46.069873" lon="11.128122">
        <ele>203.569522</ele>
        <time>2025-04-26T10:18:26.200Z</time>
      </trkpt>
      <trkpt lat="46.069897" lon="11.128067">
        <ele>203.427919</ele>
        <time>2025-04-26T10:18:27.047Z</time>
      </trkpt>
      <trkpt lat="46.069932" lon="11.128066">
        <ele>203.317952</ele>
        <time>2025-04-26T10:18:27.705Z</time>
      </trkpt>
      <trkpt lat="46.069942" lon="11.127964">
        <ele>203.093449</ele>
        <time>2025-04-26T10:18:29.049Z</time>
      </trkpt>
      <trkpt lat="46.06996" lon="11.127839">
        <ele>202.816627</ele>
        <time>2025-04-26T10:18:30.708Z</time>
      </trkpt>
      <trkpt lat="46.069926" lon="11.127689">
        <ele>202.699251</ele>
        <time>2025-04-26T10:18:32.736Z</time>
      </trkpt>
      <trkpt lat="46.069921" lon="11.127598">
        <ele>202.631352</ele>
        <time>2025-04-26T10:18:33.944Z</time>
      </trkpt>
      <trkpt lat="46.069923" lon="11.127447">
        <ele>202.519015</ele>
        <time>2025-04-26T10:18:36.047Z</time>
      </trkpt>
      <trkpt lat="46.069923" lon="11.127434">
        <ele>202.509345</ele>
        <time>2025-04-26T10:18:36.216Z</time>
      </trkpt>
      <trkpt lat="46.069921" lon="11.127329">
        <ele>202.431215</ele>
        <time>2025-04-26T10:18:37.637Z</time>
      </trkpt>
      <trkpt lat="46.069982" lon="11.127309">
        <ele>202.364145</ele>
        <time>2025-04-26T10:18:38.849Z</time>
      </trkpt>
      <trkpt lat="46.070535" lon="11.126801">
        <ele>201.661091</ele>
        <time>2025-04-26T10:18:52.311Z</time>
      </trkpt>
      <trkpt lat="46.070512" lon="11.126672">
        <ele>201.562022</ele>
        <time>2025-04-26T10:18:54.416Z</time>
      </trkpt>
      <trkpt lat="46.07047" lon="11.126362">
        <ele>201.327086</ele>
        <time>2025-04-26T10:19:00.524Z</time>
      </trkpt>
      <trkpt lat="46.070402" lon="11.126075">
        <ele>201.101507</ele>
        <time>2025-04-26T10:19:07.081Z</time>
      </trkpt>
      <trkpt lat="46.070231" lon="11.125505">
        <ele>201.168898</ele>
        <time>2025-04-26T10:19:21.760Z</time>
      </trkpt>
      <trkpt lat="46.070209" lon="11.12543">
        <ele>201.236875</ele>
        <time>2025-04-26T10:19:23.778Z</time>
      </trkpt>
      <trkpt lat="46.070191" lon="11.125365">
        <ele>201.2953</ele>
        <time>2025-04-26T10:19:25.633Z</time>
      </trkpt>
      <trkpt lat="46.070124" lon="11.124929">
        <ele>201.668095</ele>
        <time>2025-04-26T10:19:37.691Z</time>
      </trkpt>
      <trkpt lat="46.070105" lon="11.124537">
        <ele>201.996136</ele>
        <time>2025-04-26T10:19:48.064Z</time>
      </trkpt>
      <trkpt lat="46.070053" lon="11.124394">
        <ele>202.130917</ele>
        <time>2025-04-26T10:19:52.018Z</time>
      </trkpt>
      <trkpt lat="46.069963" lon="11.124155">
        <ele>202.357931</ele>
        <time>2025-04-26T10:19:58.384Z</time>
      </trkpt>
      <trkpt lat="46.069893" lon="11.123824">
        <ele>202.646804</ele>
        <time>2025-04-26T10:20:05.883Z</time>
      </trkpt>
      <trkpt lat="46.069887" lon="11.1236">
        <ele>202.83394</ele>
        <time>2025-04-26T10:20:10.459Z</time>
      </trkpt>
      <trkpt lat="46.069882" lon="11.123376">
        <ele>203.021034</ele>
        <time>2025-04-26T10:20:14.589Z</time>
      </trkpt>
      <trkpt lat="46.069882" lon="11.123181">
        <ele>202.87755</ele>
        <time>2025-04-26T10:20:17.867Z</time>
      </trkpt>
      <trkpt lat="46.069835" lon="11.122606">
        <ele>202.227161</ele>
        <time>2025-04-26T10:20:27.309Z</time>
      </trkpt>
      <trkpt lat="46.069829" lon="11.122533">
        <ele>202.144583</ele>
        <time>2025-04-26T10:20:28.470Z</time>
      </trkpt>
      <trkpt lat="46.069746" lon="11.12178">
        <ele>201.288096</ele>
        <time>2025-04-26T10:20:40.023Z</time>
      </trkpt>
      <trkpt lat="46.069735" lon="11.121695">
        <ele>201.190965</ele>
        <time>2025-04-26T10:20:41.222Z</time>
      </trkpt>
      <trkpt lat="46.069729" lon="11.121633">
        <ele>201.120643</ele>
        <time>2025-04-26T10:20:42.106Z</time>
      </trkpt>
      <trkpt lat="46.069716" lon="11.121508">
        <ele>200.978656</ele>
        <time>2025-04-26T10:20:43.819Z</time>
      </trkpt>
      <trkpt lat="46.069685" lon="11.121175">
        <ele>200.60123</ele>
        <time>2025-04-26T10:20:48.623Z</time>
      </trkpt>
      <trkpt lat="46.069583" lon="11.120331">
        <ele>199.349485</ele>
        <time>2025-04-26T10:21:01.350Z</time>
      </trkpt>
      <trkpt lat="46.069561" lon="11.120135">
        <ele>198.997911</ele>
        <time>2025-04-26T10:21:04.160Z</time>
      </trkpt>
      <trkpt lat="46.069537" lon="11.119971">
        <ele>198.701121</ele>
        <time>2025-04-26T10:21:06.472Z</time>
      </trkpt>
      <trkpt lat="46.069522" lon="11.119863">
        <ele>198.506089</ele>
        <time>2025-04-26T10:21:08.025Z</time>
      </trkpt>
      <trkpt lat="46.070002" lon="11.119756">
        <ele>197.266434</ele>
        <time>2025-04-26T10:21:17.509Z</time>
      </trkpt>
      <trkpt lat="46.069998" lon="11.119703">
        <ele>197.172033</ele>
        <time>2025-04-26T10:21:20.497Z</time>
      </trkpt>
      <trkpt lat="46.070022" lon="11.119683">
        <ele>197.101278</ele>
        <time>2025-04-26T10:21:22.729Z</time>
      </trkpt>
      <trkpt lat="46.070015" lon="11.119576">
        <ele>196.910972</ele>
        <time>2025-04-26T10:21:28.757Z</time>
      </trkpt>
      <trkpt lat="46.070069" lon="11.11955">
        <ele>196.765663</ele>
        <time>2025-04-26T10:21:33.313Z</time>
      </trkpt>
      <trkpt lat="46.070136" lon="11.119517">
        <ele>196.584953</ele>
        <time>2025-04-26T10:21:39.044Z</time>
      </trkpt>
      <trkpt lat="46.070169" lon="11.119563">
        <ele>196.467785</ele>
        <time>2025-04-26T10:21:42.763Z</time>
      </trkpt>
      <trkpt lat="46.070247" lon="11.119577">
        <ele>196.26717</ele>
        <time>2025-04-26T10:21:49.080Z</time>
      </trkpt>
      <trkpt lat="46.070335" lon="11.119501">
        <ele>196.00534</ele>
        <time>2025-04-26T10:21:57.398Z</time>
      </trkpt>
      <trkpt lat="46.070411" lon="11.119555">
        <ele>195.789081</ele>
        <time>2025-04-26T10:22:04.229Z</time>
      </trkpt>
      <trkpt lat="46.070461" lon="11.119591">
        <ele>195.646432</ele>
        <time>2025-04-26T10:22:08.683Z</time>
      </trkpt>
      <trkpt lat="46.070534" lon="11.119584">
        <ele>195.514497</ele>
        <time>2025-04-26T10:22:14.578Z</time>
      </trkpt>
      <trkpt lat="46.070562" lon="11.119537">
        <ele>195.471121</ele>
        <time>2025-04-26T10:22:18.058Z</time>
      </trkpt>
      <trkpt lat="46.07045" lon="11.119273">
        <ele>195.254451</ele>
        <time>2025-04-26T10:22:22.701Z</time>
      </trkpt>
      <trkpt lat="46.070087" lon="11.118003">
        <ele>194.292706</ele>
        <time>2025-04-26T10:22:44.559Z</time>
      </trkpt>
      <trkpt lat="46.070078" lon="11.11789">
        <ele>194.213065</ele>
        <time>2025-04-26T10:22:46.615Z</time>
      </trkpt>
      <trkpt lat="46.070091" lon="11.117758">
        <ele>194.119714</ele>
        <time>2025-04-26T10:22:49.037Z</time>
      </trkpt>
      <trkpt lat="46.07019" lon="11.117444">
        <ele>193.878217</ele>
        <time>2025-04-26T10:22:55.195Z</time>
      </trkpt>
      <trkpt lat="46.070262" lon="11.117214">
        <ele>193.652322</ele>
        <time>2025-04-26T10:22:59.310Z</time>
      </trkpt>
      <trkpt lat="46.070273" lon="11.117173">
        <ele>193.576372</ele>
        <time>2025-04-26T10:22:59.996Z</time>
      </trkpt>
      <trkpt lat="46.070289" lon="11.117028">
        <ele>193.322698</ele>
        <time>2025-04-26T10:23:02.165Z</time>
      </trkpt>
      <trkpt lat="46.070258" lon="11.116855">
        <ele>193.013986</ele>
        <time>2025-04-26T10:23:04.750Z</time>
      </trkpt>
      <trkpt lat="46.070067" lon="11.116497">
        <ele>192.233701</ele>
        <time>2025-04-26T10:23:10.957Z</time>
      </trkpt>
      <trkpt lat="46.070019" lon="11.116421">
        <ele>192.056129</ele>
        <time>2025-04-26T10:23:12.335Z</time>
      </trkpt>
      <trkpt lat="46.069988" lon="11.116371">
        <ele>191.940271</ele>
        <time>2025-04-26T10:23:13.201Z</time>
      </trkpt>
      <trkpt lat="46.069901" lon="11.116139">
        <ele>191.484621</ele>
        <time>2025-04-26T10:23:16.664Z</time>
      </trkpt>
      <trkpt lat="46.069945" lon="11.116072">
        <ele>191.325223</ele>
        <time>2025-04-26T10:23:17.869Z</time>
      </trkpt>
      <trkpt lat="46.069959" lon="11.115949">
        <ele>191.109867</ele>
        <time>2025-04-26T10:23:19.472Z</time>
      </trkpt>
      <trkpt lat="46.069937" lon="11.115853">
        <ele>190.935186</ele>
        <time>2025-04-26T10:23:20.815Z</time>
      </trkpt>
      <trkpt lat="46.069919" lon="11.11583">
        <ele>190.875281</ele>
        <time>2025-04-26T10:23:21.308Z</time>
      </trkpt>
      <trkpt lat="46.069944" lon="11.115738">
        <ele>190.704568</ele>
        <time>2025-04-26T10:23:22.605Z</time>
      </trkpt>
      <trkpt lat="46.06995" lon="11.115718">
        <ele>190.666921</ele>
        <time>2025-04-26T10:23:22.887Z</time>
      </trkpt>
      <trkpt lat="46.070285" lon="11.114469">
        <ele>189.104017</ele>
        <time>2025-04-26T10:23:40.579Z</time>
      </trkpt>
      <trkpt lat="46.070289" lon="11.114455">
        <ele>189.099618</ele>
        <time>2025-04-26T10:23:40.789Z</time>
      </trkpt>
      <trkpt lat="46.070318" lon="11.114354">
        <ele>189.067859</ele>
        <time>2025-04-26T10:23:42.269Z</time>
      </trkpt>
      <trkpt lat="46.070383" lon="11.114381">
        <ele>189.03953</ele>
        <time>2025-04-26T10:23:43.575Z</time>
      </trkpt>
      <trkpt lat="46.070541" lon="11.11453">
        <ele>188.960459</ele>
        <time>2025-04-26T10:23:47.461Z</time>
      </trkpt>
      <trkpt lat="46.070817" lon="11.114775">
        <ele>188.824714</ele>
        <time>2025-04-26T10:23:55.037Z</time>
      </trkpt>
      <trkpt lat="46.070875" lon="11.114818">
        <ele>188.797399</ele>
        <time>2025-04-26T10:23:56.779Z</time>
      </trkpt>
      <trkpt lat="46.071274" lon="11.115065">
        <ele>188.615545</ele>
        <time>2025-04-26T10:24:10.451Z</time>
      </trkpt>
      <trkpt lat="46.071556" lon="11.115145">
        <ele>188.560897</ele>
        <time>2025-04-26T10:24:20.723Z</time>
      </trkpt>
      <trkpt lat="46.071646" lon="11.115014">
        <ele>188.986018</ele>
        <time>2025-04-26T10:24:25.512Z</time>
      </trkpt>
      <trkpt lat="46.071746" lon="11.114968">
        <ele>189.334906</ele>
        <time>2025-04-26T10:24:29.724Z</time>
      </trkpt>
      <trkpt lat="46.072099" lon="11.114906">
        <ele>190.516861</ele>
        <time>2025-04-26T10:24:44.324Z</time>
      </trkpt>
      <trkpt lat="46.072202" lon="11.114889">
        <ele>190.861442</ele>
        <time>2025-04-26T10:24:48.803Z</time>
      </trkpt>
      <trkpt lat="46.07226" lon="11.11488">
        <ele>191.055332</ele>
        <time>2025-04-26T10:24:51.237Z</time>
      </trkpt>
      <trkpt lat="46.072377" lon="11.114864">
        <ele>191.445955</ele>
        <time>2025-04-26T10:24:56.549Z</time>
      </trkpt>
      <trkpt lat="46.072389" lon="11.114863">
        <ele>191.485906</ele>
        <time>2025-04-26T10:24:57.089Z</time>
      </trkpt>
      <trkpt lat="46.07264" lon="11.114833">
        <ele>192.323026</ele>
        <time>2025-04-26T10:25:08.668Z</time>
      </trkpt>
      <trkpt lat="46.07267" lon="11.11483">
        <ele>192.422977</ele>
        <time>2025-04-26T10:25:09.964Z</time>
      </trkpt>
      <trkpt lat="46.072805" lon="11.114817">
        <ele>192.872681</ele>
        <time>2025-04-26T10:25:15.825Z</time>
      </trkpt>
      <trkpt lat="46.072913" lon="11.114811">
        <ele>193.231911</ele>
        <time>2025-04-26T10:25:20.457Z</time>
      </trkpt>
      <trkpt lat="46.073273" lon="11.114778">
        <ele>194.430871</ele>
        <time>2025-04-26T10:25:35.312Z</time>
      </trkpt>
      <trkpt lat="46.073569" lon="11.11464">
        <ele>196.19321</ele>
        <time>2025-04-26T10:25:47.055Z</time>
      </trkpt>
      <trkpt lat="46.073683" lon="11.114573">
        <ele>196.905232</ele>
        <time>2025-04-26T10:25:52.361Z</time>
      </trkpt>
      <trkpt lat="46.073806" lon="11.1145">
        <ele>197.674547</ele>
        <time>2025-04-26T10:25:58.795Z</time>
      </trkpt>
      <trkpt lat="46.073819" lon="11.114492">
        <ele>197.756299</ele>
        <time>2025-04-26T10:25:59.463Z</time>
      </trkpt>
      <trkpt lat="46.074011" lon="11.114345">
        <ele>199.013656</ele>
        <time>2025-04-26T10:26:10.446Z</time>
      </trkpt>
      <trkpt lat="46.074222" lon="11.114147">
        <ele>200.469784</ele>
        <time>2025-04-26T10:26:23.323Z</time>
      </trkpt>
      <trkpt lat="46.074247" lon="11.114103">
        <ele>200.697975</ele>
        <time>2025-04-26T10:26:25.828Z</time>
      </trkpt>
      <trkpt lat="46.074295" lon="11.114031">
        <ele>201.098623</ele>
        <time>2025-04-26T10:26:29.957Z</time>
      </trkpt>
      <trkpt lat="46.074409" lon="11.113805">
        <ele>202.219747</ele>
        <time>2025-04-26T10:26:42.028Z</time>
      </trkpt>
      <trkpt lat="46.074518" lon="11.113554">
        <ele>203.407848</ele>
        <time>2025-04-26T10:26:55.670Z</time>
      </trkpt>
      <trkpt lat="46.074549" lon="11.113468">
        <ele>203.796696</ele>
        <time>2025-04-26T10:26:59.648Z</time>
      </trkpt>
      <trkpt lat="46.074631" lon="11.113085">
        <ele>205.354144</ele>
        <time>2025-04-26T10:27:16.364Z</time>
      </trkpt>
      <trkpt lat="46.074659" lon="11.113114">
        <ele>205.534153</ele>
        <time>2025-04-26T10:27:18.351Z</time>
      </trkpt>
      <trkpt lat="46.074672" lon="11.113128">
        <ele>205.618875</ele>
        <time>2025-04-26T10:27:19.293Z</time>
      </trkpt>
      <trkpt lat="46.074753" lon="11.112633">
        <ele>207.460914</ele>
        <time>2025-04-26T10:27:40.818Z</time>
      </trkpt>
      <trkpt lat="46.074791" lon="11.112263">
        <ele>208.81562</ele>
        <time>2025-04-26T10:27:57.253Z</time>
      </trkpt>
      <trkpt lat="46.074833" lon="11.111951">
        <ele>209.966728</ele>
        <time>2025-04-26T10:28:09.412Z</time>
      </trkpt>
      <trkpt lat="46.07493" lon="11.111729">
        <ele>210.916983</ele>
        <time>2025-04-26T10:28:18.469Z</time>
      </trkpt>
      <trkpt lat="46.074871" lon="11.111649">
        <ele>211.339881</ele>
        <time>2025-04-26T10:28:25.000Z</time>
      </trkpt>
      <trkpt lat="46.074925" lon="11.11153">
        <ele>211.854905</ele>
        <time>2025-04-26T10:28:29.949Z</time>
      </trkpt>
      <trkpt lat="46.074992" lon="11.111585">
        <ele>212.257454</ele>
        <time>2025-04-26T10:28:33.343Z</time>
      </trkpt>
      <trkpt lat="46.075047" lon="11.111538">
        <ele>212.591273</ele>
        <time>2025-04-26T10:28:36.126Z</time>
      </trkpt>
      <trkpt lat="46.075055" lon="11.11145">
        <ele>212.912722</ele>
        <time>2025-04-26T10:28:38.674Z</time>
      </trkpt>
      <trkpt lat="46.075044" lon="11.111421">
        <ele>213.032432</ele>
        <time>2025-04-26T10:28:39.448Z</time>
      </trkpt>
      <trkpt lat="46.07501" lon="11.111385">
        <ele>213.252686</ele>
        <time>2025-04-26T10:28:40.923Z</time>
      </trkpt>
      <trkpt lat="46.074959" lon="11.111389">
        <ele>213.51935</ele>
        <time>2025-04-26T10:28:42.869Z</time>
      </trkpt>
      <trkpt lat="46.074932" lon="11.111">
        <ele>213.974917</ele>
        <time>2025-04-26T10:28:50.072Z</time>
      </trkpt>
      <trkpt lat="46.074921" lon="11.110738">
        <ele>213.545007</ele>
        <time>2025-04-26T10:28:54.631Z</time>
      </trkpt>
      <trkpt lat="46.074921" lon="11.11034">
        <ele>212.89313</ele>
        <time>2025-04-26T10:29:01.650Z</time>
      </trkpt>
      <trkpt lat="46.074922" lon="11.110275">
        <ele>212.786641</ele>
        <time>2025-04-26T10:29:02.667Z</time>
      </trkpt>
      <trkpt lat="46.074926" lon="11.109985">
        <ele>212.311562</ele>
        <time>2025-04-26T10:29:06.854Z</time>
      </trkpt>
      <trkpt lat="46.074927" lon="11.109918">
        <ele>212.201798</ele>
        <time>2025-04-26T10:29:07.786Z</time>
      </trkpt>
      <trkpt lat="46.074928" lon="11.109821">
        <ele>212.042906</ele>
        <time>2025-04-26T10:29:09.059Z</time>
      </trkpt>
      <trkpt lat="46.07493" lon="11.109331">
        <ele>211.24033</ele>
        <time>2025-04-26T10:29:15.163Z</time>
      </trkpt>
      <trkpt lat="46.074858" lon="11.108922">
        <ele>210.549204</ele>
        <time>2025-04-26T10:29:20.433Z</time>
      </trkpt>
      <trkpt lat="46.074871" lon="11.108685">
        <ele>210.159814</ele>
        <time>2025-04-26T10:29:23.323Z</time>
      </trkpt>
      <trkpt lat="46.075032" lon="11.108359">
        <ele>209.29789</ele>
        <time>2025-04-26T10:29:28.079Z</time>
      </trkpt>
      <trkpt lat="46.075097" lon="11.108293">
        <ele>209.036054</ele>
        <time>2025-04-26T10:29:29.440Z</time>
      </trkpt>
      <trkpt lat="46.075121" lon="11.108191">
        <ele>208.789988</ele>
        <time>2025-04-26T10:29:30.704Z</time>
      </trkpt>
      <trkpt lat="46.075116" lon="11.108137">
        <ele>208.665526</ele>
        <time>2025-04-26T10:29:31.347Z</time>
      </trkpt>
      <trkpt lat="46.075086" lon="11.108056">
        <ele>208.455753</ele>
        <time>2025-04-26T10:29:32.440Z</time>
      </trkpt>
      <trkpt lat="46.075014" lon="11.108009">
        <ele>208.195459</ele>
        <time>2025-04-26T10:29:33.778Z</time>
      </trkpt>
      <trkpt lat="46.074977" lon="11.108009">
        <ele>208.073609</ele>
        <time>2025-04-26T10:29:34.419Z</time>
      </trkpt>
      <trkpt lat="46.074821" lon="11.107849">
        <ele>207.443091</ele>
        <time>2025-04-26T10:29:37.717Z</time>
      </trkpt>
      <trkpt lat="46.074652" lon="11.107433">
        <ele>206.341727</ele>
        <time>2025-04-26T10:29:43.604Z</time>
      </trkpt>
      <trkpt lat="46.074511" lon="11.107156">
        <ele>205.556806</ele>
        <time>2025-04-26T10:29:48.420Z</time>
      </trkpt>
      <trkpt lat="46.074424" lon="11.10708">
        <ele>205.221788</ele>
        <time>2025-04-26T10:29:50.909Z</time>
      </trkpt>
      <trkpt lat="46.074314" lon="11.107067">
        <ele>204.858314</ele>
        <time>2025-04-26T10:29:54.279Z</time>
      </trkpt>
      <trkpt lat="46.073899" lon="11.10718">
        <ele>204.643407</ele>
        <time>2025-04-26T10:30:06.551Z</time>
      </trkpt>
      <trkpt lat="46.073234" lon="11.107394">
        <ele>206.545217</ele>
        <time>2025-04-26T10:30:28.294Z</time>
      </trkpt>
      <trkpt lat="46.072885" lon="11.107583">
        <ele>207.585808</ele>
        <time>2025-04-26T10:30:45.383Z</time>
      </trkpt>
      <trkpt lat="46.072867" lon="11.107596">
        <ele>207.642002</ele>
        <time>2025-04-26T10:30:46.464Z</time>
      </trkpt>
      <trkpt lat="46.072734" lon="11.107849">
        <ele>208.25666</ele>
        <time>2025-04-26T10:30:57.832Z</time>
      </trkpt>
      <trkpt lat="46.072666" lon="11.107974">
        <ele>208.564246</ele>
        <time>2025-04-26T10:31:03.044Z</time>
      </trkpt>
      <trkpt lat="46.072497" lon="11.108218">
        <ele>209.306272</ele>
        <time>2025-04-26T10:31:13.641Z</time>
      </trkpt>
      <trkpt lat="46.072476" lon="11.108247">
        <ele>209.443546</ele>
        <time>2025-04-26T10:31:14.895Z</time>
      </trkpt>
      <trkpt lat="46.072231" lon="11.108548">
        <ele>210.963065</ele>
        <time>2025-04-26T10:31:30.352Z</time>
      </trkpt>
      <trkpt lat="46.072183" lon="11.108592">
        <ele>211.23157</ele>
        <time>2025-04-26T10:31:32.977Z</time>
      </trkpt>
      <trkpt lat="46.071953" lon="11.108712">
        <ele>212.386151</ele>
        <time>2025-04-26T10:31:45.031Z</time>
      </trkpt>
      <trkpt lat="46.071578" lon="11.108957">
        <ele>214.329573</ele>
        <time>2025-04-26T10:32:06.935Z</time>
      </trkpt>
      <trkpt lat="46.071494" lon="11.109012">
        <ele>214.765062</ele>
        <time>2025-04-26T10:32:12.198Z</time>
      </trkpt>
      <trkpt lat="46.071444" lon="11.109013">
        <ele>215.001096</ele>
        <time>2025-04-26T10:32:14.946Z</time>
      </trkpt>
      <trkpt lat="46.071376" lon="11.108957">
        <ele>215.370764</ele>
        <time>2025-04-26T10:32:19.313Z</time>
      </trkpt>
      <trkpt lat="46.07144" lon="11.108837">
        <ele>215.866429</ele>
        <time>2025-04-26T10:32:24.343Z</time>
      </trkpt>
      <trkpt lat="46.071696" lon="11.108368">
        <ele>217.763206</ele>
        <time>2025-04-26T10:32:41.292Z</time>
      </trkpt>
      <trkpt lat="46.071843" lon="11.108157">
        <ele>218.469919</ele>
        <time>2025-04-26T10:32:49.050Z</time>
      </trkpt>
      <trkpt lat="46.072587" lon="11.107318">
        <ele>221.687906</ele>
        <time>2025-04-26T10:33:25.791Z</time>
      </trkpt>
      <trkpt lat="46.072643" lon="11.107185">
        <ele>222.05559</ele>
        <time>2025-04-26T10:33:29.981Z</time>
      </trkpt>
      <trkpt lat="46.072702" lon="11.106815">
        <ele>222.95282</ele>
        <time>2025-04-26T10:33:40.888Z</time>
      </trkpt>
      <trkpt lat="46.0728" lon="11.106484">
        <ele>223.836063</ele>
        <time>2025-04-26T10:33:52.489Z</time>
      </trkpt>
      <trkpt lat="46.072938" lon="11.106311">
        <ele>224.788912</ele>
        <time>2025-04-26T10:34:01.119Z</time>
      </trkpt>
      <trkpt lat="46.07322" lon="11.10605">
        <ele>226.534913</ele>
        <time>2025-04-26T10:34:17.560Z</time>
      </trkpt>
      <trkpt lat="46.073308" lon="11.105806">
        <ele>227.528876</ele>
        <time>2025-04-26T10:34:27.612Z</time>
      </trkpt>
      <trkpt lat="46.073378" lon="11.105587">
        <ele>228.400399</ele>
        <time>2025-04-26T10:34:36.598Z</time>
      </trkpt>
      <trkpt lat="46.073403" lon="11.105508">
        <ele>228.714238</ele>
        <time>2025-04-26T10:34:39.901Z</time>
      </trkpt>
      <trkpt lat="46.073417" lon="11.105469">
        <ele>228.872952</ele>
        <time>2025-04-26T10:34:41.480Z</time>
      </trkpt>
      <trkpt lat="46.073605" lon="11.104843">
        <ele>231.338449</ele>
        <time>2025-04-26T10:35:05.152Z</time>
      </trkpt>
      <trkpt lat="46.073645" lon="11.104706">
        <ele>231.875683</ele>
        <time>2025-04-26T10:35:10.358Z</time>
      </trkpt>
      <trkpt lat="46.073788" lon="11.104409">
        <ele>233.181153</ele>
        <time>2025-04-26T10:35:23.141Z</time>
      </trkpt>
      <trkpt lat="46.074261" lon="11.103786">
        <ele>236.462019</ele>
        <time>2025-04-26T10:35:57.186Z</time>
      </trkpt>
      <trkpt lat="46.07459" lon="11.102445">
        <ele>241.51476</ele>
        <time>2025-04-26T10:36:47.501Z</time>
      </trkpt>
      <trkpt lat="46.074636" lon="11.102331">
        <ele>241.983241</ele>
        <time>2025-04-26T10:36:51.099Z</time>
      </trkpt>
      <trkpt lat="46.07482" lon="11.102035">
        <ele>243.248621</ele>
        <time>2025-04-26T10:37:01.853Z</time>
      </trkpt>
      <trkpt lat="46.074946" lon="11.101903">
        <ele>243.937283</ele>
        <time>2025-04-26T10:37:08.240Z</time>
      </trkpt>
      <trkpt lat="46.075008" lon="11.101897">
        <ele>244.21202</ele>
        <time>2025-04-26T10:37:10.858Z</time>
      </trkpt>
      <trkpt lat="46.07524" lon="11.102201">
        <ele>245.598209</ele>
        <time>2025-04-26T10:37:24.442Z</time>
      </trkpt>
      <trkpt lat="46.075356" lon="11.102291">
        <ele>246.180647</ele>
        <time>2025-04-26T10:37:30.460Z</time>
      </trkpt>
      <trkpt lat="46.075425" lon="11.102285">
        <ele>246.486271</ele>
        <time>2025-04-26T10:37:33.560Z</time>
      </trkpt>
      <trkpt lat="46.075533" lon="11.102208">
        <ele>247.018982</ele>
        <time>2025-04-26T10:37:39.145Z</time>
      </trkpt>
      <trkpt lat="46.075637" lon="11.102043">
        <ele>247.702749</ele>
        <time>2025-04-26T10:37:46.650Z</time>
      </trkpt>
      <trkpt lat="46.075771" lon="11.101741">
        <ele>248.802275</ele>
        <time>2025-04-26T10:37:59.010Z</time>
      </trkpt>
      <trkpt lat="46.076213" lon="11.100782">
        <ele>252.662108</ele>
        <time>2025-04-26T10:38:38.580Z</time>
      </trkpt>
      <trkpt lat="46.076281" lon="11.100546">
        <ele>253.570955</ele>
        <time>2025-04-26T10:38:48.140Z</time>
      </trkpt>
      <trkpt lat="46.076539" lon="11.100275">
        <ele>255.20756</ele>
        <time>2025-04-26T10:39:04.441Z</time>
      </trkpt>
      <trkpt lat="46.077133" lon="11.099907">
        <ele>258.522197</ele>
        <time>2025-04-26T10:39:35.129Z</time>
      </trkpt>
      <trkpt lat="46.077193" lon="11.099869">
        <ele>258.858182</ele>
        <time>2025-04-26T10:39:38.257Z</time>
      </trkpt>
      <trkpt lat="46.078121" lon="11.099323">
        <ele>263.977557</ele>
        <time>2025-04-26T10:40:29.130Z</time>
      </trkpt>
      <trkpt lat="46.078307" lon="11.099256">
        <ele>264.956247</ele>
        <time>2025-04-26T10:40:38.917Z</time>
      </trkpt>
      <trkpt lat="46.078539" lon="11.099195">
        <ele>266.160102</ele>
        <time>2025-04-26T10:40:50.500Z</time>
      </trkpt>
      <trkpt lat="46.079409" lon="11.098961">
        <ele>270.7654</ele>
        <time>2025-04-26T10:41:33.218Z</time>
      </trkpt>
      <trkpt lat="46.080132" lon="11.098527">
        <ele>274.9382</ele>
        <time>2025-04-26T10:42:10.302Z</time>
      </trkpt>
      <trkpt lat="46.080241" lon="11.09846">
        <ele>275.569547</ele>
        <time>2025-04-26T10:42:16.000Z</time>
      </trkpt>
      <trkpt lat="46.08021" lon="11.098361">
        <ele>275.970987</ele>
        <time>2025-04-26T10:42:20.307Z</time>
      </trkpt>
      <trkpt lat="46.080148" lon="11.098337">
        <ele>276.313029</ele>
        <time>2025-04-26T10:42:23.404Z</time>
      </trkpt>
      <trkpt lat="46.07975" lon="11.098571">
        <ele>278.841866</ele>
        <time>2025-04-26T10:42:47.596Z</time>
      </trkpt>
      <trkpt lat="46.079431" lon="11.098709">
        <ele>281.855233</ele>
        <time>2025-04-26T10:43:07.150Z</time>
      </trkpt>
      <trkpt lat="46.079174" lon="11.098749">
        <ele>284.194007</ele>
        <time>2025-04-26T10:43:23.461Z</time>
      </trkpt>
      <trkpt lat="46.078965" lon="11.098733">
        <ele>286.087644</ele>
        <time>2025-04-26T10:43:35.746Z</time>
      </trkpt>
      <trkpt lat="46.077837" lon="11.098535">
        <ele>297.104848</ele>
        <time>2025-04-26T10:45:00.098Z</time>
      </trkpt>
      <trkpt lat="46.07679" lon="11.098142">
        <ele>310.822108</ele>
        <time>2025-04-26T10:46:37.943Z</time>
      </trkpt>
      <trkpt lat="46.076597" lon="11.098093">
        <ele>313.306765</ele>
        <time>2025-04-26T10:46:56.396Z</time>
      </trkpt>
      <trkpt lat="46.076132" lon="11.098074">
        <ele>318.393298</ele>
        <time>2025-04-26T10:47:36.861Z</time>
      </trkpt>
      <trkpt lat="46.075711" lon="11.098187">
        <ele>321.460894</ele>
        <time>2025-04-26T10:48:05.103Z</time>
      </trkpt>
      <trkpt lat="46.075419" lon="11.098305">
        <ele>323.633224</ele>
        <time>2025-04-26T10:48:22.096Z</time>
      </trkpt>
      <trkpt lat="46.075232" lon="11.098427">
        <ele>325.103571</ele>
        <time>2025-04-26T10:48:32.352Z</time>
      </trkpt>
      <trkpt lat="46.074766" lon="11.098755">
        <ele>328.818366</ele>
        <time>2025-04-26T10:48:55.072Z</time>
      </trkpt>
      <trkpt lat="46.074293" lon="11.098925">
        <ele>333.302661</ele>
        <time>2025-04-26T10:49:17.698Z</time>
      </trkpt>
      <trkpt lat="46.074033" lon="11.098949">
        <ele>336.056449</ele>
        <time>2025-04-26T10:49:32.092Z</time>
      </trkpt>
      <trkpt lat="46.072983" lon="11.098924">
        <ele>347.156295</ele>
        <time>2025-04-26T10:51:00.629Z</time>
      </trkpt>
      <trkpt lat="46.072719" lon="11.099036">
        <ele>350.260757</ele>
        <time>2025-04-26T10:51:26.840Z</time>
      </trkpt>
      <trkpt lat="46.072474" lon="11.099217">
        <ele>353.856689</ele>
        <time>2025-04-26T10:51:53.484Z</time>
      </trkpt>
      <trkpt lat="46.072119" lon="11.099498">
        <ele>359.146716</ele>
        <time>2025-04-26T10:52:33.612Z</time>
      </trkpt>
      <trkpt lat="46.071724" lon="11.099745">
        <ele>364.770648</ele>
        <time>2025-04-26T10:53:13.422Z</time>
      </trkpt>
      <trkpt lat="46.071166" lon="11.099823">
        <ele>372.093254</ele>
        <time>2025-04-26T10:53:55.104Z</time>
      </trkpt>
      <trkpt lat="46.071093" lon="11.09985">
        <ele>372.962654</ele>
        <time>2025-04-26T10:54:00.240Z</time>
      </trkpt>
      <trkpt lat="46.071049" lon="11.09991">
        <ele>373.493347</ele>
        <time>2025-04-26T10:54:04.509Z</time>
      </trkpt>
      <trkpt lat="46.071016" lon="11.100023">
        <ele>374.238596</ele>
        <time>2025-04-26T10:54:10.352Z</time>
      </trkpt>
      <trkpt lat="46.071025" lon="11.100138">
        <ele>374.942062</ele>
        <time>2025-04-26T10:54:15.899Z</time>
      </trkpt>
      <trkpt lat="46.071081" lon="11.100214">
        <ele>375.615972</ele>
        <time>2025-04-26T10:54:21.186Z</time>
      </trkpt>
      <trkpt lat="46.07125" lon="11.100326">
        <ele>377.2457</ele>
        <time>2025-04-26T10:54:34.324Z</time>
      </trkpt>
      <trkpt lat="46.071321" lon="11.100412">
        <ele>378.058258</ele>
        <time>2025-04-26T10:54:41.217Z</time>
      </trkpt>
      <trkpt lat="46.071528" lon="11.100876">
        <ele>381.411489</ele>
        <time>2025-04-26T10:55:10.729Z</time>
      </trkpt>
      <trkpt lat="46.071545" lon="11.101048">
        <ele>382.467545</ele>
        <time>2025-04-26T10:55:17.749Z</time>
      </trkpt>
      <trkpt lat="46.071471" lon="11.101286">
        <ele>384.052871</ele>
        <time>2025-04-26T10:55:27.161Z</time>
      </trkpt>
      <trkpt lat="46.071301" lon="11.101481">
        <ele>385.956423</ele>
        <time>2025-04-26T10:55:38.130Z</time>
      </trkpt>
      <trkpt lat="46.071171" lon="11.101732">
        <ele>387.860403</ele>
        <time>2025-04-26T10:55:49.838Z</time>
      </trkpt>
      <trkpt lat="46.071117" lon="11.101782">
        <ele>388.42274</ele>
        <time>2025-04-26T10:55:53.259Z</time>
      </trkpt>
      <trkpt lat="46.071054" lon="11.101783">
        <ele>389.00643</ele>
        <time>2025-04-26T10:55:57.088Z</time>
      </trkpt>
      <trkpt lat="46.071014" lon="11.101714">
        <ele>389.588523</ele>
        <time>2025-04-26T10:56:00.893Z</time>
      </trkpt>
      <trkpt lat="46.07104" lon="11.10157">
        <ele>390.551775</ele>
        <time>2025-04-26T10:56:07.325Z</time>
      </trkpt>
      <trkpt lat="46.07122" lon="11.101349">
        <ele>392.758095</ele>
        <time>2025-04-26T10:56:23.691Z</time>
      </trkpt>
      <trkpt lat="46.071269" lon="11.101244">
        <ele>393.57729</ele>
        <time>2025-04-26T10:56:30.480Z</time>
      </trkpt>
      <trkpt lat="46.071269" lon="11.101121">
        <ele>394.37354</ele>
        <time>2025-04-26T10:56:36.914Z</time>
      </trkpt>
      <trkpt lat="46.071238" lon="11.101039">
        <ele>394.978071</ele>
        <time>2025-04-26T10:56:42.262Z</time>
      </trkpt>
      <trkpt lat="46.07104" lon="11.100755">
        <ele>397.584515</ele>
        <time>2025-04-26T10:57:03.755Z</time>
      </trkpt>
      <trkpt lat="46.070933" lon="11.100648">
        <ele>398.799693</ele>
        <time>2025-04-26T10:57:12.912Z</time>
      </trkpt>
      <trkpt lat="46.070853" lon="11.100617">
        <ele>399.572686</ele>
        <time>2025-04-26T10:57:18.577Z</time>
      </trkpt>
      <trkpt lat="46.070612" lon="11.100603">
        <ele>401.823308</ele>
        <time>2025-04-26T10:57:33.226Z</time>
      </trkpt>
      <trkpt lat="46.070558" lon="11.100575">
        <ele>402.358799</ele>
        <time>2025-04-26T10:57:37.201Z</time>
      </trkpt>
      <trkpt lat="46.070517" lon="11.100554">
        <ele>402.76481</ele>
        <time>2025-04-26T10:57:40.245Z</time>
      </trkpt>
      <trkpt lat="46.070405" lon="11.10026">
        <ele>404.936121</ele>
        <time>2025-04-26T10:57:58.436Z</time>
      </trkpt>
      <trkpt lat="46.070207" lon="11.100013">
        <ele>407.557996</ele>
        <time>2025-04-26T10:58:18.069Z</time>
      </trkpt>
      <trkpt lat="46.070107" lon="11.099813">
        <ele>409.289004</ele>
        <time>2025-04-26T10:58:30.785Z</time>
      </trkpt>
      <trkpt lat="46.07004" lon="11.099789">
        <ele>409.987721</ele>
        <time>2025-04-26T10:58:35.469Z</time>
      </trkpt>
      <trkpt lat="46.069998" lon="11.099818">
        <ele>410.459049</ele>
        <time>2025-04-26T10:58:38.757Z</time>
      </trkpt>
      <trkpt lat="46.069979" lon="11.099959">
        <ele>411.467593</ele>
        <time>2025-04-26T10:58:45.480Z</time>
      </trkpt>
      <trkpt lat="46.07002" lon="11.100039">
        <ele>412.165963</ele>
        <time>2025-04-26T10:58:50.893Z</time>
      </trkpt>
      <trkpt lat="46.070181" lon="11.10022">
        <ele>414.232429</ele>
        <time>2025-04-26T10:59:06.141Z</time>
      </trkpt>
      <trkpt lat="46.070215" lon="11.100357">
        <ele>415.254076</ele>
        <time>2025-04-26T10:59:13.622Z</time>
      </trkpt>
      <trkpt lat="46.070209" lon="11.100579">
        <ele>416.814042</ele>
        <time>2025-04-26T10:59:24.714Z</time>
      </trkpt>
      <trkpt lat="46.070238" lon="11.100702">
        <ele>417.726202</ele>
        <time>2025-04-26T10:59:30.978Z</time>
      </trkpt>
      <trkpt lat="46.070404" lon="11.10092">
        <ele>419.998995</ele>
        <time>2025-04-26T10:59:47.290Z</time>
      </trkpt>
      <trkpt lat="46.070473" lon="11.101071">
        <ele>421.268561</ele>
        <time>2025-04-26T10:59:56.424Z</time>
      </trkpt>
      <trkpt lat="46.070466" lon="11.101168">
        <ele>421.953323</ele>
        <time>2025-04-26T11:00:01.454Z</time>
      </trkpt>
      <trkpt lat="46.070438" lon="11.101221">
        <ele>422.421076</ele>
        <time>2025-04-26T11:00:04.829Z</time>
      </trkpt>
      <trkpt lat="46.070381" lon="11.101256">
        <ele>423.048125</ele>
        <time>2025-04-26T11:00:09.670Z</time>
      </trkpt>
      <trkpt lat="46.07031" lon="11.101231">
        <ele>423.765677</ele>
        <time>2025-04-26T11:00:15.186Z</time>
      </trkpt>
      <trkpt lat="46.069525" lon="11.0998">
        <ele>435.669685</ele>
        <time>2025-04-26T11:01:47.790Z</time>
      </trkpt>
      <trkpt lat="46.06951" lon="11.099729">
        <ele>436.153989</ele>
        <time>2025-04-26T11:01:51.087Z</time>
      </trkpt>
      <trkpt lat="46.069549" lon="11.099428">
        <ele>438.152077</ele>
        <time>2025-04-26T11:02:03.432Z</time>
      </trkpt>
      <trkpt lat="46.069537" lon="11.099305">
        <ele>438.962592</ele>
        <time>2025-04-26T11:02:09.048Z</time>
      </trkpt>
      <trkpt lat="46.069484" lon="11.098918">
        <ele>441.463169</ele>
        <time>2025-04-26T11:02:25.967Z</time>
      </trkpt>
      <trkpt lat="46.069494" lon="11.098812">
        <ele>442.116442</ele>
        <time>2025-04-26T11:02:30.607Z</time>
      </trkpt>
      <trkpt lat="46.06959" lon="11.09858">
        <ele>443.766064</ele>
        <time>2025-04-26T11:02:42.209Z</time>
      </trkpt>
      <trkpt lat="46.069732" lon="11.098412">
        <ele>445.383091</ele>
        <time>2025-04-26T11:02:53.343Z</time>
      </trkpt>
      <trkpt lat="46.069808" lon="11.09828">
        <ele>446.430604</ele>
        <time>2025-04-26T11:02:59.949Z</time>
      </trkpt>
      <trkpt lat="46.069845" lon="11.097755">
        <ele>449.653132</ele>
        <time>2025-04-26T11:03:24.456Z</time>
      </trkpt>
      <trkpt lat="46.069883" lon="11.097522">
        <ele>451.114782</ele>
        <time>2025-04-26T11:03:36.718Z</time>
      </trkpt>
      <trkpt lat="46.069965" lon="11.097308">
        <ele>452.60769</ele>
        <time>2025-04-26T11:03:49.342Z</time>
      </trkpt>
      <trkpt lat="46.070092" lon="11.097098">
        <ele>454.308921</ele>
        <time>2025-04-26T11:04:03.512Z</time>
      </trkpt>
      <trkpt lat="46.070343" lon="11.096797">
        <ele>457.209803</ele>
        <time>2025-04-26T11:04:26.973Z</time>
      </trkpt>
      <trkpt lat="46.070537" lon="11.096469">
        <ele>459.915671</ele>
        <time>2025-04-26T11:04:47.558Z</time>
      </trkpt>
      <trkpt lat="46.07064" lon="11.096315">
        <ele>461.258562</ele>
        <time>2025-04-26T11:04:57.238Z</time>
      </trkpt>
      <trkpt lat="46.070714" lon="11.096251">
        <ele>462.039466</ele>
        <time>2025-04-26T11:05:02.597Z</time>
      </trkpt>
      <trkpt lat="46.071135" lon="11.095962">
        <ele>466.258989</ele>
        <time>2025-04-26T11:05:32.631Z</time>
      </trkpt>
      <trkpt lat="46.071434" lon="11.095646">
        <ele>469.61393</ele>
        <time>2025-04-26T11:05:58.387Z</time>
      </trkpt>
      <trkpt lat="46.071703" lon="11.095297">
        <ele>472.877752</ele>
        <time>2025-04-26T11:06:22.921Z</time>
      </trkpt>
      <trkpt lat="46.071906" lon="11.094903">
        <ele>475.870903</ele>
        <time>2025-04-26T11:06:46.902Z</time>
      </trkpt>
      <trkpt lat="46.071997" lon="11.094612">
        <ele>477.817638</ele>
        <time>2025-04-26T11:07:02.567Z</time>
      </trkpt>
      <trkpt lat="46.072027" lon="11.094003">
        <ele>481.541187</ele>
        <time>2025-04-26T11:07:29.306Z</time>
      </trkpt>
      <trkpt lat="46.072065" lon="11.093867">
        <ele>482.435375</ele>
        <time>2025-04-26T11:07:35.203Z</time>
      </trkpt>
      <trkpt lat="46.072109" lon="11.093804">
        <ele>482.980582</ele>
        <time>2025-04-26T11:07:39.220Z</time>
      </trkpt>
      <trkpt lat="46.072369" lon="11.093625">
        <ele>485.513589</ele>
        <time>2025-04-26T11:08:00.169Z</time>
      </trkpt>
      <trkpt lat="46.072499" lon="11.093587">
        <ele>486.679692</ele>
        <time>2025-04-26T11:08:09.180Z</time>
      </trkpt>
      <trkpt lat="46.072735" lon="11.093575">
        <ele>488.689842</ele>
        <time>2025-04-26T11:08:24.011Z</time>
      </trkpt>
      <trkpt lat="46.073048" lon="11.093675">
        <ele>491.091052</ele>
        <time>2025-04-26T11:08:44.510Z</time>
      </trkpt>
      <trkpt lat="46.073151" lon="11.093625">
        <ele>491.905076</ele>
        <time>2025-04-26T11:08:51.234Z</time>
      </trkpt>
      <trkpt lat="46.073164" lon="11.093556">
        <ele>492.276585</ele>
        <time>2025-04-26T11:08:54.705Z</time>
      </trkpt>
      <trkpt lat="46.073146" lon="11.093485">
        <ele>492.669363</ele>
        <time>2025-04-26T11:08:58.284Z</time>
      </trkpt>
      <trkpt lat="46.073076" lon="11.093426">
        <ele>493.2767</ele>
        <time>2025-04-26T11:09:03.230Z</time>
      </trkpt>
      <trkpt lat="46.072849" lon="11.093434">
        <ele>494.9774</ele>
        <time>2025-04-26T11:09:18.631Z</time>
      </trkpt>
      <trkpt lat="46.072382" lon="11.093323">
        <ele>498.522384</ele>
        <time>2025-04-26T11:09:50.298Z</time>
      </trkpt>
      <trkpt lat="46.071766" lon="11.093325">
        <ele>502.697874</ele>
        <time>2025-04-26T11:10:21.360Z</time>
      </trkpt>
      <trkpt lat="46.071628" lon="11.093468">
        <ele>503.558719</ele>
        <time>2025-04-26T11:10:27.846Z</time>
      </trkpt>
      <trkpt lat="46.071551" lon="11.093743">
        <ele>504.600776</ele>
        <time>2025-04-26T11:10:35.323Z</time>
      </trkpt>
      <trkpt lat="46.071566" lon="11.093963">
        <ele>505.377558</ele>
        <time>2025-04-26T11:10:41.103Z</time>
      </trkpt>
      <trkpt lat="46.07163" lon="11.094311">
        <ele>506.64263</ele>
        <time>2025-04-26T11:10:51.078Z</time>
      </trkpt>
      <trkpt lat="46.071624" lon="11.094381">
        <ele>506.890473</ele>
        <time>2025-04-26T11:10:53.108Z</time>
      </trkpt>
      <trkpt lat="46.071503" lon="11.094593">
        <ele>507.855123</ele>
        <time>2025-04-26T11:11:01.404Z</time>
      </trkpt>
      <trkpt lat="46.07123" lon="11.094977">
        <ele>509.787147</ele>
        <time>2025-04-26T11:11:20.219Z</time>
      </trkpt>
      <trkpt lat="46.070921" lon="11.095047">
        <ele>511.799558</ele>
        <time>2025-04-26T11:11:39.572Z</time>
      </trkpt>
      <trkpt lat="46.06937" lon="11.095236">
        <ele>526.731695</ele>
        <time>2025-04-26T11:13:39.048Z</time>
      </trkpt>
      <trkpt lat="46.069243" lon="11.095339">
        <ele>528.129657</ele>
        <time>2025-04-26T11:13:47.492Z</time>
      </trkpt>
      <trkpt lat="46.069165" lon="11.095448">
        <ele>528.936298</ele>
        <time>2025-04-26T11:13:53.865Z</time>
      </trkpt>
      <trkpt lat="46.069062" lon="11.095698">
        <ele>530.426528</ele>
        <time>2025-04-26T11:14:06.231Z</time>
      </trkpt>
      <trkpt lat="46.068906" lon="11.096292">
        <ele>533.6818</ele>
        <time>2025-04-26T11:14:31.973Z</time>
      </trkpt>
      <trkpt lat="46.068874" lon="11.096348">
        <ele>534.053639</ele>
        <time>2025-04-26T11:14:34.403Z</time>
      </trkpt>
      <trkpt lat="46.068733" lon="11.096453">
        <ele>535.226075</ele>
        <time>2025-04-26T11:14:42.550Z</time>
      </trkpt>
      <trkpt lat="46.068461" lon="11.096469">
        <ele>537.237128</ele>
        <time>2025-04-26T11:14:56.053Z</time>
      </trkpt>
      <trkpt lat="46.068331" lon="11.096526">
        <ele>538.240947</ele>
        <time>2025-04-26T11:15:03.288Z</time>
      </trkpt>
      <trkpt lat="46.067983" lon="11.09681">
        <ele>541.19526</ele>
        <time>2025-04-26T11:15:27.907Z</time>
      </trkpt>
      <trkpt lat="46.067896" lon="11.096929">
        <ele>542.147315</ele>
        <time>2025-04-26T11:15:36.120Z</time>
      </trkpt>
      <trkpt lat="46.067713" lon="11.097275">
        <ele>544.604875</ele>
        <time>2025-04-26T11:15:59.028Z</time>
      </trkpt>
      <trkpt lat="46.06741" lon="11.097587">
        <ele>547.636625</ele>
        <time>2025-04-26T11:16:25.917Z</time>
      </trkpt>
      <trkpt lat="46.067008" lon="11.09789">
        <ele>551.330033</ele>
        <time>2025-04-26T11:16:55.324Z</time>
      </trkpt>
      <trkpt lat="46.066635" lon="11.098007">
        <ele>554.437907</ele>
        <time>2025-04-26T11:17:18.196Z</time>
      </trkpt>
      <trkpt lat="46.066431" lon="11.09814">
        <ele>556.186895</ele>
        <time>2025-04-26T11:17:30.757Z</time>
      </trkpt>
      <trkpt lat="46.066222" lon="11.098319">
        <ele>557.364347</ele>
        <time>2025-04-26T11:17:44.120Z</time>
      </trkpt>
      <trkpt lat="46.06585" lon="11.098817">
        <ele>559.823288</ele>
        <time>2025-04-26T11:18:08.890Z</time>
      </trkpt>
      <trkpt lat="46.065701" lon="11.098855">
        <ele>560.556131</ele>
        <time>2025-04-26T11:18:15.746Z</time>
      </trkpt>
      <trkpt lat="46.065561" lon="11.098811">
        <ele>561.250109</ele>
        <time>2025-04-26T11:18:21.615Z</time>
      </trkpt>
      <trkpt lat="46.065536" lon="11.098785">
        <ele>561.399419</ele>
        <time>2025-04-26T11:18:22.776Z</time>
      </trkpt>
      <trkpt lat="46.065514" lon="11.098762">
        <ele>561.531048</ele>
        <time>2025-04-26T11:18:23.806Z</time>
      </trkpt>
      <trkpt lat="46.065488" lon="11.098726">
        <ele>561.705665</ele>
        <time>2025-04-26T11:18:25.377Z</time>
      </trkpt>
      <trkpt lat="46.065259" lon="11.09836">
        <ele>563.36178</ele>
        <time>2025-04-26T11:18:38.897Z</time>
      </trkpt>
      <trkpt lat="46.065049" lon="11.098036">
        <ele>564.881583</ele>
        <time>2025-04-26T11:18:52.633Z</time>
      </trkpt>
      <trkpt lat="46.064985" lon="11.097824">
        <ele>566.032046</ele>
        <time>2025-04-26T11:19:01.071Z</time>
      </trkpt>
      <trkpt lat="46.064954" lon="11.097674">
        <ele>566.81087</ele>
        <time>2025-04-26T11:19:07.048Z</time>
      </trkpt>
      <trkpt lat="46.06491" lon="11.097517">
        <ele>567.653444</ele>
        <time>2025-04-26T11:19:13.415Z</time>
      </trkpt>
      <trkpt lat="46.064768" lon="11.097178">
        <ele>569.623923</ele>
        <time>2025-04-26T11:19:28.950Z</time>
      </trkpt>
      <trkpt lat="46.064674" lon="11.09699">
        <ele>570.777034</ele>
        <time>2025-04-26T11:19:38.174Z</time>
      </trkpt>
      <trkpt lat="46.064622" lon="11.096893">
        <ele>571.387006</ele>
        <time>2025-04-26T11:19:43.163Z</time>
      </trkpt>
      <trkpt lat="46.064596" lon="11.096838">
        <ele>571.718179</ele>
        <time>2025-04-26T11:19:45.899Z</time>
      </trkpt>
      <trkpt lat="46.064551" lon="11.096738">
        <ele>572.311286</ele>
        <time>2025-04-26T11:19:50.908Z</time>
      </trkpt>
      <trkpt lat="46.064509" lon="11.096521">
        <ele>573.432336</ele>
        <time>2025-04-26T11:20:00.356Z</time>
      </trkpt>
      <trkpt lat="46.064513" lon="11.096448">
        <ele>573.796727</ele>
        <time>2025-04-26T11:20:03.397Z</time>
      </trkpt>
      <trkpt lat="46.064523" lon="11.096395">
        <ele>574.07004</ele>
        <time>2025-04-26T11:20:05.630Z</time>
      </trkpt>
      <trkpt lat="46.064541" lon="11.096311">
        <ele>574.507517</ele>
        <time>2025-04-26T11:20:09.494Z</time>
      </trkpt>
      <trkpt lat="46.064555" lon="11.096256">
        <ele>574.799042</ele>
        <time>2025-04-26T11:20:11.981Z</time>
      </trkpt>
      <trkpt lat="46.064565" lon="11.09622">
        <ele>574.992006</ele>
        <time>2025-04-26T11:20:13.624Z</time>
      </trkpt>
      <trkpt lat="46.064653" lon="11.095903">
        <ele>576.691013</ele>
        <time>2025-04-26T11:20:29.726Z</time>
      </trkpt>
      <trkpt lat="46.06476" lon="11.095747">
        <ele>577.82115</ele>
        <time>2025-04-26T11:20:40.130Z</time>
      </trkpt>
      <trkpt lat="46.064889" lon="11.095723">
        <ele>579.138949</ele>
        <time>2025-04-26T11:20:49.173Z</time>
      </trkpt>
      <trkpt lat="46.065349" lon="11.095745">
        <ele>583.801973</ele>
        <time>2025-04-26T11:21:24.380Z</time>
      </trkpt>
      <trkpt lat="46.065584" lon="11.095722">
        <ele>586.188343</ele>
        <time>2025-04-26T11:21:43.250Z</time>
      </trkpt>
      <trkpt lat="46.06563" lon="11.095706">
        <ele>586.667768</ele>
        <time>2025-04-26T11:21:47.079Z</time>
      </trkpt>
      <trkpt lat="46.065698" lon="11.095667">
        <ele>587.409249</ele>
        <time>2025-04-26T11:21:52.589Z</time>
      </trkpt>
      <trkpt lat="46.065765" lon="11.095611">
        <ele>588.19394</ele>
        <time>2025-04-26T11:21:58.526Z</time>
      </trkpt>
      <trkpt lat="46.065818" lon="11.095549">
        <ele>588.885518</ele>
        <time>2025-04-26T11:22:03.311Z</time>
      </trkpt>
      <trkpt lat="46.065918" lon="11.095383">
        <ele>590.430869</ele>
        <time>2025-04-26T11:22:13.993Z</time>
      </trkpt>
      <trkpt lat="46.066005" lon="11.095153">
        <ele>592.272312</ele>
        <time>2025-04-26T11:22:26.478Z</time>
      </trkpt>
      <trkpt lat="46.066089" lon="11.094866">
        <ele>594.461927</ele>
        <time>2025-04-26T11:22:41.647Z</time>
      </trkpt>
      <trkpt lat="46.066213" lon="11.09474">
        <ele>595.999798</ele>
        <time>2025-04-26T11:22:52.407Z</time>
      </trkpt>
      <trkpt lat="46.066379" lon="11.094674">
        <ele>597.759257</ele>
        <time>2025-04-26T11:23:04.819Z</time>
      </trkpt>
      <trkpt lat="46.066768" lon="11.094644">
        <ele>601.739554</ele>
        <time>2025-04-26T11:23:33.856Z</time>
      </trkpt>
      <trkpt lat="46.066994" lon="11.094544">
        <ele>604.155078</ele>
        <time>2025-04-26T11:23:51.784Z</time>
      </trkpt>
      <trkpt lat="46.067125" lon="11.094426">
        <ele>605.733468</ele>
        <time>2025-04-26T11:24:02.789Z</time>
      </trkpt>
      <trkpt lat="46.067805" lon="11.093583">
        <ele>614.834692</ele>
        <time>2025-04-26T11:25:09.047Z</time>
      </trkpt>
      <trkpt lat="46.068214" lon="11.093205">
        <ele>619.283309</ele>
        <time>2025-04-26T11:25:45.503Z</time>
      </trkpt>
      <trkpt lat="46.068541" lon="11.092781">
        <ele>623.310622</ele>
        <time>2025-04-26T11:26:13.553Z</time>
      </trkpt>
      <trkpt lat="46.068698" lon="11.092662">
        <ele>624.934789</ele>
        <time>2025-04-26T11:26:24.606Z</time>
      </trkpt>
      <trkpt lat="46.069356" lon="11.092315">
        <ele>631.311868</ele>
        <time>2025-04-26T11:27:10.594Z</time>
      </trkpt>
      <trkpt lat="46.069494" lon="11.092201">
        <ele>632.67408</ele>
        <time>2025-04-26T11:27:22.089Z</time>
      </trkpt>
      <trkpt lat="46.069603" lon="11.092065">
        <ele>633.908752</ele>
        <time>2025-04-26T11:27:32.407Z</time>
      </trkpt>
      <trkpt lat="46.069693" lon="11.091837">
        <ele>635.46739</ele>
        <time>2025-04-26T11:27:45.582Z</time>
      </trkpt>
      <trkpt lat="46.069749" lon="11.091125">
        <ele>639.724993</ele>
        <time>2025-04-26T11:28:21.774Z</time>
      </trkpt>
      <trkpt lat="46.069795" lon="11.090976">
        <ele>640.694004</ele>
        <time>2025-04-26T11:28:29.785Z</time>
      </trkpt>
      <trkpt lat="46.069891" lon="11.09086">
        <ele>641.766855</ele>
        <time>2025-04-26T11:28:38.625Z</time>
      </trkpt>
      <trkpt lat="46.070302" lon="11.09052">
        <ele>645.825278</ele>
        <time>2025-04-26T11:29:08.467Z</time>
      </trkpt>
      <trkpt lat="46.070477" lon="11.0904">
        <ele>646.769793</ele>
        <time>2025-04-26T11:29:18.361Z</time>
      </trkpt>
      <trkpt lat="46.070783" lon="11.090261">
        <ele>648.031868</ele>
        <time>2025-04-26T11:29:31.788Z</time>
      </trkpt>
      <trkpt lat="46.071501" lon="11.090071">
        <ele>650.903474</ele>
        <time>2025-04-26T11:29:54.297Z</time>
      </trkpt>
      <trkpt lat="46.072121" lon="11.090126">
        <ele>653.474431</ele>
        <time>2025-04-26T11:30:22.464Z</time>
      </trkpt>
      <trkpt lat="46.072492" lon="11.090083">
        <ele>656.643908</ele>
        <time>2025-04-26T11:30:45.174Z</time>
      </trkpt>
      <trkpt lat="46.072609" lon="11.090022">
        <ele>657.7034</ele>
        <time>2025-04-26T11:30:53.099Z</time>
      </trkpt>
      <trkpt lat="46.072745" lon="11.089804">
        <ele>659.435404</ele>
        <time>2025-04-26T11:31:06.338Z</time>
      </trkpt>
      <trkpt lat="46.073177" lon="11.088936">
        <ele>665.746306</ele>
        <time>2025-04-26T11:31:56.989Z</time>
      </trkpt>
      <trkpt lat="46.073659" lon="11.088235">
        <ele>671.543227</ele>
        <time>2025-04-26T11:32:50.875Z</time>
      </trkpt>
      <trkpt lat="46.073682" lon="11.088113">
        <ele>672.28175</ele>
        <time>2025-04-26T11:32:56.913Z</time>
      </trkpt>
      <trkpt lat="46.073669" lon="11.088001">
        <ele>672.945105</ele>
        <time>2025-04-26T11:33:02.320Z</time>
      </trkpt>
      <trkpt lat="46.073601" lon="11.087877">
        <ele>673.868449</ele>
        <time>2025-04-26T11:33:09.491Z</time>
      </trkpt>
      <trkpt lat="46.073532" lon="11.087841">
        <ele>674.486354</ele>
        <time>2025-04-26T11:33:14.363Z</time>
      </trkpt>
      <trkpt lat="46.073419" lon="11.087874">
        <ele>675.457206</ele>
        <time>2025-04-26T11:33:21.566Z</time>
      </trkpt>
      <trkpt lat="46.072647" lon="11.088919">
        <ele>684.226625</ele>
        <time>2025-04-26T11:34:27.348Z</time>
      </trkpt>
      <trkpt lat="46.072485" lon="11.089123">
        <ele>685.64039</ele>
        <time>2025-04-26T11:34:37.693Z</time>
      </trkpt>
      <trkpt lat="46.072416" lon="11.089174">
        <ele>686.150016</ele>
        <time>2025-04-26T11:34:41.417Z</time>
      </trkpt>
      <trkpt lat="46.072116" lon="11.089112">
        <ele>688.141847</ele>
        <time>2025-04-26T11:34:55.711Z</time>
      </trkpt>
      <trkpt lat="46.071864" lon="11.089146">
        <ele>689.805288</ele>
        <time>2025-04-26T11:35:08.962Z</time>
      </trkpt>
      <trkpt lat="46.071797" lon="11.089075">
        <ele>690.35182</ele>
        <time>2025-04-26T11:35:13.615Z</time>
      </trkpt>
      <trkpt lat="46.071792" lon="11.088969">
        <ele>690.836246</ele>
        <time>2025-04-26T11:35:18.196Z</time>
      </trkpt>
      <trkpt lat="46.071825" lon="11.08892">
        <ele>691.147619</ele>
        <time>2025-04-26T11:35:21.197Z</time>
      </trkpt>
      <trkpt lat="46.071941" lon="11.088862">
        <ele>691.954561</ele>
        <time>2025-04-26T11:35:28.599Z</time>
      </trkpt>
      <trkpt lat="46.072354" lon="11.088987">
        <ele>694.728082</ele>
        <time>2025-04-26T11:35:52.320Z</time>
      </trkpt>
      <trkpt lat="46.07243" lon="11.088911">
        <ele>695.336001</ele>
        <time>2025-04-26T11:35:57.929Z</time>
      </trkpt>
      <trkpt lat="46.072509" lon="11.088376">
        <ele>699.209775</ele>
        <time>2025-04-26T11:36:21.392Z</time>
      </trkpt>
      <trkpt lat="46.072474" lon="11.088303">
        <ele>699.85612</ele>
        <time>2025-04-26T11:36:25.589Z</time>
      </trkpt>
      <trkpt lat="46.072433" lon="11.088279">
        <ele>700.32073</ele>
        <time>2025-04-26T11:36:28.535Z</time>
      </trkpt>
      <trkpt lat="46.072378" lon="11.088306">
        <ele>700.930758</ele>
        <time>2025-04-26T11:36:32.506Z</time>
      </trkpt>
      <trkpt lat="46.072341" lon="11.088477">
        <ele>702.235469</ele>
        <time>2025-04-26T11:36:41.170Z</time>
      </trkpt>
      <trkpt lat="46.07235" lon="11.088721">
        <ele>704.015237</ele>
        <time>2025-04-26T11:36:53.651Z</time>
      </trkpt>
      <trkpt lat="46.07232" lon="11.088794">
        <ele>704.633248</ele>
        <time>2025-04-26T11:36:58.302Z</time>
      </trkpt>
      <trkpt lat="46.072218" lon="11.088793">
        <ele>705.704195</ele>
        <time>2025-04-26T11:37:06.096Z</time>
      </trkpt>
      <trkpt lat="46.072154" lon="11.088666">
        <ele>706.84754</ele>
        <time>2025-04-26T11:37:15.078Z</time>
      </trkpt>
      <trkpt lat="46.072104" lon="11.088388">
        <ele>708.939398</ele>
        <time>2025-04-26T11:37:32.440Z</time>
      </trkpt>
      <trkpt lat="46.07214" lon="11.088259">
        <ele>709.95219</ele>
        <time>2025-04-26T11:37:40.701Z</time>
      </trkpt>
      <trkpt lat="46.07244" lon="11.087593">
        <ele>715.771143</ele>
        <time>2025-04-26T11:38:25.973Z</time>
      </trkpt>
      <trkpt lat="46.072409" lon="11.087373">
        <ele>717.44935</ele>
        <time>2025-04-26T11:38:39.673Z</time>
      </trkpt>
      <trkpt lat="46.072294" lon="11.087304">
        <ele>718.791614</ele>
        <time>2025-04-26T11:38:50.019Z</time>
      </trkpt>
      <trkpt lat="46.072244" lon="11.08734">
        <ele>719.393869</ele>
        <time>2025-04-26T11:38:54.819Z</time>
      </trkpt>
      <trkpt lat="46.072118" lon="11.087472">
        <ele>721.072309</ele>
        <time>2025-04-26T11:39:07.476Z</time>
      </trkpt>
      <trkpt lat="46.071974" lon="11.087746">
        <ele>723.642008</ele>
        <time>2025-04-26T11:39:25.738Z</time>
      </trkpt>
      <trkpt lat="46.07187" lon="11.087797">
        <ele>724.82575</ele>
        <time>2025-04-26T11:39:33.750Z</time>
      </trkpt>
      <trkpt lat="46.071791" lon="11.087775">
        <ele>725.692766</ele>
        <time>2025-04-26T11:39:39.595Z</time>
      </trkpt>
      <trkpt lat="46.071744" lon="11.087705">
        <ele>726.421007</ele>
        <time>2025-04-26T11:39:44.796Z</time>
      </trkpt>
      <trkpt lat="46.071733" lon="11.087601">
        <ele>727.207459</ele>
        <time>2025-04-26T11:39:49.989Z</time>
      </trkpt>
      <trkpt lat="46.071759" lon="11.087486">
        <ele>728.11166</ele>
        <time>2025-04-26T11:39:56.301Z</time>
      </trkpt>
      <trkpt lat="46.072179" lon="11.086743">
        <ele>735.399636</ele>
        <time>2025-04-26T11:40:41.431Z</time>
      </trkpt>
      <trkpt lat="46.072193" lon="11.08661">
        <ele>736.488441</ele>
        <time>2025-04-26T11:40:48.097Z</time>
      </trkpt>
      <trkpt lat="46.072159" lon="11.086485">
        <ele>737.575157</ele>
        <time>2025-04-26T11:40:54.374Z</time>
      </trkpt>
      <trkpt lat="46.072119" lon="11.086429">
        <ele>738.225714</ele>
        <time>2025-04-26T11:40:58.289Z</time>
      </trkpt>
      <trkpt lat="46.072096" lon="11.086197">
        <ele>740.122569</ele>
        <time>2025-04-26T11:41:09.453Z</time>
      </trkpt>
      <trkpt lat="46.071934" lon="11.085878">
        <ele>743.322358</ele>
        <time>2025-04-26T11:41:29.602Z</time>
      </trkpt>
      <trkpt lat="46.07189" lon="11.08553">
        <ele>746.185433</ele>
        <time>2025-04-26T11:41:49.575Z</time>
      </trkpt>
      <trkpt lat="46.071718" lon="11.085202">
        <ele>749.513315</ele>
        <time>2025-04-26T11:42:15.121Z</time>
      </trkpt>
      <trkpt lat="46.071671" lon="11.085029">
        <ele>751.017103</ele>
        <time>2025-04-26T11:42:27.509Z</time>
      </trkpt>
      <trkpt lat="46.071743" lon="11.084734">
        <ele>753.548264</ele>
        <time>2025-04-26T11:42:47.679Z</time>
      </trkpt>
      <trkpt lat="46.071761" lon="11.084552">
        <ele>755.040755</ele>
        <time>2025-04-26T11:42:59.511Z</time>
      </trkpt>
      <trkpt lat="46.071749" lon="11.084121">
        <ele>758.591306</ele>
        <time>2025-04-26T11:43:26.933Z</time>
      </trkpt>
      <trkpt lat="46.071861" lon="11.083382">
        <ele>764.817699</ele>
        <time>2025-04-26T11:44:10.599Z</time>
      </trkpt>
      <trkpt lat="46.071976" lon="11.082951">
        <ele>768.618726</ele>
        <time>2025-04-26T11:44:34.690Z</time>
      </trkpt>
      <trkpt lat="46.072155" lon="11.082646">
        <ele>771.907091</ele>
        <time>2025-04-26T11:44:55.604Z</time>
      </trkpt>
      <trkpt lat="46.072269" lon="11.082574">
        <ele>773.383823</ele>
        <time>2025-04-26T11:45:04.974Z</time>
      </trkpt>
      <trkpt lat="46.07235" lon="11.082608">
        <ele>774.384794</ele>
        <time>2025-04-26T11:45:11.260Z</time>
      </trkpt>
      <trkpt lat="46.072496" lon="11.082946">
        <ele>777.713845</ele>
        <time>2025-04-26T11:45:32.117Z</time>
      </trkpt>
      <trkpt lat="46.072539" lon="11.08294">
        <ele>778.243505</ele>
        <time>2025-04-26T11:45:35.122Z</time>
      </trkpt>
      <trkpt lat="46.072535" lon="11.082489">
        <ele>782.079842</ele>
        <time>2025-04-26T11:45:58.779Z</time>
      </trkpt>
      <trkpt lat="46.072422" lon="11.081911">
        <ele>787.187561</ele>
        <time>2025-04-26T11:46:31.876Z</time>
      </trkpt>
      <trkpt lat="46.072456" lon="11.081737">
        <ele>788.725122</ele>
        <time>2025-04-26T11:46:42.374Z</time>
      </trkpt>
      <trkpt lat="46.072563" lon="11.081465">
        <ele>791.384702</ele>
        <time>2025-04-26T11:47:01.612Z</time>
      </trkpt>
      <trkpt lat="46.072605" lon="11.081291">
        <ele>792.951698</ele>
        <time>2025-04-26T11:47:13.893Z</time>
      </trkpt>
      <trkpt lat="46.072605" lon="11.081091">
        <ele>794.652814</ele>
        <time>2025-04-26T11:47:27.128Z</time>
      </trkpt>
      <trkpt lat="46.072517" lon="11.080628">
        <ele>798.534141</ele>
        <time>2025-04-26T11:47:57.975Z</time>
      </trkpt>
      <trkpt lat="46.07246" lon="11.0801">
        <ele>801.476093</ele>
        <time>2025-04-26T11:48:29.916Z</time>
      </trkpt>
      <trkpt lat="46.07235" lon="11.079737">
        <ele>803.656975</ele>
        <time>2025-04-26T11:48:50.865Z</time>
      </trkpt>
      <trkpt lat="46.07211" lon="11.079162">
        <ele>807.351518</ele>
        <time>2025-04-26T11:49:19.872Z</time>
      </trkpt>
      <trkpt lat="46.072051" lon="11.078901">
        <ele>808.862856</ele>
        <time>2025-04-26T11:49:29.655Z</time>
      </trkpt>
      <trkpt lat="46.07208" lon="11.078733">
        <ele>809.816009</ele>
        <time>2025-04-26T11:49:35.225Z</time>
      </trkpt>
      <trkpt lat="46.072216" lon="11.078341">
        <ele>812.229056</ele>
        <time>2025-04-26T11:49:47.023Z</time>
      </trkpt>
      <trkpt lat="46.072241" lon="11.078123">
        <ele>812.403871</ele>
        <time>2025-04-26T11:49:51.763Z</time>
      </trkpt>
      <trkpt lat="46.072142" lon="11.07779">
        <ele>812.336772</ele>
        <time>2025-04-26T11:49:58.711Z</time>
      </trkpt>
      <trkpt lat="46.072031" lon="11.077614">
        <ele>812.292718</ele>
        <time>2025-04-26T11:50:03.097Z</time>
      </trkpt>
      <trkpt lat="46.071892" lon="11.077541">
        <ele>812.253223</ele>
        <time>2025-04-26T11:50:06.998Z</time>
      </trkpt>
      <trkpt lat="46.071509" lon="11.076829">
        <ele>812.086355</ele>
        <time>2025-04-26T11:50:21.693Z</time>
      </trkpt>
      <trkpt lat="46.071373" lon="11.076588">
        <ele>812.028817</ele>
        <time>2025-04-26T11:50:26.569Z</time>
      </trkpt>
      <trkpt lat="46.071238" lon="11.076285">
        <ele>811.96212</ele>
        <time>2025-04-26T11:50:31.871Z</time>
      </trkpt>
      <trkpt lat="46.071163" lon="11.075989">
        <ele>810.63908</ele>
        <time>2025-04-26T11:50:36.245Z</time>
      </trkpt>
      <trkpt lat="46.071059" lon="11.074984">
        <ele>806.029798</ele>
        <time>2025-04-26T11:50:48.929Z</time>
      </trkpt>
      <trkpt lat="46.070948" lon="11.074381">
        <ele>803.199836</ele>
        <time>2025-04-26T11:50:55.948Z</time>
      </trkpt>
      <trkpt lat="46.070813" lon="11.073889">
        <ele>800.799817</ele>
        <time>2025-04-26T11:51:01.745Z</time>
      </trkpt>
      <trkpt lat="46.069032" lon="11.069323">
        <ele>759.237644</ele>
        <time>2025-04-26T11:51:57.937Z</time>
      </trkpt>
      <trkpt lat="46.068905" lon="11.069107">
        <ele>757.276997</ele>
        <time>2025-04-26T11:52:01.025Z</time>
      </trkpt>
      <trkpt lat="46.068738" lon="11.068943">
        <ele>755.382236</ele>
        <time>2025-04-26T11:52:04.232Z</time>
      </trkpt>
      <trkpt lat="46.067155" lon="11.067711">
        <ele>738.490041</ele>
        <time>2025-04-26T11:52:33.126Z</time>
      </trkpt>
      <trkpt lat="46.066752" lon="11.067365">
        <ele>734.059307</ele>
        <time>2025-04-26T11:52:40.544Z</time>
      </trkpt>
      <trkpt lat="46.06661" lon="11.06712">
        <ele>731.967184</ele>
        <time>2025-04-26T11:52:44.018Z</time>
      </trkpt>
      <trkpt lat="46.066551" lon="11.066921">
        <ele>730.548953</ele>
        <time>2025-04-26T11:52:46.395Z</time>
      </trkpt>
      <trkpt lat="46.06656" lon="11.066581">
        <ele>728.319133</ele>
        <time>2025-04-26T11:52:50.126Z</time>
      </trkpt>
      <trkpt lat="46.066612" lon="11.066393">
        <ele>726.992776</ele>
        <time>2025-04-26T11:52:52.351Z</time>
      </trkpt>
      <trkpt lat="46.066712" lon="11.066194">
        <ele>725.382501</ele>
        <time>2025-04-26T11:52:55.070Z</time>
      </trkpt>
      <trkpt lat="46.066846" lon="11.06609">
        <ele>724.04865</ele>
        <time>2025-04-26T11:52:57.503Z</time>
      </trkpt>
      <trkpt lat="46.067105" lon="11.065953">
        <ele>721.779945</ele>
        <time>2025-04-26T11:53:01.950Z</time>
      </trkpt>
      <trkpt lat="46.067954" lon="11.065546">
        <ele>714.42243</ele>
        <time>2025-04-26T11:53:16.679Z</time>
      </trkpt>
      <trkpt lat="46.068189" lon="11.065469">
        <ele>712.440678</ele>
        <time>2025-04-26T11:53:20.670Z</time>
      </trkpt>
      <trkpt lat="46.068367" lon="11.065475">
        <ele>710.976552</ele>
        <time>2025-04-26T11:53:23.600Z</time>
      </trkpt>
      <trkpt lat="46.069173" lon="11.065762">
        <ele>703.469931</ele>
        <time>2025-04-26T11:53:36.737Z</time>
      </trkpt>
      <trkpt lat="46.069303" lon="11.065774">
        <ele>702.27337</ele>
        <time>2025-04-26T11:53:38.791Z</time>
      </trkpt>
      <trkpt lat="46.069429" lon="11.065748">
        <ele>701.104196</ele>
        <time>2025-04-26T11:53:40.803Z</time>
      </trkpt>
      <trkpt lat="46.069452" lon="11.065744">
        <ele>700.891398</ele>
        <time>2025-04-26T11:53:41.174Z</time>
      </trkpt>
      <trkpt lat="46.069627" lon="11.065598">
        <ele>699.034082</ele>
        <time>2025-04-26T11:53:44.381Z</time>
      </trkpt>
      <trkpt lat="46.069772" lon="11.065338">
        <ele>696.908214</ele>
        <time>2025-04-26T11:53:48.080Z</time>
      </trkpt>
      <trkpt lat="46.069803" lon="11.06518">
        <ele>695.861833</ele>
        <time>2025-04-26T11:53:49.910Z</time>
      </trkpt>
      <trkpt lat="46.069799" lon="11.064848">
        <ele>693.745768</ele>
        <time>2025-04-26T11:53:53.635Z</time>
      </trkpt>
      <trkpt lat="46.069756" lon="11.064686">
        <ele>692.674927</ele>
        <time>2025-04-26T11:53:55.590Z</time>
      </trkpt>
      <trkpt lat="46.069088" lon="11.06356">
        <ele>683.644055</ele>
        <time>2025-04-26T11:54:12.238Z</time>
      </trkpt>
      <trkpt lat="46.069039" lon="11.063478">
        <ele>682.984364</ele>
        <time>2025-04-26T11:54:13.449Z</time>
      </trkpt>
      <trkpt lat="46.068927" lon="11.063296">
        <ele>681.501415</ele>
        <time>2025-04-26T11:54:16.172Z</time>
      </trkpt>
      <trkpt lat="46.068907" lon="11.06326">
        <ele>681.220284</ele>
        <time>2025-04-26T11:54:16.678Z</time>
      </trkpt>
      <trkpt lat="46.068713" lon="11.062925">
        <ele>678.560333</ele>
        <time>2025-04-26T11:54:21.489Z</time>
      </trkpt>
      <trkpt lat="46.068287" lon="11.062189">
        <ele>673.367977</ele>
        <time>2025-04-26T11:54:31.979Z</time>
      </trkpt>
      <trkpt lat="46.067952" lon="11.061765">
        <ele>669.969374</ele>
        <time>2025-04-26T11:54:39.173Z</time>
      </trkpt>
      <trkpt lat="46.06739" lon="11.061034">
        <ele>664.198563</ele>
        <time>2025-04-26T11:54:51.962Z</time>
      </trkpt>
      <trkpt lat="46.067233" lon="11.060837">
        <ele>663.068114</ele>
        <time>2025-04-26T11:54:55.710Z</time>
      </trkpt>
      <trkpt lat="46.067031" lon="11.060401">
        <ele>661.262583</ele>
        <time>2025-04-26T11:55:02.582Z</time>
      </trkpt>
      <trkpt lat="46.066972" lon="11.06">
        <ele>659.850872</ele>
        <time>2025-04-26T11:55:07.878Z</time>
      </trkpt>
      <trkpt lat="46.066966" lon="11.059766">
        <ele>659.044451</ele>
        <time>2025-04-26T11:55:10.872Z</time>
      </trkpt>
      <trkpt lat="46.066995" lon="11.059492">
        <ele>658.089908</ele>
        <time>2025-04-26T11:55:14.347Z</time>
      </trkpt>
      <trkpt lat="46.06709" lon="11.059178">
        <ele>656.910185</ele>
        <time>2025-04-26T11:55:18.519Z</time>
      </trkpt>
      <trkpt lat="46.067397" lon="11.058414">
        <ele>652.961479</ele>
        <time>2025-04-26T11:55:28.861Z</time>
      </trkpt>
      <trkpt lat="46.067711" lon="11.057455">
        <ele>646.354597</ele>
        <time>2025-04-26T11:55:40.696Z</time>
      </trkpt>
      <trkpt lat="46.067957" lon="11.056942">
        <ele>642.469293</ele>
        <time>2025-04-26T11:55:47.471Z</time>
      </trkpt>
      <trkpt lat="46.068085" lon="11.056801">
        <ele>641.022596</ele>
        <time>2025-04-26T11:55:50.000Z</time>
      </trkpt>
      <trkpt lat="46.068226" lon="11.056698">
        <ele>639.603083</ele>
        <time>2025-04-26T11:55:52.486Z</time>
      </trkpt>
      <trkpt lat="46.068366" lon="11.056641">
        <ele>638.294564</ele>
        <time>2025-04-26T11:55:54.778Z</time>
      </trkpt>
      <trkpt lat="46.06852" lon="11.056626">
        <ele>636.903072</ele>
        <time>2025-04-26T11:55:57.221Z</time>
      </trkpt>
      <trkpt lat="46.068726" lon="11.05667">
        <ele>635.025681</ele>
        <time>2025-04-26T11:56:00.510Z</time>
      </trkpt>
      <trkpt lat="46.068895" lon="11.056777">
        <ele>633.36162</ele>
        <time>2025-04-26T11:56:03.441Z</time>
      </trkpt>
      <trkpt lat="46.06906" lon="11.056933">
        <ele>631.582671</ele>
        <time>2025-04-26T11:56:06.580Z</time>
      </trkpt>
      <trkpt lat="46.069091" lon="11.056964">
        <ele>631.242529</ele>
        <time>2025-04-26T11:56:07.170Z</time>
      </trkpt>
      <trkpt lat="46.070278" lon="11.058151">
        <ele>619.15373</ele>
        <time>2025-04-26T11:56:30.597Z</time>
      </trkpt>
      <trkpt lat="46.070532" lon="11.058295">
        <ele>617.215375</ele>
        <time>2025-04-26T11:56:35.120Z</time>
      </trkpt>
      <trkpt lat="46.070918" lon="11.058411">
        <ele>614.415157</ele>
        <time>2025-04-26T11:56:41.748Z</time>
      </trkpt>
      <trkpt lat="46.071089" lon="11.058433">
        <ele>613.195931</ele>
        <time>2025-04-26T11:56:44.660Z</time>
      </trkpt>
      <trkpt lat="46.071505" lon="11.058488">
        <ele>610.229205</ele>
        <time>2025-04-26T11:56:51.720Z</time>
      </trkpt>
      <trkpt lat="46.071745" lon="11.058524">
        <ele>608.472777</ele>
        <time>2025-04-26T11:56:55.760Z</time>
      </trkpt>
      <trkpt lat="46.072014" lon="11.058544">
        <ele>606.498587</ele>
        <time>2025-04-26T11:57:00.230Z</time>
      </trkpt>
      <trkpt lat="46.07277" lon="11.058419">
        <ele>600.921337</ele>
        <time>2025-04-26T11:57:12.824Z</time>
      </trkpt>
      <trkpt lat="46.07327" lon="11.058315">
        <ele>597.218754</ele>
        <time>2025-04-26T11:57:21.015Z</time>
      </trkpt>
      <trkpt lat="46.07334" lon="11.0583">
        <ele>596.700069</ele>
        <time>2025-04-26T11:57:22.159Z</time>
      </trkpt>
      <trkpt lat="46.074198" lon="11.05813">
        <ele>590.607189</ele>
        <time>2025-04-26T11:57:36.353Z</time>
      </trkpt>
      <trkpt lat="46.074475" lon="11.058123">
        <ele>588.658564</ele>
        <time>2025-04-26T11:57:40.957Z</time>
      </trkpt>
      <trkpt lat="46.074969" lon="11.058245">
        <ele>585.133308</ele>
        <time>2025-04-26T11:57:49.387Z</time>
      </trkpt>
      <trkpt lat="46.075759" lon="11.058639">
        <ele>580.295772</ele>
        <time>2025-04-26T11:58:03.726Z</time>
      </trkpt>
      <trkpt lat="46.076094" lon="11.058814">
        <ele>578.337787</ele>
        <time>2025-04-26T11:58:10.076Z</time>
      </trkpt>
      <trkpt lat="46.076105" lon="11.058851">
        <ele>578.184339</ele>
        <time>2025-04-26T11:58:10.583Z</time>
      </trkpt>
      <trkpt lat="46.076159" lon="11.058897">
        <ele>577.839669</ele>
        <time>2025-04-26T11:58:11.691Z</time>
      </trkpt>
      <trkpt lat="46.076191" lon="11.058891">
        <ele>577.662346</ele>
        <time>2025-04-26T11:58:12.257Z</time>
      </trkpt>
      <trkpt lat="46.076215" lon="11.058868">
        <ele>577.503981</ele>
        <time>2025-04-26T11:58:12.766Z</time>
      </trkpt>
      <trkpt lat="46.076235" lon="11.058776">
        <ele>577.136467</ele>
        <time>2025-04-26T11:58:13.964Z</time>
      </trkpt>
      <trkpt lat="46.076221" lon="11.058729">
        <ele>576.941489</ele>
        <time>2025-04-26T11:58:14.597Z</time>
      </trkpt>
      <trkpt lat="46.076158" lon="11.058691">
        <ele>576.566217</ele>
        <time>2025-04-26T11:58:15.823Z</time>
      </trkpt>
      <trkpt lat="46.076129" lon="11.058614">
        <ele>576.23223</ele>
        <time>2025-04-26T11:58:16.868Z</time>
      </trkpt>
      <trkpt lat="46.076055" lon="11.058514">
        <ele>575.674862</ele>
        <time>2025-04-26T11:58:18.612Z</time>
      </trkpt>
      <trkpt lat="46.075548" lon="11.058237">
        <ele>572.493434</ele>
        <time>2025-04-26T11:58:27.817Z</time>
      </trkpt>
      <trkpt lat="46.075449" lon="11.05808">
        <ele>571.571084</ele>
        <time>2025-04-26T11:58:30.307Z</time>
      </trkpt>
      <trkpt lat="46.075416" lon="11.057882">
        <ele>570.685833</ele>
        <time>2025-04-26T11:58:32.723Z</time>
      </trkpt>
      <trkpt lat="46.075418" lon="11.057777">
        <ele>570.229199</ele>
        <time>2025-04-26T11:58:33.995Z</time>
      </trkpt>
      <trkpt lat="46.075493" lon="11.057532">
        <ele>569.065028</ele>
        <time>2025-04-26T11:58:37.104Z</time>
      </trkpt>
      <trkpt lat="46.075797" lon="11.056715">
        <ele>565.034664</ele>
        <time>2025-04-26T11:58:47.775Z</time>
      </trkpt>
      <trkpt lat="46.075857" lon="11.05651">
        <ele>564.067409</ele>
        <time>2025-04-26T11:58:50.369Z</time>
      </trkpt>
      <trkpt lat="46.075904" lon="11.056219">
        <ele>562.808158</ele>
        <time>2025-04-26T11:58:53.874Z</time>
      </trkpt>
      <trkpt lat="46.075945" lon="11.055477">
        <ele>560.931634</ele>
        <time>2025-04-26T11:59:02.877Z</time>
      </trkpt>
      <trkpt lat="46.075999" lon="11.055266">
        <ele>560.364653</ele>
        <time>2025-04-26T11:59:05.655Z</time>
      </trkpt>
      <trkpt lat="46.076026" lon="11.055217">
        <ele>560.206895</ele>
        <time>2025-04-26T11:59:06.434Z</time>
      </trkpt>
      <trkpt lat="46.076097" lon="11.055095">
        <ele>559.805433</ele>
        <time>2025-04-26T11:59:08.431Z</time>
      </trkpt>
      <trkpt lat="46.076223" lon="11.054969">
        <ele>559.24814</ele>
        <time>2025-04-26T11:59:11.229Z</time>
      </trkpt>
      <trkpt lat="46.076343" lon="11.054918">
        <ele>558.793485</ele>
        <time>2025-04-26T11:59:13.534Z</time>
      </trkpt>
      <trkpt lat="46.076833" lon="11.05501">
        <ele>556.997713</ele>
        <time>2025-04-26T11:59:23.022Z</time>
      </trkpt>
      <trkpt lat="46.07721" lon="11.054891">
        <ele>556.471663</ele>
        <time>2025-04-26T11:59:31.928Z</time>
      </trkpt>
      <trkpt lat="46.07773" lon="11.054671">
        <ele>556.863141</ele>
        <time>2025-04-26T11:59:48.861Z</time>
      </trkpt>
      <trkpt lat="46.07776" lon="11.054658">
        <ele>556.88577</ele>
        <time>2025-04-26T11:59:50.140Z</time>
      </trkpt>
      <trkpt lat="46.078656" lon="11.054286">
        <ele>557.559327</ele>
        <time>2025-04-26T12:00:21.097Z</time>
      </trkpt>
      <trkpt lat="46.078805" lon="11.054243">
        <ele>557.629273</ele>
        <time>2025-04-26T12:00:25.863Z</time>
      </trkpt>
      <trkpt lat="46.07915" lon="11.05429">
        <ele>557.65028</ele>
        <time>2025-04-26T12:00:35.512Z</time>
      </trkpt>
      <trkpt lat="46.079485" lon="11.054347">
        <ele>557.67073</ele>
        <time>2025-04-26T12:00:43.689Z</time>
      </trkpt>
      <trkpt lat="46.079667" lon="11.054429">
        <ele>557.682289</ele>
        <time>2025-04-26T12:00:48.200Z</time>
      </trkpt>
      <trkpt lat="46.080036" lon="11.054676">
        <ele>557.706952</ele>
        <time>2025-04-26T12:00:57.734Z</time>
      </trkpt>
      <trkpt lat="46.080292" lon="11.054841">
        <ele>557.723951</ele>
        <time>2025-04-26T12:01:04.559Z</time>
      </trkpt>
      <trkpt lat="46.080483" lon="11.054838">
        <ele>557.747654</ele>
        <time>2025-04-26T12:01:09.409Z</time>
      </trkpt>
      <trkpt lat="46.080821" lon="11.054528">
        <ele>558.110484</ele>
        <time>2025-04-26T12:01:20.571Z</time>
      </trkpt>
      <trkpt lat="46.080983" lon="11.054441">
        <ele>558.267058</ele>
        <time>2025-04-26T12:01:26.002Z</time>
      </trkpt>
      <trkpt lat="46.081799" lon="11.05417">
        <ele>559.025474</ele>
        <time>2025-04-26T12:01:53.609Z</time>
      </trkpt>
      <trkpt lat="46.082213" lon="11.053978">
        <ele>559.43618</ele>
        <time>2025-04-26T12:02:05.751Z</time>
      </trkpt>
      <trkpt lat="46.082508" lon="11.053781">
        <ele>559.819632</ele>
        <time>2025-04-26T12:02:15.381Z</time>
      </trkpt>
      <trkpt lat="46.083032" lon="11.053238">
        <ele>560.580748</ele>
        <time>2025-04-26T12:02:35.547Z</time>
      </trkpt>
      <trkpt lat="46.083119" lon="11.053089">
        <ele>560.740083</ele>
        <time>2025-04-26T12:02:39.806Z</time>
      </trkpt>
      <trkpt lat="46.08314" lon="11.053017">
        <ele>560.803981</ele>
        <time>2025-04-26T12:02:41.481Z</time>
      </trkpt>
      <trkpt lat="46.083157" lon="11.052846">
        <ele>560.945303</ele>
        <time>2025-04-26T12:02:45.243Z</time>
      </trkpt>
      <trkpt lat="46.083152" lon="11.052724">
        <ele>561.045283</ele>
        <time>2025-04-26T12:02:47.983Z</time>
      </trkpt>
      <trkpt lat="46.083121" lon="11.052601">
        <ele>561.152344</ele>
        <time>2025-04-26T12:02:50.905Z</time>
      </trkpt>
      <trkpt lat="46.083022" lon="11.05244">
        <ele>561.328362</ele>
        <time>2025-04-26T12:02:55.808Z</time>
      </trkpt>
      <trkpt lat="46.082605" lon="11.052099">
        <ele>562.255757</ele>
        <time>2025-04-26T12:03:11.631Z</time>
      </trkpt>
      <trkpt lat="46.08227" lon="11.051577">
        <ele>563.352832</ele>
        <time>2025-04-26T12:03:28.310Z</time>
      </trkpt>
      <trkpt lat="46.081396" lon="11.051045">
        <ele>565.462815</ele>
        <time>2025-04-26T12:04:05.441Z</time>
      </trkpt>
      <trkpt lat="46.080899" lon="11.050633">
        <ele>565.894965</ele>
        <time>2025-04-26T12:04:27.501Z</time>
      </trkpt>
      <trkpt lat="46.080539" lon="11.050263">
        <ele>566.216499</ele>
        <time>2025-04-26T12:04:42.812Z</time>
      </trkpt>
      <trkpt lat="46.079433" lon="11.0488">
        <ele>564.147458</ele>
        <time>2025-04-26T12:05:15.219Z</time>
      </trkpt>
      <trkpt lat="46.07854" lon="11.047708">
        <ele>559.638296</ele>
        <time>2025-04-26T12:05:35.624Z</time>
      </trkpt>
      <trkpt lat="46.078418" lon="11.047467">
        <ele>558.526645</ele>
        <time>2025-04-26T12:05:39.162Z</time>
      </trkpt>
      <trkpt lat="46.078373" lon="11.047192">
        <ele>557.473873</ele>
        <time>2025-04-26T12:05:42.464Z</time>
      </trkpt>
      <trkpt lat="46.078383" lon="11.047059">
        <ele>556.975413</ele>
        <time>2025-04-26T12:05:44.041Z</time>
      </trkpt>
      <trkpt lat="46.078432" lon="11.046879">
        <ele>556.254939</ele>
        <time>2025-04-26T12:05:46.347Z</time>
      </trkpt>
      <trkpt lat="46.078489" lon="11.046929">
        <ele>555.896544</ele>
        <time>2025-04-26T12:05:47.491Z</time>
      </trkpt>
      <trkpt lat="46.078584" lon="11.046863">
        <ele>555.330097</ele>
        <time>2025-04-26T12:05:49.339Z</time>
      </trkpt>
      <trkpt lat="46.079018" lon="11.046782">
        <ele>552.979457</ele>
        <time>2025-04-26T12:05:57.116Z</time>
      </trkpt>
      <trkpt lat="46.079095" lon="11.046713">
        <ele>552.492468</ele>
        <time>2025-04-26T12:05:58.706Z</time>
      </trkpt>
      <trkpt lat="46.07919" lon="11.046545">
        <ele>551.684872</ele>
        <time>2025-04-26T12:06:01.307Z</time>
      </trkpt>
      <trkpt lat="46.07921" lon="11.046379">
        <ele>551.057106</ele>
        <time>2025-04-26T12:06:03.323Z</time>
      </trkpt>
      <trkpt lat="46.079133" lon="11.046095">
        <ele>549.843045</ele>
        <time>2025-04-26T12:06:06.971Z</time>
      </trkpt>
      <trkpt lat="46.078983" lon="11.045727">
        <ele>547.997558</ele>
        <time>2025-04-26T12:06:12.083Z</time>
      </trkpt>
      <trkpt lat="46.078938" lon="11.045543">
        <ele>547.153999</ele>
        <time>2025-04-26T12:06:14.413Z</time>
      </trkpt>
      <trkpt lat="46.078926" lon="11.045306">
        <ele>546.126556</ele>
        <time>2025-04-26T12:06:17.251Z</time>
      </trkpt>
      <trkpt lat="46.078874" lon="11.045103">
        <ele>545.19091</ele>
        <time>2025-04-26T12:06:19.843Z</time>
      </trkpt>
      <trkpt lat="46.07882" lon="11.045023">
        <ele>544.708276</ele>
        <time>2025-04-26T12:06:21.190Z</time>
      </trkpt>
      <trkpt lat="46.078775" lon="11.044961">
        <ele>544.320285</ele>
        <time>2025-04-26T12:06:22.250Z</time>
      </trkpt>
      <trkpt lat="46.078566" lon="11.044611">
        <ele>542.323497</ele>
        <time>2025-04-26T12:06:27.637Z</time>
      </trkpt>
      <trkpt lat="46.078445" lon="11.044357">
        <ele>540.99123</ele>
        <time>2025-04-26T12:06:31.166Z</time>
      </trkpt>
      <trkpt lat="46.078349" lon="11.043831">
        <ele>538.451406</ele>
        <time>2025-04-26T12:06:37.417Z</time>
      </trkpt>
      <trkpt lat="46.078349" lon="11.043687">
        <ele>537.618147</ele>
        <time>2025-04-26T12:06:39.045Z</time>
      </trkpt>
      <trkpt lat="46.078442" lon="11.043369">
        <ele>535.621184</ele>
        <time>2025-04-26T12:06:42.971Z</time>
      </trkpt>
      <trkpt lat="46.078466" lon="11.042977">
        <ele>533.344054</ele>
        <time>2025-04-26T12:06:47.438Z</time>
      </trkpt>
      <trkpt lat="46.078325" lon="11.042341">
        <ele>529.480443</ele>
        <time>2025-04-26T12:06:54.913Z</time>
      </trkpt>
      <trkpt lat="46.078449" lon="11.042315">
        <ele>528.435171</ele>
        <time>2025-04-26T12:06:56.903Z</time>
      </trkpt>
      <trkpt lat="46.078619" lon="11.042361">
        <ele>526.992293</ele>
        <time>2025-04-26T12:06:59.646Z</time>
      </trkpt>
      <trkpt lat="46.078732" lon="11.042465">
        <ele>525.873944</ele>
        <time>2025-04-26T12:07:01.783Z</time>
      </trkpt>
      <trkpt lat="46.078853" lon="11.042667">
        <ele>524.329579</ele>
        <time>2025-04-26T12:07:04.765Z</time>
      </trkpt>
      <trkpt lat="46.078928" lon="11.04274">
        <ele>523.625891</ele>
        <time>2025-04-26T12:07:06.219Z</time>
      </trkpt>
      <trkpt lat="46.079385" lon="11.042897">
        <ele>520.032151</ele>
        <time>2025-04-26T12:07:13.702Z</time>
      </trkpt>
      <trkpt lat="46.079502" lon="11.042993">
        <ele>519.002343</ele>
        <time>2025-04-26T12:07:15.892Z</time>
      </trkpt>
      <trkpt lat="46.080404" lon="11.044032">
        <ele>510.088002</ele>
        <time>2025-04-26T12:07:35.290Z</time>
      </trkpt>
      <trkpt lat="46.080643" lon="11.044379">
        <ele>506.678176</ele>
        <time>2025-04-26T12:07:40.939Z</time>
      </trkpt>
      <trkpt lat="46.08078" lon="11.044672">
        <ele>504.214269</ele>
        <time>2025-04-26T12:07:44.852Z</time>
      </trkpt>
      <trkpt lat="46.080792" lon="11.044658">
        <ele>504.059086</ele>
        <time>2025-04-26T12:07:45.090Z</time>
      </trkpt>
      <trkpt lat="46.080665" lon="11.044321">
        <ele>501.384792</ele>
        <time>2025-04-26T12:07:49.261Z</time>
      </trkpt>
      <trkpt lat="46.080608" lon="11.044043">
        <ele>499.3634</ele>
        <time>2025-04-26T12:07:52.367Z</time>
      </trkpt>
      <trkpt lat="46.080643" lon="11.043685">
        <ele>496.842411</ele>
        <time>2025-04-26T12:07:56.264Z</time>
      </trkpt>
      <trkpt lat="46.080741" lon="11.043466">
        <ele>495.025137</ele>
        <time>2025-04-26T12:07:59.040Z</time>
      </trkpt>
      <trkpt lat="46.080776" lon="11.043415">
        <ele>494.52488</ele>
        <time>2025-04-26T12:07:59.809Z</time>
      </trkpt>
      <trkpt lat="46.080749" lon="11.043351">
        <ele>494.002554</ele>
        <time>2025-04-26T12:08:00.631Z</time>
      </trkpt>
      <trkpt lat="46.080789" lon="11.043312">
        <ele>493.517125</ele>
        <time>2025-04-26T12:08:01.373Z</time>
      </trkpt>
      <trkpt lat="46.080954" lon="11.043154">
        <ele>491.588587</ele>
        <time>2025-04-26T12:08:04.438Z</time>
      </trkpt>
      <trkpt lat="46.081141" lon="11.042995">
        <ele>489.571839</ele>
        <time>2025-04-26T12:08:07.788Z</time>
      </trkpt>
      <trkpt lat="46.081193" lon="11.042962">
        <ele>489.044057</ele>
        <time>2025-04-26T12:08:08.663Z</time>
      </trkpt>
      <trkpt lat="46.081272" lon="11.042944">
        <ele>488.30108</ele>
        <time>2025-04-26T12:08:09.922Z</time>
      </trkpt>
      <trkpt lat="46.081388" lon="11.042968">
        <ele>487.212462</ele>
        <time>2025-04-26T12:08:11.743Z</time>
      </trkpt>
      <trkpt lat="46.081465" lon="11.043002">
        <ele>486.464375</ele>
        <time>2025-04-26T12:08:13.013Z</time>
      </trkpt>
      <trkpt lat="46.0812" lon="11.042405">
        <ele>481.897351</ele>
        <time>2025-04-26T12:08:20.919Z</time>
      </trkpt>
      <trkpt lat="46.081149" lon="11.042225">
        <ele>480.644486</ele>
        <time>2025-04-26T12:08:23.138Z</time>
      </trkpt>
      <trkpt lat="46.081119" lon="11.042007">
        <ele>479.212417</ele>
        <time>2025-04-26T12:08:25.661Z</time>
      </trkpt>
      <trkpt lat="46.081134" lon="11.041675">
        <ele>477.068629</ele>
        <time>2025-04-26T12:08:29.460Z</time>
      </trkpt>
      <trkpt lat="46.081314" lon="11.040995">
        <ele>473.09495</ele>
        <time>2025-04-26T12:08:37.749Z</time>
      </trkpt>
      <trkpt lat="46.081442" lon="11.040626">
        <ele>471.019723</ele>
        <time>2025-04-26T12:08:42.434Z</time>
      </trkpt>
      <trkpt lat="46.081457" lon="11.040493">
        <ele>470.341949</ele>
        <time>2025-04-26T12:08:43.956Z</time>
      </trkpt>
      <trkpt lat="46.081434" lon="11.040255">
        <ele>469.133248</ele>
        <time>2025-04-26T12:08:46.663Z</time>
      </trkpt>
      <trkpt lat="46.08136" lon="11.040065">
        <ele>468.037199</ele>
        <time>2025-04-26T12:08:49.110Z</time>
      </trkpt>
      <trkpt lat="46.081072" lon="11.039543">
        <ele>464.682227</ele>
        <time>2025-04-26T12:08:56.707Z</time>
      </trkpt>
      <trkpt lat="46.081001" lon="11.039378">
        <ele>463.705542</ele>
        <time>2025-04-26T12:08:58.981Z</time>
      </trkpt>
      <trkpt lat="46.080889" lon="11.038866">
        <ele>461.715132</ele>
        <time>2025-04-26T12:09:10.707Z</time>
      </trkpt>
      <trkpt lat="46.080734" lon="11.038554">
        <ele>460.64401</ele>
        <time>2025-04-26T12:09:19.266Z</time>
      </trkpt>
      <trkpt lat="46.080604" lon="11.038359">
        <ele>459.88913</ele>
        <time>2025-04-26T12:09:25.290Z</time>
      </trkpt>
      <trkpt lat="46.079752" lon="11.03672">
        <ele>455.470044</ele>
        <time>2025-04-26T12:10:13.618Z</time>
      </trkpt>
      <trkpt lat="46.079507" lon="11.03633">
        <ele>455.602287</ele>
        <time>2025-04-26T12:10:27.998Z</time>
      </trkpt>
      <trkpt lat="46.079437" lon="11.036104">
        <ele>455.664494</ele>
        <time>2025-04-26T12:10:35.142Z</time>
      </trkpt>
      <trkpt lat="46.079407" lon="11.035768">
        <ele>455.749639</ele>
        <time>2025-04-26T12:10:45.389Z</time>
      </trkpt>
      <trkpt lat="46.079319" lon="11.035403">
        <ele>455.846759</ele>
        <time>2025-04-26T12:10:58.434Z</time>
      </trkpt>
      <trkpt lat="46.079306" lon="11.035348">
        <ele>455.861363</ele>
        <time>2025-04-26T12:10:59.901Z</time>
      </trkpt>
      <trkpt lat="46.079291" lon="11.035288">
        <ele>455.877392</ele>
        <time>2025-04-26T12:11:01.512Z</time>
      </trkpt>
      <trkpt lat="46.079212" lon="11.035004">
        <ele>455.954297</ele>
        <time>2025-04-26T12:11:09.894Z</time>
      </trkpt>
      <trkpt lat="46.07919" lon="11.034922">
        <ele>455.976394</ele>
        <time>2025-04-26T12:11:12.517Z</time>
      </trkpt>
      <trkpt lat="46.079158" lon="11.034442">
        <ele>457.578892</ele>
        <time>2025-04-26T12:11:27.601Z</time>
      </trkpt>
      <trkpt lat="46.07911" lon="11.034159">
        <ele>458.958392</ele>
        <time>2025-04-26T12:11:37.447Z</time>
      </trkpt>
      <trkpt lat="46.07888" lon="11.03327">
        <ele>463.451131</ele>
        <time>2025-04-26T12:12:13.155Z</time>
      </trkpt>
      <trkpt lat="46.078847" lon="11.032883">
        <ele>465.297403</ele>
        <time>2025-04-26T12:12:30.321Z</time>
      </trkpt>
      <trkpt lat="46.078897" lon="11.032596">
        <ele>466.698578</ele>
        <time>2025-04-26T12:12:44.759Z</time>
      </trkpt>
      <trkpt lat="46.078993" lon="11.032263">
        <ele>468.427583</ele>
        <time>2025-04-26T12:13:03.791Z</time>
      </trkpt>
      <trkpt lat="46.079218" lon="11.031638">
        <ele>472.391309</ele>
        <time>2025-04-26T12:13:39.732Z</time>
      </trkpt>
      <trkpt lat="46.079251" lon="11.031562">
        <ele>472.896017</ele>
        <time>2025-04-26T12:13:44.170Z</time>
      </trkpt>
      <trkpt lat="46.079356" lon="11.031399">
        <ele>474.148167</ele>
        <time>2025-04-26T12:13:54.606Z</time>
      </trkpt>
      <trkpt lat="46.079414" lon="11.031322">
        <ele>474.788003</ele>
        <time>2025-04-26T12:13:59.627Z</time>
      </trkpt>
      <trkpt lat="46.079432" lon="11.031164">
        <ele>475.689301</ele>
        <time>2025-04-26T12:14:07.036Z</time>
      </trkpt>
      <trkpt lat="46.079391" lon="11.030991">
        <ele>476.718387</ele>
        <time>2025-04-26T12:14:15.107Z</time>
      </trkpt>
      <trkpt lat="46.079308" lon="11.03088">
        <ele>477.637111</ele>
        <time>2025-04-26T12:14:22.214Z</time>
      </trkpt>
      <trkpt lat="46.07924" lon="11.030862">
        <ele>478.198151</ele>
        <time>2025-04-26T12:14:26.481Z</time>
      </trkpt>
      <trkpt lat="46.079098" lon="11.030916">
        <ele>479.389888</ele>
        <time>2025-04-26T12:14:35.323Z</time>
      </trkpt>
      <trkpt lat="46.078999" lon="11.031036">
        <ele>480.439505</ele>
        <time>2025-04-26T12:14:42.885Z</time>
      </trkpt>
      <trkpt lat="46.078879" lon="11.031327">
        <ele>482.345152</ele>
        <time>2025-04-26T12:14:55.840Z</time>
      </trkpt>
      <trkpt lat="46.078834" lon="11.03138">
        <ele>482.816699</ele>
        <time>2025-04-26T12:14:58.983Z</time>
      </trkpt>
      <trkpt lat="46.078775" lon="11.031402">
        <ele>483.01364</ele>
        <time>2025-04-26T12:15:02.180Z</time>
      </trkpt>
      <trkpt lat="46.078687" lon="11.031376">
        <ele>483.229744</ele>
        <time>2025-04-26T12:15:06.896Z</time>
      </trkpt>
      <trkpt lat="46.078637" lon="11.031284">
        <ele>483.42478</ele>
        <time>2025-04-26T12:15:11.032Z</time>
      </trkpt>
      <trkpt lat="46.078632" lon="11.031173">
        <ele>483.610405</ele>
        <time>2025-04-26T12:15:14.814Z</time>
      </trkpt>
      <trkpt lat="46.078699" lon="11.030972">
        <ele>483.982546</ele>
        <time>2025-04-26T12:15:22.077Z</time>
      </trkpt>
      <trkpt lat="46.079107" lon="11.030446">
        <ele>485.299318</ele>
        <time>2025-04-26T12:15:45.308Z</time>
      </trkpt>
      <trkpt lat="46.079351" lon="11.030088">
        <ele>486.136855</ele>
        <time>2025-04-26T12:15:57.757Z</time>
      </trkpt>
      <trkpt lat="46.079482" lon="11.029921">
        <ele>486.557548</ele>
        <time>2025-04-26T12:16:03.181Z</time>
      </trkpt>
      <trkpt lat="46.079474" lon="11.029826">
        <ele>486.717243</ele>
        <time>2025-04-26T12:16:05.056Z</time>
      </trkpt>
      <trkpt lat="46.079462" lon="11.029649">
        <ele>487.014019</ele>
        <time>2025-04-26T12:16:08.155Z</time>
      </trkpt>
      <trkpt lat="46.079609" lon="11.028358">
        <ele>482.487204</ele>
        <time>2025-04-26T12:16:24.453Z</time>
      </trkpt>
      <trkpt lat="46.079628" lon="11.028321">
        <ele>482.30394</ele>
        <time>2025-04-26T12:16:24.969Z</time>
      </trkpt>
      <trkpt lat="46.080101" lon="11.028015">
        <ele>479.328585</ele>
        <time>2025-04-26T12:16:33.299Z</time>
      </trkpt>
      <trkpt lat="46.080145" lon="11.027944">
        <ele>478.949571</ele>
        <time>2025-04-26T12:16:34.375Z</time>
      </trkpt>
      <trkpt lat="46.080155" lon="11.027862">
        <ele>478.618132</ele>
        <time>2025-04-26T12:16:35.302Z</time>
      </trkpt>
      <trkpt lat="46.080115" lon="11.027549">
        <ele>477.351145</ele>
        <time>2025-04-26T12:16:38.922Z</time>
      </trkpt>
      <trkpt lat="46.08017" lon="11.0272">
        <ele>476.332125</ele>
        <time>2025-04-26T12:16:43.019Z</time>
      </trkpt>
      <trkpt lat="46.080404" lon="11.02668">
        <ele>474.900529</ele>
        <time>2025-04-26T12:16:50.381Z</time>
      </trkpt>
      <trkpt lat="46.080672" lon="11.02614">
        <ele>473.366982</ele>
        <time>2025-04-26T12:16:59.093Z</time>
      </trkpt>
      <trkpt lat="46.080757" lon="11.026013">
        <ele>472.959382</ele>
        <time>2025-04-26T12:17:01.685Z</time>
      </trkpt>
      <trkpt lat="46.081157" lon="11.025454">
        <ele>471.104468</ele>
        <time>2025-04-26T12:17:14.657Z</time>
      </trkpt>
      <trkpt lat="46.081175" lon="11.025387">
        <ele>470.938525</ele>
        <time>2025-04-26T12:17:15.939Z</time>
      </trkpt>
      <trkpt lat="46.081159" lon="11.025284">
        <ele>470.918113</ele>
        <time>2025-04-26T12:17:17.835Z</time>
      </trkpt>
      <trkpt lat="46.080998" lon="11.025096">
        <ele>470.964876</ele>
        <time>2025-04-26T12:17:23.301Z</time>
      </trkpt>
      <trkpt lat="46.080749" lon="11.024719">
        <ele>471.046376</ele>
        <time>2025-04-26T12:17:33.107Z</time>
      </trkpt>
      <trkpt lat="46.08032" lon="11.024392">
        <ele>471.155905</ele>
        <time>2025-04-26T12:17:46.620Z</time>
      </trkpt>
      <trkpt lat="46.080167" lon="11.02414">
        <ele>471.208336</ele>
        <time>2025-04-26T12:17:53.198Z</time>
      </trkpt>
      <trkpt lat="46.080119" lon="11.023962">
        <ele>471.238236</ele>
        <time>2025-04-26T12:17:56.929Z</time>
      </trkpt>
      <trkpt lat="46.079863" lon="11.02369">
        <ele>471.310344</ele>
        <time>2025-04-26T12:18:05.680Z</time>
      </trkpt>
      <trkpt lat="46.079766" lon="11.023536">
        <ele>471.434791</ele>
        <time>2025-04-26T12:18:09.595Z</time>
      </trkpt>
      <trkpt lat="46.079666" lon="11.023238">
        <ele>471.632837</ele>
        <time>2025-04-26T12:18:15.821Z</time>
      </trkpt>
      <trkpt lat="46.079575" lon="11.023094">
        <ele>471.749376</ele>
        <time>2025-04-26T12:18:19.541Z</time>
      </trkpt>
      <trkpt lat="46.079263" lon="11.022777">
        <ele>472.07858</ele>
        <time>2025-04-26T12:18:30.356Z</time>
      </trkpt>
      <trkpt lat="46.078938" lon="11.022468">
        <ele>472.414352</ele>
        <time>2025-04-26T12:18:42.716Z</time>
      </trkpt>
      <trkpt lat="46.078838" lon="11.022315">
        <ele>472.540118</ele>
        <time>2025-04-26T12:18:47.450Z</time>
      </trkpt>
      <trkpt lat="46.078596" lon="11.021811">
        <ele>472.885963</ele>
        <time>2025-04-26T12:19:01.139Z</time>
      </trkpt>
      <trkpt lat="46.078505" lon="11.021702">
        <ele>472.941373</ele>
        <time>2025-04-26T12:19:04.892Z</time>
      </trkpt>
      <trkpt lat="46.078221" lon="11.021507">
        <ele>473.088695</ele>
        <time>2025-04-26T12:19:14.774Z</time>
      </trkpt>
      <trkpt lat="46.078164" lon="11.021452">
        <ele>473.120818</ele>
        <time>2025-04-26T12:19:16.922Z</time>
      </trkpt>
      <trkpt lat="46.077429" lon="11.020328">
        <ele>473.622644</ele>
        <time>2025-04-26T12:19:47.591Z</time>
      </trkpt>
      <trkpt lat="46.07728" lon="11.020153">
        <ele>473.652712</ele>
        <time>2025-04-26T12:19:51.957Z</time>
      </trkpt>
      <trkpt lat="46.077017" lon="11.01998">
        <ele>472.899071</ele>
        <time>2025-04-26T12:19:58.215Z</time>
      </trkpt>
      <trkpt lat="46.076813" lon="11.019907">
        <ele>472.351109</ele>
        <time>2025-04-26T12:20:02.542Z</time>
      </trkpt>
      <trkpt lat="46.07673" lon="11.019841">
        <ele>472.103994</ele>
        <time>2025-04-26T12:20:04.457Z</time>
      </trkpt>
      <trkpt lat="46.076684" lon="11.019799">
        <ele>471.962043</ele>
        <time>2025-04-26T12:20:05.550Z</time>
      </trkpt>
      <trkpt lat="46.076576" lon="11.019618">
        <ele>471.530284</ele>
        <time>2025-04-26T12:20:08.811Z</time>
      </trkpt>
      <trkpt lat="46.076259" lon="11.018473">
        <ele>469.300786</ele>
        <time>2025-04-26T12:20:24.878Z</time>
      </trkpt>
      <trkpt lat="46.076175" lon="11.01788">
        <ele>467.936545</ele>
        <time>2025-04-26T12:20:32.392Z</time>
      </trkpt>
      <trkpt lat="46.076081" lon="11.017421">
        <ele>466.782255</ele>
        <time>2025-04-26T12:20:38.323Z</time>
      </trkpt>
      <trkpt lat="46.075898" lon="11.016624">
        <ele>464.757413</ele>
        <time>2025-04-26T12:20:48.871Z</time>
      </trkpt>
      <trkpt lat="46.075834" lon="11.016219">
        <ele>463.755569</ele>
        <time>2025-04-26T12:20:54.162Z</time>
      </trkpt>
      <trkpt lat="46.075773" lon="11.015012">
        <ele>462.74049</ele>
        <time>2025-04-26T12:21:12.339Z</time>
      </trkpt>
      <trkpt lat="46.0757" lon="11.014746">
        <ele>462.733162</ele>
        <time>2025-04-26T12:21:18.004Z</time>
      </trkpt>
      <trkpt lat="46.075707" lon="11.014278">
        <ele>462.72117</ele>
        <time>2025-04-26T12:21:27.991Z</time>
      </trkpt>
      <trkpt lat="46.075646" lon="11.014099">
        <ele>462.716061</ele>
        <time>2025-04-26T12:21:31.933Z</time>
      </trkpt>
      <trkpt lat="46.075588" lon="11.013717">
        <ele>462.706044</ele>
        <time>2025-04-26T12:21:38.804Z</time>
      </trkpt>
      <trkpt lat="46.07555" lon="11.013117">
        <ele>462.264031</ele>
        <time>2025-04-26T12:21:53.944Z</time>
      </trkpt>
      <trkpt lat="46.075579" lon="11.012829">
        <ele>461.440653</ele>
        <time>2025-04-26T12:22:00.672Z</time>
      </trkpt>
      <trkpt lat="46.075622" lon="11.012676">
        <ele>460.973594</ele>
        <time>2025-04-26T12:22:03.620Z</time>
      </trkpt>
      <trkpt lat="46.075692" lon="11.012498">
        <ele>460.394685</ele>
        <time>2025-04-26T12:22:06.683Z</time>
      </trkpt>
      <trkpt lat="46.075817" lon="11.012284">
        <ele>459.603166</ele>
        <time>2025-04-26T12:22:10.417Z</time>
      </trkpt>
      <trkpt lat="46.075877" lon="11.012235">
        <ele>459.321914</ele>
        <time>2025-04-26T12:22:11.610Z</time>
      </trkpt>
      <trkpt lat="46.075947" lon="11.01191">
        <ele>458.359095</ele>
        <time>2025-04-26T12:22:15.937Z</time>
      </trkpt>
      <trkpt lat="46.076203" lon="11.011407">
        <ele>456.594038</ele>
        <time>2025-04-26T12:22:23.115Z</time>
      </trkpt>
      <trkpt lat="46.076372" lon="11.011229">
        <ele>455.740392</ele>
        <time>2025-04-26T12:22:26.530Z</time>
      </trkpt>
      <trkpt lat="46.076843" lon="11.010834">
        <ele>452.27416</ele>
        <time>2025-04-26T12:22:35.321Z</time>
      </trkpt>
      <trkpt lat="46.077295" lon="11.010528">
        <ele>448.861293</ele>
        <time>2025-04-26T12:22:43.258Z</time>
      </trkpt>
      <trkpt lat="46.077849" lon="11.010103">
        <ele>444.572258</ele>
        <time>2025-04-26T12:22:53.925Z</time>
      </trkpt>
      <trkpt lat="46.077921" lon="11.010087">
        <ele>444.074364</ele>
        <time>2025-04-26T12:22:55.273Z</time>
      </trkpt>
      <trkpt lat="46.078108" lon="11.010108">
        <ele>443.0166</ele>
        <time>2025-04-26T12:22:58.753Z</time>
      </trkpt>
      <trkpt lat="46.078283" lon="11.010045">
        <ele>442.794086</ele>
        <time>2025-04-26T12:23:02.236Z</time>
      </trkpt>
      <trkpt lat="46.078361" lon="11.009896">
        <ele>442.634349</ele>
        <time>2025-04-26T12:23:04.860Z</time>
      </trkpt>
      <trkpt lat="46.078405" lon="11.009668">
        <ele>442.431832</ele>
        <time>2025-04-26T12:23:08.308Z</time>
      </trkpt>
      <trkpt lat="46.078641" lon="11.009527">
        <ele>442.116684</ele>
        <time>2025-04-26T12:23:14.189Z</time>
      </trkpt>
      <trkpt lat="46.078751" lon="11.009159">
        <ele>441.773783</ele>
        <time>2025-04-26T12:23:21.542Z</time>
      </trkpt>
      <trkpt lat="46.078796" lon="11.008867">
        <ele>441.517818</ele>
        <time>2025-04-26T12:23:27.322Z</time>
      </trkpt>
      <trkpt lat="46.078742" lon="11.007934">
        <ele>440.475058</ele>
        <time>2025-04-26T12:23:44.235Z</time>
      </trkpt>
      <trkpt lat="46.07875" lon="11.007812">
        <ele>440.176016</ele>
        <time>2025-04-26T12:23:46.090Z</time>
      </trkpt>
      <trkpt lat="46.078786" lon="11.007695">
        <ele>439.863675</ele>
        <time>2025-04-26T12:23:48.022Z</time>
      </trkpt>
      <trkpt lat="46.078859" lon="11.007567">
        <ele>439.459302</ele>
        <time>2025-04-26T12:23:50.419Z</time>
      </trkpt>
      <trkpt lat="46.079012" lon="11.007364">
        <ele>438.727794</ele>
        <time>2025-04-26T12:23:54.617Z</time>
      </trkpt>
      <trkpt lat="46.079257" lon="11.006695">
        <ele>436.881704</ele>
        <time>2025-04-26T12:24:04.366Z</time>
      </trkpt>
      <trkpt lat="46.07924" lon="11.006576">
        <ele>436.585219</ele>
        <time>2025-04-26T12:24:05.846Z</time>
      </trkpt>
      <trkpt lat="46.078987" lon="11.006256">
        <ele>435.401178</ele>
        <time>2025-04-26T12:24:11.579Z</time>
      </trkpt>
      <trkpt lat="46.078822" lon="11.006252">
        <ele>434.820637</ele>
        <time>2025-04-26T12:24:14.370Z</time>
      </trkpt>
      <trkpt lat="46.078792" lon="11.006216">
        <ele>434.68332</ele>
        <time>2025-04-26T12:24:15.020Z</time>
      </trkpt>
      <trkpt lat="46.078791" lon="11.006166">
        <ele>434.561255</ele>
        <time>2025-04-26T12:24:15.609Z</time>
      </trkpt>
      <trkpt lat="46.078858" lon="11.006105">
        <ele>434.171285</ele>
        <time>2025-04-26T12:24:16.962Z</time>
      </trkpt>
      <trkpt lat="46.079008" lon="11.006065">
        <ele>433.382984</ele>
        <time>2025-04-26T12:24:19.578Z</time>
      </trkpt>
      <trkpt lat="46.079059" lon="11.005998">
        <ele>433.026415</ele>
        <time>2025-04-26T12:24:20.774Z</time>
      </trkpt>
      <trkpt lat="46.079043" lon="11.005872">
        <ele>432.567245</ele>
        <time>2025-04-26T12:24:22.319Z</time>
      </trkpt>
      <trkpt lat="46.078976" lon="11.005729">
        <ele>431.948666</ele>
        <time>2025-04-26T12:24:24.397Z</time>
      </trkpt>
      <trkpt lat="46.078976" lon="11.005633">
        <ele>431.604541</ele>
        <time>2025-04-26T12:24:25.531Z</time>
      </trkpt>
      <trkpt lat="46.079073" lon="11.005459">
        <ele>430.804353</ele>
        <time>2025-04-26T12:24:28.197Z</time>
      </trkpt>
      <trkpt lat="46.079078" lon="11.005399">
        <ele>430.587729</ele>
        <time>2025-04-26T12:24:28.933Z</time>
      </trkpt>
      <trkpt lat="46.079028" lon="11.005344">
        <ele>430.262718</ele>
        <time>2025-04-26T12:24:30.013Z</time>
      </trkpt>
      <trkpt lat="46.078939" lon="11.005395">
        <ele>429.767793</ele>
        <time>2025-04-26T12:24:31.682Z</time>
      </trkpt>
      <trkpt lat="46.078898" lon="11.005496">
        <ele>429.348305</ele>
        <time>2025-04-26T12:24:33.099Z</time>
      </trkpt>
      <trkpt lat="46.078832" lon="11.005853">
        <ele>428.023915</ele>
        <time>2025-04-26T12:24:37.610Z</time>
      </trkpt>
      <trkpt lat="46.078795" lon="11.005892">
        <ele>427.787054</ele>
        <time>2025-04-26T12:24:38.403Z</time>
      </trkpt>
      <trkpt lat="46.078752" lon="11.005881">
        <ele>427.561373</ele>
        <time>2025-04-26T12:24:39.168Z</time>
      </trkpt>
      <trkpt lat="46.078724" lon="11.005797">
        <ele>427.2273</ele>
        <time>2025-04-26T12:24:40.324Z</time>
      </trkpt>
      <trkpt lat="46.078767" lon="11.005556">
        <ele>426.335278</ele>
        <time>2025-04-26T12:24:43.414Z</time>
      </trkpt>
      <trkpt lat="46.078768" lon="11.00525">
        <ele>425.238362</ele>
        <time>2025-04-26T12:24:47.289Z</time>
      </trkpt>
      <trkpt lat="46.078853" lon="11.004745">
        <ele>422.514092</ele>
        <time>2025-04-26T12:24:53.725Z</time>
      </trkpt>
      <trkpt lat="46.078864" lon="11.004472">
        <ele>421.077164</ele>
        <time>2025-04-26T12:24:57.007Z</time>
      </trkpt>
      <trkpt lat="46.078872" lon="11.004263">
        <ele>419.977278</ele>
        <time>2025-04-26T12:24:59.461Z</time>
      </trkpt>
      <trkpt lat="46.078937" lon="11.004155">
        <ele>419.22595</ele>
        <time>2025-04-26T12:25:01.080Z</time>
      </trkpt>
      <trkpt lat="46.07904" lon="11.004104">
        <ele>418.400973</ele>
        <time>2025-04-26T12:25:02.871Z</time>
      </trkpt>
      <trkpt lat="46.079058" lon="11.004008">
        <ele>417.878428</ele>
        <time>2025-04-26T12:25:03.977Z</time>
      </trkpt>
      <trkpt lat="46.079051" lon="11.003837">
        <ele>416.978329</ele>
        <time>2025-04-26T12:25:05.884Z</time>
      </trkpt>
      <trkpt lat="46.079115" lon="11.003721">
        <ele>416.199503</ele>
        <time>2025-04-26T12:25:07.515Z</time>
      </trkpt>
      <trkpt lat="46.079205" lon="11.003689">
        <ele>415.497313</ele>
        <time>2025-04-26T12:25:08.977Z</time>
      </trkpt>
      <trkpt lat="46.079236" lon="11.003644">
        <ele>415.164062</ele>
        <time>2025-04-26T12:25:09.665Z</time>
      </trkpt>
      <trkpt lat="46.079223" lon="11.003538">
        <ele>414.598438</ele>
        <time>2025-04-26T12:25:10.838Z</time>
      </trkpt>
      <trkpt lat="46.078993" lon="11.003438">
        <ele>412.778647</ele>
        <time>2025-04-26T12:25:14.660Z</time>
      </trkpt>
      <trkpt lat="46.078911" lon="11.003367">
        <ele>412.05406</ele>
        <time>2025-04-26T12:25:16.204Z</time>
      </trkpt>
      <trkpt lat="46.078407" lon="11.002806">
        <ele>405.833315</ele>
        <time>2025-04-26T12:25:26.332Z</time>
      </trkpt>
      <trkpt lat="46.078401" lon="11.002736">
        <ele>405.344168</ele>
        <time>2025-04-26T12:25:27.093Z</time>
      </trkpt>
      <trkpt lat="46.078137" lon="11.002777">
        <ele>402.689528</ele>
        <time>2025-04-26T12:25:31.228Z</time>
      </trkpt>
      <trkpt lat="46.077917" lon="11.002897">
        <ele>400.337877</ele>
        <time>2025-04-26T12:25:35.045Z</time>
      </trkpt>
      <trkpt lat="46.077905" lon="11.002863">
        <ele>400.073317</ele>
        <time>2025-04-26T12:25:35.463Z</time>
      </trkpt>
      <trkpt lat="46.077882" lon="11.002667">
        <ele>398.694718</ele>
        <time>2025-04-26T12:25:37.608Z</time>
      </trkpt>
      <trkpt lat="46.077911" lon="11.00228">
        <ele>395.995205</ele>
        <time>2025-04-26T12:25:41.851Z</time>
      </trkpt>
      <trkpt lat="46.078063" lon="11.001737">
        <ele>392.505691</ele>
        <time>2025-04-26T12:25:48.413Z</time>
      </trkpt>
      <trkpt lat="46.078173" lon="11.001547">
        <ele>391.371886</ele>
        <time>2025-04-26T12:25:51.209Z</time>
      </trkpt>
      <trkpt lat="46.078255" lon="11.001078">
        <ele>389.156008</ele>
        <time>2025-04-26T12:25:56.878Z</time>
      </trkpt>
      <trkpt lat="46.078373" lon="11.000355">
        <ele>385.753214</ele>
        <time>2025-04-26T12:26:05.913Z</time>
      </trkpt>
      <trkpt lat="46.078511" lon="10.999849">
        <ele>383.2623</ele>
        <time>2025-04-26T12:26:12.927Z</time>
      </trkpt>
      <trkpt lat="46.078351" lon="10.999647">
        <ele>381.857627</ele>
        <time>2025-04-26T12:26:16.816Z</time>
      </trkpt>
      <trkpt lat="46.077823" lon="10.999004">
        <ele>379.176232</ele>
        <time>2025-04-26T12:26:29.807Z</time>
      </trkpt>
      <trkpt lat="46.07738" lon="10.998486">
        <ele>377.005</ele>
        <time>2025-04-26T12:26:40.129Z</time>
      </trkpt>
      <trkpt lat="46.077348" lon="10.99845">
        <ele>376.850492</ele>
        <time>2025-04-26T12:26:40.861Z</time>
      </trkpt>
      <trkpt lat="46.076964" lon="10.998014">
        <ele>374.989876</ele>
        <time>2025-04-26T12:26:49.848Z</time>
      </trkpt>
      <trkpt lat="46.076771" lon="10.997803">
        <ele>374.311547</ele>
        <time>2025-04-26T12:26:54.387Z</time>
      </trkpt>
      <trkpt lat="46.07652" lon="10.997528">
        <ele>373.466297</ele>
        <time>2025-04-26T12:27:00.328Z</time>
      </trkpt>
      <trkpt lat="46.076378" lon="10.997366">
        <ele>372.980787</ele>
        <time>2025-04-26T12:27:03.772Z</time>
      </trkpt>
      <trkpt lat="46.075946" lon="10.996863">
        <ele>371.491943</ele>
        <time>2025-04-26T12:27:14.658Z</time>
      </trkpt>
      <trkpt lat="46.075881" lon="10.996716">
        <ele>371.167725</ele>
        <time>2025-04-26T12:27:17.098Z</time>
      </trkpt>
      <trkpt lat="46.075632" lon="10.996475">
        <ele>370.363623</ele>
        <time>2025-04-26T12:27:23.315Z</time>
      </trkpt>
      <trkpt lat="46.075484" lon="10.996323">
        <ele>369.933756</ele>
        <time>2025-04-26T12:27:27.149Z</time>
      </trkpt>
      <trkpt lat="46.075396" lon="10.996225">
        <ele>369.724008</ele>
        <time>2025-04-26T12:27:29.486Z</time>
      </trkpt>
      <trkpt lat="46.075116" lon="10.99591">
        <ele>369.054074</ele>
        <time>2025-04-26T12:27:36.910Z</time>
      </trkpt>
      <trkpt lat="46.074893" lon="10.995721">
        <ele>368.566139</ele>
        <time>2025-04-26T12:27:42.314Z</time>
      </trkpt>
      <trkpt lat="46.074744" lon="10.995594">
        <ele>368.239641</ele>
        <time>2025-04-26T12:27:45.911Z</time>
      </trkpt>
      <trkpt lat="46.074115" lon="10.995207">
        <ele>366.949675</ele>
        <time>2025-04-26T12:28:00.019Z</time>
      </trkpt>
      <trkpt lat="46.073991" lon="10.995149">
        <ele>366.703782</ele>
        <time>2025-04-26T12:28:02.663Z</time>
      </trkpt>
      <trkpt lat="46.073807" lon="10.995099">
        <ele>366.179081</ele>
        <time>2025-04-26T12:28:06.409Z</time>
      </trkpt>
      <trkpt lat="46.073109" lon="10.99476">
        <ele>364.060193</ele>
        <time>2025-04-26T12:28:20.852Z</time>
      </trkpt>
      <trkpt lat="46.07242" lon="10.994738">
        <ele>362.07762</ele>
        <time>2025-04-26T12:28:33.977Z</time>
      </trkpt>
      <trkpt lat="46.072421" lon="10.994691">
        <ele>361.983775</ele>
        <time>2025-04-26T12:28:36.615Z</time>
      </trkpt>
      <trkpt lat="46.07242" lon="10.994634">
        <ele>361.869981</ele>
        <time>2025-04-26T12:28:39.813Z</time>
      </trkpt>
      <trkpt lat="46.07218" lon="10.994631">
        <ele>361.042713</ele>
        <time>2025-04-26T12:28:44.261Z</time>
      </trkpt>
      <trkpt lat="46.072137" lon="10.994586">
        <ele>360.825183</ele>
        <time>2025-04-26T12:28:48.562Z</time>
      </trkpt>
      <trkpt lat="46.072101" lon="10.994551">
        <ele>360.64742</ele>
        <time>2025-04-26T12:28:52.097Z</time>
      </trkpt>
      <trkpt lat="46.071962" lon="10.994521">
        <ele>360.072051</ele>
        <time>2025-04-26T12:28:54.650Z</time>
      </trkpt>
      <trkpt lat="46.071708" lon="10.994627">
        <ele>358.989545</ele>
        <time>2025-04-26T12:28:59.462Z</time>
      </trkpt>
      <trkpt lat="46.071148" lon="10.994586">
        <ele>356.69411</ele>
        <time>2025-04-26T12:29:09.616Z</time>
      </trkpt>
      <trkpt lat="46.070617" lon="10.994601">
        <ele>354.519931</ele>
        <time>2025-04-26T12:29:19.367Z</time>
      </trkpt>
      <trkpt lat="46.070314" lon="10.994564">
        <ele>352.864846</ele>
        <time>2025-04-26T12:29:24.741Z</time>
      </trkpt>
      <trkpt lat="46.069748" lon="10.99458">
        <ele>349.447906</ele>
        <time>2025-04-26T12:29:34.457Z</time>
      </trkpt>
      <trkpt lat="46.069579" lon="10.994567">
        <ele>348.426398</ele>
        <time>2025-04-26T12:29:37.305Z</time>
      </trkpt>
      <trkpt lat="46.069198" lon="10.994422">
        <ele>346.047933</ele>
        <time>2025-04-26T12:29:43.918Z</time>
      </trkpt>
      <trkpt lat="46.068644" lon="10.994288">
        <ele>342.546441</ele>
        <time>2025-04-26T12:29:53.252Z</time>
      </trkpt>
      <trkpt lat="46.068537" lon="10.994316">
        <ele>341.773818</ele>
        <time>2025-04-26T12:29:55.060Z</time>
      </trkpt>
      <trkpt lat="46.06838" lon="10.994449">
        <ele>340.480001</ele>
        <time>2025-04-26T12:29:58.070Z</time>
      </trkpt>
      <trkpt lat="46.06829" lon="10.994461">
        <ele>339.837855</ele>
        <time>2025-04-26T12:29:59.585Z</time>
      </trkpt>
      <trkpt lat="46.067259" lon="10.994146">
        <ele>332.350223</ele>
        <time>2025-04-26T12:30:17.173Z</time>
      </trkpt>
      <trkpt lat="46.06676" lon="10.994049">
        <ele>328.663255</ele>
        <time>2025-04-26T12:30:25.393Z</time>
      </trkpt>
      <trkpt lat="46.066561" lon="10.994044">
        <ele>327.159686</ele>
        <time>2025-04-26T12:30:28.631Z</time>
      </trkpt>
      <trkpt lat="46.066543" lon="10.993999">
        <ele>326.88743</ele>
        <time>2025-04-26T12:30:29.212Z</time>
      </trkpt>
      <trkpt lat="46.066558" lon="10.993956">
        <ele>326.635164</ele>
        <time>2025-04-26T12:30:29.759Z</time>
      </trkpt>
      <trkpt lat="46.066632" lon="10.993888">
        <ele>325.972178</ele>
        <time>2025-04-26T12:30:31.184Z</time>
      </trkpt>
      <trkpt lat="46.06711" lon="10.993846">
        <ele>322.354434</ele>
        <time>2025-04-26T12:30:38.946Z</time>
      </trkpt>
      <trkpt lat="46.067276" lon="10.993771">
        <ele>321.040221</ele>
        <time>2025-04-26T12:30:41.771Z</time>
      </trkpt>
      <trkpt lat="46.067614" lon="10.993715">
        <ele>318.469994</ele>
        <time>2025-04-26T12:30:47.370Z</time>
      </trkpt>
      <trkpt lat="46.067695" lon="10.993661">
        <ele>317.795795</ele>
        <time>2025-04-26T12:30:48.897Z</time>
      </trkpt>
      <trkpt lat="46.067868" lon="10.993463">
        <ele>316.14685</ele>
        <time>2025-04-26T12:30:52.657Z</time>
      </trkpt>
      <trkpt lat="46.068035" lon="10.99301">
        <ele>313.525894</ele>
        <time>2025-04-26T12:30:58.746Z</time>
      </trkpt>
      <trkpt lat="46.068127" lon="10.992859">
        <ele>312.499139</ele>
        <time>2025-04-26T12:31:01.091Z</time>
      </trkpt>
      <trkpt lat="46.068375" lon="10.992719">
        <ele>310.537743</ele>
        <time>2025-04-26T12:31:05.516Z</time>
      </trkpt>
      <trkpt lat="46.068413" lon="10.992688">
        <ele>310.216191</ele>
        <time>2025-04-26T12:31:06.249Z</time>
      </trkpt>
      <trkpt lat="46.06843" lon="10.992621">
        <ele>309.851697</ele>
        <time>2025-04-26T12:31:07.072Z</time>
      </trkpt>
      <trkpt lat="46.068425" lon="10.99247">
        <ele>309.079322</ele>
        <time>2025-04-26T12:31:08.785Z</time>
      </trkpt>
      <trkpt lat="46.068471" lon="10.992227">
        <ele>307.792391</ele>
        <time>2025-04-26T12:31:11.658Z</time>
      </trkpt>
      <trkpt lat="46.068452" lon="10.992222">
        <ele>307.650158</ele>
        <time>2025-04-26T12:31:12.001Z</time>
      </trkpt>
      <trkpt lat="46.068158" lon="10.99214">
        <ele>305.444929</ele>
        <time>2025-04-26T12:31:17.082Z</time>
      </trkpt>
      <trkpt lat="46.067535" lon="10.991743">
        <ele>300.626444</ele>
        <time>2025-04-26T12:31:28.563Z</time>
      </trkpt>
      <trkpt lat="46.067433" lon="10.991722">
        <ele>299.913953</ele>
        <time>2025-04-26T12:31:30.294Z</time>
      </trkpt>
      <trkpt lat="46.067359" lon="10.991773">
        <ele>299.346751</ele>
        <time>2025-04-26T12:31:31.672Z</time>
      </trkpt>
      <trkpt lat="46.067272" lon="10.991788">
        <ele>298.740856</ele>
        <time>2025-04-26T12:31:33.140Z</time>
      </trkpt>
      <trkpt lat="46.066983" lon="10.991761">
        <ele>296.738224</ele>
        <time>2025-04-26T12:31:38.102Z</time>
      </trkpt>
      <trkpt lat="46.066826" lon="10.991657">
        <ele>295.543393</ele>
        <time>2025-04-26T12:31:41.122Z</time>
      </trkpt>
      <trkpt lat="46.066352" lon="10.991135">
        <ele>291.418389</ele>
        <time>2025-04-26T12:31:51.958Z</time>
      </trkpt>
      <trkpt lat="46.066069" lon="10.990951">
        <ele>290.54776</ele>
        <time>2025-04-26T12:31:58.025Z</time>
      </trkpt>
      <trkpt lat="46.065543" lon="10.990704">
        <ele>289.210224</ele>
        <time>2025-04-26T12:32:09.441Z</time>
      </trkpt>
      <trkpt lat="46.065295" lon="10.990518">
        <ele>288.534294</ele>
        <time>2025-04-26T12:32:15.531Z</time>
      </trkpt>
      <trkpt lat="46.065154" lon="10.990412">
        <ele>288.149801</ele>
        <time>2025-04-26T12:32:19.091Z</time>
      </trkpt>
      <trkpt lat="46.064976" lon="10.990342">
        <ele>287.703708</ele>
        <time>2025-04-26T12:32:23.328Z</time>
      </trkpt>
      <trkpt lat="46.064776" lon="10.990308">
        <ele>287.216804</ele>
        <time>2025-04-26T12:32:27.971Z</time>
      </trkpt>
      <trkpt lat="46.06458" lon="10.990297">
        <ele>286.835375</ele>
        <time>2025-04-26T12:32:32.413Z</time>
      </trkpt>
      <trkpt lat="46.064314" lon="10.990354">
        <ele>286.608287</ele>
        <time>2025-04-26T12:32:38.461Z</time>
      </trkpt>
      <trkpt lat="46.064143" lon="10.990341">
        <ele>286.463688</ele>
        <time>2025-04-26T12:32:42.265Z</time>
      </trkpt>
      <trkpt lat="46.063876" lon="10.990295">
        <ele>286.236619</ele>
        <time>2025-04-26T12:32:48.236Z</time>
      </trkpt>
      <trkpt lat="46.063709" lon="10.990295">
        <ele>286.095598</ele>
        <time>2025-04-26T12:32:52.007Z</time>
      </trkpt>
      <trkpt lat="46.063585" lon="10.990312">
        <ele>285.990416</ele>
        <time>2025-04-26T12:32:55.699Z</time>
      </trkpt>
      <trkpt lat="46.063456" lon="10.990344">
        <ele>285.879882</ele>
        <time>2025-04-26T12:32:59.727Z</time>
      </trkpt>
      <trkpt lat="46.063341" lon="10.990386">
        <ele>285.779703</ele>
        <time>2025-04-26T12:33:02.660Z</time>
      </trkpt>
      <trkpt lat="46.062937" lon="10.990437">
        <ele>285.437245</ele>
        <time>2025-04-26T12:33:13.537Z</time>
      </trkpt>
      <trkpt lat="46.062546" lon="10.990209">
        <ele>284.947282</ele>
        <time>2025-04-26T12:33:25.963Z</time>
      </trkpt>
      <trkpt lat="46.062526" lon="10.990214">
        <ele>284.922103</ele>
        <time>2025-04-26T12:33:26.576Z</time>
      </trkpt>
      <trkpt lat="46.062418" lon="10.990236">
        <ele>284.786803</ele>
        <time>2025-04-26T12:33:29.879Z</time>
      </trkpt>
      <trkpt lat="46.062397" lon="10.990246">
        <ele>284.759369</ele>
        <time>2025-04-26T12:33:30.538Z</time>
      </trkpt>
      <trkpt lat="46.062197" lon="10.99024">
        <ele>284.511227</ele>
        <time>2025-04-26T12:33:36.050Z</time>
      </trkpt>
      <trkpt lat="46.061993" lon="10.990118">
        <ele>284.237255</ele>
        <time>2025-04-26T12:33:41.655Z</time>
      </trkpt>
      <trkpt lat="46.061954" lon="10.990028">
        <ele>284.145925</ele>
        <time>2025-04-26T12:33:43.445Z</time>
      </trkpt>
      <trkpt lat="46.061997" lon="10.989851">
        <ele>283.98451</ele>
        <time>2025-04-26T12:33:46.584Z</time>
      </trkpt>
      <trkpt lat="46.061909" lon="10.989398">
        <ele>283.579613</ele>
        <time>2025-04-26T12:33:53.690Z</time>
      </trkpt>
      <trkpt lat="46.06189" lon="10.989233">
        <ele>283.435652</ele>
        <time>2025-04-26T12:33:55.991Z</time>
      </trkpt>
      <trkpt lat="46.061862" lon="10.988799">
        <ele>282.878015</ele>
        <time>2025-04-26T12:34:01.520Z</time>
      </trkpt>
      <trkpt lat="46.061831" lon="10.988494">
        <ele>281.965035</ele>
        <time>2025-04-26T12:34:05.245Z</time>
      </trkpt>
      <trkpt lat="46.061737" lon="10.988252">
        <ele>281.143624</ele>
        <time>2025-04-26T12:34:08.544Z</time>
      </trkpt>
      <trkpt lat="46.061701" lon="10.988176">
        <ele>280.87108</ele>
        <time>2025-04-26T12:34:09.623Z</time>
      </trkpt>
      <trkpt lat="46.061621" lon="10.988007">
        <ele>280.265155</ele>
        <time>2025-04-26T12:34:12.052Z</time>
      </trkpt>
      <trkpt lat="46.061475" lon="10.987787">
        <ele>279.363524</ele>
        <time>2025-04-26T12:34:15.646Z</time>
      </trkpt>
      <trkpt lat="46.061414" lon="10.987647">
        <ele>278.873902</ele>
        <time>2025-04-26T12:34:17.634Z</time>
      </trkpt>
      <trkpt lat="46.061337" lon="10.987186">
        <ele>277.469513</ele>
        <time>2025-04-26T12:34:23.444Z</time>
      </trkpt>
      <trkpt lat="46.061276" lon="10.987006">
        <ele>276.876204</ele>
        <time>2025-04-26T12:34:25.976Z</time>
      </trkpt>
      <trkpt lat="46.061173" lon="10.986843">
        <ele>276.223242</ele>
        <time>2025-04-26T12:34:28.787Z</time>
      </trkpt>
      <trkpt lat="46.060386" lon="10.986041">
        <ele>273.109962</ele>
        <time>2025-04-26T12:34:48.705Z</time>
      </trkpt>
      <trkpt lat="46.06003" lon="10.985557">
        <ele>271.645321</ele>
        <time>2025-04-26T12:34:58.716Z</time>
      </trkpt>
      <trkpt lat="46.059621" lon="10.984817">
        <ele>269.078409</ele>
        <time>2025-04-26T12:35:11.022Z</time>
      </trkpt>
      <trkpt lat="46.059" lon="10.983357">
        <ele>260.092466</ele>
        <time>2025-04-26T12:35:30.268Z</time>
      </trkpt>
      <trkpt lat="46.058901" lon="10.983142">
        <ele>258.738469</ele>
        <time>2025-04-26T12:35:33.122Z</time>
      </trkpt>
      <trkpt lat="46.058879" lon="10.983017">
        <ele>258.061768</ele>
        <time>2025-04-26T12:35:34.555Z</time>
      </trkpt>
      <trkpt lat="46.058864" lon="10.98279">
        <ele>256.865207</ele>
        <time>2025-04-26T12:35:37.091Z</time>
      </trkpt>
      <trkpt lat="46.058867" lon="10.982725">
        <ele>256.523369</ele>
        <time>2025-04-26T12:35:37.819Z</time>
      </trkpt>
      <trkpt lat="46.058931" lon="10.982378">
        <ele>255.267939</ele>
        <time>2025-04-26T12:35:41.843Z</time>
      </trkpt>
      <trkpt lat="46.058996" lon="10.982089">
        <ele>254.220056</ele>
        <time>2025-04-26T12:35:45.286Z</time>
      </trkpt>
      <trkpt lat="46.059" lon="10.981898">
        <ele>253.560953</ele>
        <time>2025-04-26T12:35:47.455Z</time>
      </trkpt>
      <trkpt lat="46.058767" lon="10.981124">
        <ele>250.650847</ele>
        <time>2025-04-26T12:35:57.692Z</time>
      </trkpt>
      <trkpt lat="46.058723" lon="10.980775">
        <ele>249.427352</ele>
        <time>2025-04-26T12:36:02.599Z</time>
      </trkpt>
      <trkpt lat="46.058746" lon="10.980206">
        <ele>247.523174</ele>
        <time>2025-04-26T12:36:10.978Z</time>
      </trkpt>
      <trkpt lat="46.058727" lon="10.979954">
        <ele>247.399683</ele>
        <time>2025-04-26T12:36:14.822Z</time>
      </trkpt>
      <trkpt lat="46.058772" lon="10.979619">
        <ele>247.23345</ele>
        <time>2025-04-26T12:36:20.016Z</time>
      </trkpt>
      <trkpt lat="46.058806" lon="10.979308">
        <ele>247.08007</ele>
        <time>2025-04-26T12:36:24.877Z</time>
      </trkpt>
      <trkpt lat="46.058866" lon="10.978813">
        <ele>246.835267</ele>
        <time>2025-04-26T12:36:32.981Z</time>
      </trkpt>
      <trkpt lat="46.058953" lon="10.97822">
        <ele>246.539986</ele>
        <time>2025-04-26T12:36:43.914Z</time>
      </trkpt>
      <trkpt lat="46.058997" lon="10.977934">
        <ele>246.397272</ele>
        <time>2025-04-26T12:36:49.509Z</time>
      </trkpt>
      <trkpt lat="46.059008" lon="10.977834">
        <ele>246.347946</ele>
        <time>2025-04-26T12:36:51.323Z</time>
      </trkpt>
      <trkpt lat="46.058985" lon="10.977577">
        <ele>246.195275</ele>
        <time>2025-04-26T12:36:55.904Z</time>
      </trkpt>
      <trkpt lat="46.058976" lon="10.977466">
        <ele>246.111386</ele>
        <time>2025-04-26T12:36:57.852Z</time>
      </trkpt>
      <trkpt lat="46.05897" lon="10.977315">
        <ele>245.997851</ele>
        <time>2025-04-26T12:37:00.370Z</time>
      </trkpt>
      <trkpt lat="46.05896" lon="10.977171">
        <ele>245.889216</ele>
        <time>2025-04-26T12:37:02.749Z</time>
      </trkpt>
      <trkpt lat="46.058949" lon="10.977057">
        <ele>245.802818</ele>
        <time>2025-04-26T12:37:04.634Z</time>
      </trkpt>
      <trkpt lat="46.058911" lon="10.976961">
        <ele>245.719855</ele>
        <time>2025-04-26T12:37:06.427Z</time>
      </trkpt>
      <trkpt lat="46.05867" lon="10.976734">
        <ele>245.408402</ele>
        <time>2025-04-26T12:37:13.057Z</time>
      </trkpt>
      <trkpt lat="46.058445" lon="10.976425">
        <ele>245.07218</ele>
        <time>2025-04-26T12:37:20.103Z</time>
      </trkpt>
      <trkpt lat="46.058217" lon="10.976072">
        <ele>244.710172</ele>
        <time>2025-04-26T12:37:27.365Z</time>
      </trkpt>
      <trkpt lat="46.05798" lon="10.975549">
        <ele>244.214574</ele>
        <time>2025-04-26T12:37:36.063Z</time>
      </trkpt>
      <trkpt lat="46.057919" lon="10.975252">
        <ele>243.907792</ele>
        <time>2025-04-26T12:37:40.252Z</time>
      </trkpt>
      <trkpt lat="46.057764" lon="10.974134">
        <ele>242.778566</ele>
        <time>2025-04-26T12:37:56.108Z</time>
      </trkpt>
      <trkpt lat="46.057574" lon="10.972714">
        <ele>242.050086</ele>
        <time>2025-04-26T12:38:19.934Z</time>
      </trkpt>
      <trkpt lat="46.057576" lon="10.972596">
        <ele>242.133195</ele>
        <time>2025-04-26T12:38:22.582Z</time>
      </trkpt>
      <trkpt lat="46.057592" lon="10.972458">
        <ele>242.231708</ele>
        <time>2025-04-26T12:38:25.805Z</time>
      </trkpt>
      <trkpt lat="46.057678" lon="10.972252">
        <ele>242.400978</ele>
        <time>2025-04-26T12:38:31.346Z</time>
      </trkpt>
      <trkpt lat="46.05786" lon="10.97213">
        <ele>242.604646</ele>
        <time>2025-04-26T12:38:37.954Z</time>
      </trkpt>
      <trkpt lat="46.058092" lon="10.972066">
        <ele>242.84432</ele>
        <time>2025-04-26T12:38:47.461Z</time>
      </trkpt>
      <trkpt lat="46.058177" lon="10.972042">
        <ele>242.932206</ele>
        <time>2025-04-26T12:38:50.936Z</time>
      </trkpt>
      <trkpt lat="46.058276" lon="10.971983">
        <ele>243.040907</ele>
        <time>2025-04-26T12:38:55.253Z</time>
      </trkpt>
      <trkpt lat="46.058376" lon="10.971874">
        <ele>243.168128</ele>
        <time>2025-04-26T12:39:00.351Z</time>
      </trkpt>
      <trkpt lat="46.058427" lon="10.971768">
        <ele>243.258947</ele>
        <time>2025-04-26T12:39:04.040Z</time>
      </trkpt>
      <trkpt lat="46.058459" lon="10.971662">
        <ele>243.340337</ele>
        <time>2025-04-26T12:39:07.408Z</time>
      </trkpt>
      <trkpt lat="46.05849" lon="10.971397">
        <ele>243.529554</ele>
        <time>2025-04-26T12:39:13.718Z</time>
      </trkpt>
      <trkpt lat="46.058478" lon="10.971262">
        <ele>243.612976</ele>
        <time>2025-04-26T12:39:16.933Z</time>
      </trkpt>
      <trkpt lat="46.058381" lon="10.970943">
        <ele>243.787058</ele>
        <time>2025-04-26T12:39:24.980Z</time>
      </trkpt>
      <trkpt lat="46.058188" lon="10.970591">
        <ele>244.011293</ele>
        <time>2025-04-26T12:39:34.125Z</time>
      </trkpt>
      <trkpt lat="46.057349" lon="10.969299">
        <ele>244.90067</ele>
        <time>2025-04-26T12:40:07.479Z</time>
      </trkpt>
      <trkpt lat="46.05702" lon="10.968686">
        <ele>245.396544</ele>
        <time>2025-04-26T12:40:24.169Z</time>
      </trkpt>
      <trkpt lat="46.056301" lon="10.96712">
        <ele>246.572418</ele>
        <time>2025-04-26T12:41:04.160Z</time>
      </trkpt>
      <trkpt lat="46.056265" lon="10.966983">
        <ele>246.626974</ele>
        <time>2025-04-26T12:41:07.093Z</time>
      </trkpt>
      <trkpt lat="46.056339" lon="10.965497">
        <ele>247.181805</ele>
        <time>2025-04-26T12:41:36.213Z</time>
      </trkpt>
      <trkpt lat="46.056364" lon="10.964629">
        <ele>247.50699</ele>
        <time>2025-04-26T12:41:52.433Z</time>
      </trkpt>
      <trkpt lat="46.056322" lon="10.964403">
        <ele>247.636579</ele>
        <time>2025-04-26T12:41:56.932Z</time>
      </trkpt>
      <trkpt lat="46.055442" lon="10.962752">
        <ele>248.78966</ele>
        <time>2025-04-26T12:42:38.984Z</time>
      </trkpt>
      <trkpt lat="46.054646" lon="10.960672">
        <ele>251.189315</ele>
        <time>2025-04-26T12:43:34.168Z</time>
      </trkpt>
      <trkpt lat="46.054357" lon="10.959992">
        <ele>251.808112</ele>
        <time>2025-04-26T12:43:52.988Z</time>
      </trkpt>
      <trkpt lat="46.05393" lon="10.959271">
        <ele>252.117244</ele>
        <time>2025-04-26T12:44:12.869Z</time>
      </trkpt>
      <trkpt lat="46.053807" lon="10.959149">
        <ele>252.187419</ele>
        <time>2025-04-26T12:44:17.117Z</time>
      </trkpt>
      <trkpt lat="46.053551" lon="10.95903">
        <ele>252.313832</ele>
        <time>2025-04-26T12:44:24.327Z</time>
      </trkpt>
      <trkpt lat="46.052445" lon="10.958585">
        <ele>251.98398</ele>
        <time>2025-04-26T12:44:50.869Z</time>
      </trkpt>
      <trkpt lat="46.052006" lon="10.958473">
        <ele>251.591163</ele>
        <time>2025-04-26T12:45:01.011Z</time>
      </trkpt>
      <trkpt lat="46.051628" lon="10.958368">
        <ele>251.251976</ele>
        <time>2025-04-26T12:45:09.549Z</time>
      </trkpt>
      <trkpt lat="46.051477" lon="10.958279">
        <ele>251.10823</ele>
        <time>2025-04-26T12:45:13.132Z</time>
      </trkpt>
      <trkpt lat="46.04976" lon="10.956592">
        <ele>249.301195</ele>
        <time>2025-04-26T12:45:59.938Z</time>
      </trkpt>
      <trkpt lat="46.049442" lon="10.9562">
        <ele>249.166127</ele>
        <time>2025-04-26T12:46:10.258Z</time>
      </trkpt>
      <trkpt lat="46.049004" lon="10.955573">
        <ele>248.966857</ele>
        <time>2025-04-26T12:46:25.511Z</time>
      </trkpt>
      <trkpt lat="46.048127" lon="10.954207">
        <ele>248.899095</ele>
        <time>2025-04-26T12:46:57.699Z</time>
      </trkpt>
      <trkpt lat="46.047509" lon="10.953217">
        <ele>249.099266</ele>
        <time>2025-04-26T12:47:23.215Z</time>
      </trkpt>
      <trkpt lat="46.047317" lon="10.952796">
        <ele>249.277856</ele>
        <time>2025-04-26T12:47:33.572Z</time>
      </trkpt>
      <trkpt lat="46.047256" lon="10.952604">
        <ele>249.432822</ele>
        <time>2025-04-26T12:47:37.860Z</time>
      </trkpt>
      <trkpt lat="46.047211" lon="10.952477">
        <ele>249.537469</ele>
        <time>2025-04-26T12:47:40.728Z</time>
      </trkpt>
      <trkpt lat="46.047147" lon="10.952381">
        <ele>249.635157</ele>
        <time>2025-04-26T12:47:43.378Z</time>
      </trkpt>
      <trkpt lat="46.047169" lon="10.952305">
        <ele>249.695589</ele>
        <time>2025-04-26T12:47:45.060Z</time>
      </trkpt>
      <trkpt lat="46.047135" lon="10.952238">
        <ele>249.7565</ele>
        <time>2025-04-26T12:47:46.704Z</time>
      </trkpt>
      <trkpt lat="46.047064" lon="10.951723">
        <ele>250.141835</ele>
        <time>2025-04-26T12:47:57.643Z</time>
      </trkpt>
      <trkpt lat="46.047056" lon="10.951677">
        <ele>250.176637</ele>
        <time>2025-04-26T12:47:58.687Z</time>
      </trkpt>
      <trkpt lat="46.047029" lon="10.951522">
        <ele>250.293918</ele>
        <time>2025-04-26T12:48:02.141Z</time>
      </trkpt>
      <trkpt lat="46.046968" lon="10.951166">
        <ele>250.563025</ele>
        <time>2025-04-26T12:48:10.326Z</time>
      </trkpt>
      <trkpt lat="46.046948" lon="10.951041">
        <ele>250.657167</ele>
        <time>2025-04-26T12:48:13.261Z</time>
      </trkpt>
      <trkpt lat="46.046896" lon="10.950696">
        <ele>250.91626</ele>
        <time>2025-04-26T12:48:21.205Z</time>
      </trkpt>
      <trkpt lat="46.046833" lon="10.950194">
        <ele>251.27343</ele>
        <time>2025-04-26T12:48:32.260Z</time>
      </trkpt>
      <trkpt lat="46.046698" lon="10.949444">
        <ele>251.801322</ele>
        <time>2025-04-26T12:48:50.361Z</time>
      </trkpt>
      <trkpt lat="46.046593" lon="10.949117">
        <ele>252.0468</ele>
        <time>2025-04-26T12:48:58.594Z</time>
      </trkpt>
      <trkpt lat="46.046486" lon="10.948834">
        <ele>252.266366</ele>
        <time>2025-04-26T12:49:05.706Z</time>
      </trkpt>
      <trkpt lat="46.046427" lon="10.948843">
        <ele>252.324605</ele>
        <time>2025-04-26T12:49:07.845Z</time>
      </trkpt>
      <trkpt lat="46.046223" lon="10.948511">
        <ele>252.626709</ele>
        <time>2025-04-26T12:49:16.421Z</time>
      </trkpt>
      <trkpt lat="46.046166" lon="10.948457">
        <ele>252.693674</ele>
        <time>2025-04-26T12:49:18.302Z</time>
      </trkpt>
      <trkpt lat="46.046028" lon="10.948454">
        <ele>252.808241</ele>
        <time>2025-04-26T12:49:21.705Z</time>
      </trkpt>
      <trkpt lat="46.045473" lon="10.949291">
        <ele>252.350433</ele>
        <time>2025-04-26T12:49:40.822Z</time>
      </trkpt>
      <trkpt lat="46.045299" lon="10.949471">
        <ele>252.228376</ele>
        <time>2025-04-26T12:49:45.638Z</time>
      </trkpt>
      <trkpt lat="46.045046" lon="10.949647">
        <ele>252.06829</ele>
        <time>2025-04-26T12:49:51.939Z</time>
      </trkpt>
      <trkpt lat="46.044523" lon="10.949891">
        <ele>251.747733</ele>
        <time>2025-04-26T12:50:04.544Z</time>
      </trkpt>
      <trkpt lat="46.044029" lon="10.950007">
        <ele>251.404595</ele>
        <time>2025-04-26T12:50:16.389Z</time>
      </trkpt>
      <trkpt lat="46.043586" lon="10.950061">
        <ele>251.099804</ele>
        <time>2025-04-26T12:50:26.961Z</time>
      </trkpt>
      <trkpt lat="46.041738" lon="10.949939">
        <ele>249.784472</ele>
        <time>2025-04-26T12:51:09.576Z</time>
      </trkpt>
      <trkpt lat="46.041359" lon="10.949746">
        <ele>249.491028</ele>
        <time>2025-04-26T12:51:18.980Z</time>
      </trkpt>
      <trkpt lat="46.040939" lon="10.949413">
        <ele>249.143671</ele>
        <time>2025-04-26T12:51:30.176Z</time>
      </trkpt>
      <trkpt lat="46.03979" lon="10.947943">
        <ele>248.050042</ele>
        <time>2025-04-26T12:52:05.450Z</time>
      </trkpt>
      <trkpt lat="46.03929" lon="10.947382">
        <ele>247.891348</ele>
        <time>2025-04-26T12:52:20.892Z</time>
      </trkpt>
      <trkpt lat="46.038785" lon="10.946871">
        <ele>247.803057</ele>
        <time>2025-04-26T12:52:36.874Z</time>
      </trkpt>
      <trkpt lat="46.038334" lon="10.946541">
        <ele>247.730688</ele>
        <time>2025-04-26T12:52:50.042Z</time>
      </trkpt>
      <trkpt lat="46.038006" lon="10.946365">
        <ele>247.713794</ele>
        <time>2025-04-26T12:52:58.933Z</time>
      </trkpt>
      <trkpt lat="46.037724" lon="10.94624">
        <ele>247.723527</ele>
        <time>2025-04-26T12:53:06.352Z</time>
      </trkpt>
      <trkpt lat="46.037441" lon="10.946163">
        <ele>247.733027</ele>
        <time>2025-04-26T12:53:13.509Z</time>
      </trkpt>
      <trkpt lat="46.037034" lon="10.946102">
        <ele>247.746526</ele>
        <time>2025-04-26T12:53:23.654Z</time>
      </trkpt>
      <trkpt lat="46.036091" lon="10.94606">
        <ele>247.950892</ele>
        <time>2025-04-26T12:53:49.198Z</time>
      </trkpt>
      <trkpt lat="46.035147" lon="10.946131">
        <ele>248.485148</ele>
        <time>2025-04-26T12:54:17.816Z</time>
      </trkpt>
      <trkpt lat="46.034207" lon="10.946468">
        <ele>248.567857</ele>
        <time>2025-04-26T12:54:44.283Z</time>
      </trkpt>
      <trkpt lat="46.033803" lon="10.946815">
        <ele>248.33781</ele>
        <time>2025-04-26T12:54:55.406Z</time>
      </trkpt>
      <trkpt lat="46.033402" lon="10.946997">
        <ele>248.132185</ele>
        <time>2025-04-26T12:55:04.987Z</time>
      </trkpt>
      <trkpt lat="46.033097" lon="10.947226">
        <ele>247.963969</ele>
        <time>2025-04-26T12:55:12.627Z</time>
      </trkpt>
      <trkpt lat="46.033021" lon="10.947235">
        <ele>247.926674</ele>
        <time>2025-04-26T12:55:14.404Z</time>
      </trkpt>
      <trkpt lat="46.03294" lon="10.947188">
        <ele>247.873245</ele>
        <time>2025-04-26T12:55:16.463Z</time>
      </trkpt>
      <trkpt lat="46.032724" lon="10.947236">
        <ele>247.708565</ele>
        <time>2025-04-26T12:55:21.623Z</time>
      </trkpt>
      <trkpt lat="46.032616" lon="10.947212">
        <ele>247.626224</ele>
        <time>2025-04-26T12:55:24.247Z</time>
      </trkpt>
      <trkpt lat="46.031983" lon="10.947522">
        <ele>247.122446</ele>
        <time>2025-04-26T12:55:39.776Z</time>
      </trkpt>
      <trkpt lat="46.031785" lon="10.947672">
        <ele>246.953877</ele>
        <time>2025-04-26T12:55:45.036Z</time>
      </trkpt>
      <trkpt lat="46.030195" lon="10.948894">
        <ele>245.887223</ele>
        <time>2025-04-26T12:56:26.999Z</time>
      </trkpt>
      <trkpt lat="46.027577" lon="10.950792">
        <ele>245.167118</ele>
        <time>2025-04-26T12:57:40.220Z</time>
      </trkpt>
      <trkpt lat="46.026829" lon="10.95103">
        <ele>245.089663</ele>
        <time>2025-04-26T12:57:59.649Z</time>
      </trkpt>
      <trkpt lat="46.026117" lon="10.951139">
        <ele>245.021462</ele>
        <time>2025-04-26T12:58:18.071Z</time>
      </trkpt>
      <trkpt lat="46.025535" lon="10.951117">
        <ele>244.97128</ele>
        <time>2025-04-26T12:58:33.099Z</time>
      </trkpt>
      <trkpt lat="46.024522" lon="10.950688">
        <ele>244.866759</ele>
        <time>2025-04-26T12:58:59.646Z</time>
      </trkpt>
      <trkpt lat="46.021984" lon="10.949151">
        <ele>244.192602</ele>
        <time>2025-04-26T13:00:08.327Z</time>
      </trkpt>
      <trkpt lat="46.021898" lon="10.949146">
        <ele>244.165249</ele>
        <time>2025-04-26T13:00:10.394Z</time>
      </trkpt>
      <trkpt lat="46.021151" lon="10.949067">
        <ele>243.960361</ele>
        <time>2025-04-26T13:00:28.212Z</time>
      </trkpt>
      <trkpt lat="46.021111" lon="10.949004">
        <ele>243.959102</ele>
        <time>2025-04-26T13:00:29.663Z</time>
      </trkpt>
      <trkpt lat="46.021107" lon="10.948843">
        <ele>243.956724</ele>
        <time>2025-04-26T13:00:32.461Z</time>
      </trkpt>
      <trkpt lat="46.021176" lon="10.948599">
        <ele>243.952837</ele>
        <time>2025-04-26T13:00:37.007Z</time>
      </trkpt>
      <trkpt lat="46.021179" lon="10.948484">
        <ele>243.951138</ele>
        <time>2025-04-26T13:00:38.988Z</time>
      </trkpt>
      <trkpt lat="46.021072" lon="10.948322">
        <ele>243.947839</ele>
        <time>2025-04-26T13:00:42.913Z</time>
      </trkpt>
      <trkpt lat="46.020319" lon="10.947554">
        <ele>243.92823</ele>
        <time>2025-04-26T13:01:07.365Z</time>
      </trkpt>
      <trkpt lat="46.01966" lon="10.946581">
        <ele>244.599349</ele>
        <time>2025-04-26T13:01:34.895Z</time>
      </trkpt>
      <trkpt lat="46.019596" lon="10.946511">
        <ele>244.669881</ele>
        <time>2025-04-26T13:01:37.323Z</time>
      </trkpt>
      <trkpt lat="46.019442" lon="10.94653">
        <ele>244.805531</ele>
        <time>2025-04-26T13:01:42.250Z</time>
      </trkpt>
      <trkpt lat="46.019326" lon="10.946465">
        <ele>244.91477</ele>
        <time>2025-04-26T13:01:46.183Z</time>
      </trkpt>
      <trkpt lat="46.018964" lon="10.946356">
        <ele>245.239341</ele>
        <time>2025-04-26T13:01:57.922Z</time>
      </trkpt>
      <trkpt lat="46.018913" lon="10.946314">
        <ele>245.290902</ele>
        <time>2025-04-26T13:01:59.742Z</time>
      </trkpt>
      <trkpt lat="46.018666" lon="10.946303">
        <ele>245.500348</ele>
        <time>2025-04-26T13:02:07.453Z</time>
      </trkpt>
      <trkpt lat="46.018428" lon="10.946372">
        <ele>245.378845</ele>
        <time>2025-04-26T13:02:14.813Z</time>
      </trkpt>
      <trkpt lat="46.018297" lon="10.946326">
        <ele>245.311362</ele>
        <time>2025-04-26T13:02:18.638Z</time>
      </trkpt>
      <trkpt lat="46.018229" lon="10.946328">
        <ele>245.277323</ele>
        <time>2025-04-26T13:02:20.523Z</time>
      </trkpt>
      <trkpt lat="46.017624" lon="10.946777">
        <ele>244.936691</ele>
        <time>2025-04-26T13:02:38.360Z</time>
      </trkpt>
      <trkpt lat="46.01764" lon="10.94683">
        <ele>244.916606</ele>
        <time>2025-04-26T13:02:39.266Z</time>
      </trkpt>
      <trkpt lat="46.017648" lon="10.946922">
        <ele>244.884382</ele>
        <time>2025-04-26T13:02:40.740Z</time>
      </trkpt>
      <trkpt lat="46.017635" lon="10.946986">
        <ele>244.861207</ele>
        <time>2025-04-26T13:02:41.748Z</time>
      </trkpt>
      <trkpt lat="46.017396" lon="10.947332">
        <ele>244.691596</ele>
        <time>2025-04-26T13:02:48.948Z</time>
      </trkpt>
      <trkpt lat="46.017232" lon="10.947845">
        <ele>244.317244</ele>
        <time>2025-04-26T13:02:56.774Z</time>
      </trkpt>
      <trkpt lat="46.017188" lon="10.947871">
        <ele>244.254032</ele>
        <time>2025-04-26T13:02:57.690Z</time>
      </trkpt>
      <trkpt lat="46.016955" lon="10.947856">
        <ele>243.944048</ele>
        <time>2025-04-26T13:03:02.223Z</time>
      </trkpt>
      <trkpt lat="46.016627" lon="10.947745">
        <ele>243.496233</ele>
        <time>2025-04-26T13:03:08.849Z</time>
      </trkpt>
      <trkpt lat="46.016533" lon="10.947753">
        <ele>243.371081</ele>
        <time>2025-04-26T13:03:10.782Z</time>
      </trkpt>
      <trkpt lat="46.016437" lon="10.947724">
        <ele>243.240712</ele>
        <time>2025-04-26T13:03:12.884Z</time>
      </trkpt>
      <trkpt lat="46.015861" lon="10.947684">
        <ele>242.474273</ele>
        <time>2025-04-26T13:03:25.453Z</time>
      </trkpt>
      <trkpt lat="46.015178" lon="10.947593">
        <ele>243.330279</ele>
        <time>2025-04-26T13:03:46.560Z</time>
      </trkpt>
      <trkpt lat="46.014627" lon="10.947409">
        <ele>244.623834</ele>
        <time>2025-04-26T13:04:09.603Z</time>
      </trkpt>
      <trkpt lat="46.014029" lon="10.947512">
        <ele>246.001182</ele>
        <time>2025-04-26T13:04:34.870Z</time>
      </trkpt>
      <trkpt lat="46.013951" lon="10.947297">
        <ele>246.320913</ele>
        <time>2025-04-26T13:04:41.625Z</time>
      </trkpt>
      <trkpt lat="46.013775" lon="10.946629">
        <ele>246.230453</ele>
        <time>2025-04-26T13:04:59.556Z</time>
      </trkpt>
      <trkpt lat="46.013695" lon="10.946391">
        <ele>246.196975</ele>
        <time>2025-04-26T13:05:05.004Z</time>
      </trkpt>
      <trkpt lat="46.013587" lon="10.946161">
        <ele>246.161822</ele>
        <time>2025-04-26T13:05:09.949Z</time>
      </trkpt>
      <trkpt lat="46.013337" lon="10.945763">
        <ele>246.093875</ele>
        <time>2025-04-26T13:05:18.110Z</time>
      </trkpt>
      <trkpt lat="46.01289" lon="10.945143">
        <ele>245.811458</ele>
        <time>2025-04-26T13:05:30.304Z</time>
      </trkpt>
      <trkpt lat="46.012378" lon="10.94452">
        <ele>244.480523</ele>
        <time>2025-04-26T13:05:43.026Z</time>
      </trkpt>
      <trkpt lat="46.01234" lon="10.944488">
        <ele>244.393119</ele>
        <time>2025-04-26T13:05:43.873Z</time>
      </trkpt>
      <trkpt lat="46.012127" lon="10.944362">
        <ele>243.935913</ele>
        <time>2025-04-26T13:05:48.431Z</time>
      </trkpt>
      <trkpt lat="46.011501" lon="10.944107">
        <ele>242.644223</ele>
        <time>2025-04-26T13:06:02.505Z</time>
      </trkpt>
      <trkpt lat="46.011314" lon="10.943939">
        <ele>242.416261</ele>
        <time>2025-04-26T13:06:07.613Z</time>
      </trkpt>
      <trkpt lat="46.01091" lon="10.943391">
        <ele>242.364129</ele>
        <time>2025-04-26T13:06:21.923Z</time>
      </trkpt>
      <trkpt lat="46.010695" lon="10.943198">
        <ele>242.340333</ele>
        <time>2025-04-26T13:06:28.872Z</time>
      </trkpt>
      <trkpt lat="46.010174" lon="10.942464">
        <ele>242.27187</ele>
        <time>2025-04-26T13:06:48.495Z</time>
      </trkpt>
      <trkpt lat="46.009824" lon="10.942026">
        <ele>242.639916</ele>
        <time>2025-04-26T13:06:59.682Z</time>
      </trkpt>
      <trkpt lat="46.009485" lon="10.941929">
        <ele>243.061607</ele>
        <time>2025-04-26T13:07:08.251Z</time>
      </trkpt>
      <trkpt lat="46.00904" lon="10.941944">
        <ele>243.604685</ele>
        <time>2025-04-26T13:07:21.769Z</time>
      </trkpt>
      <trkpt lat="46.008999" lon="10.941937">
        <ele>243.655058</ele>
        <time>2025-04-26T13:07:23.349Z</time>
      </trkpt>
      <trkpt lat="46.008462" lon="10.941715">
        <ele>244.336706</ele>
        <time>2025-04-26T13:07:45.736Z</time>
      </trkpt>
      <trkpt lat="46.008187" lon="10.941699">
        <ele>244.45355</ele>
        <time>2025-04-26T13:07:56.277Z</time>
      </trkpt>
      <trkpt lat="46.008086" lon="10.941695">
        <ele>244.454305</ele>
        <time>2025-04-26T13:08:00.078Z</time>
      </trkpt>
      <trkpt lat="46.007853" lon="10.941689">
        <ele>244.456048</ele>
        <time>2025-04-26T13:08:08.389Z</time>
      </trkpt>
      <trkpt lat="46.007834" lon="10.941672">
        <ele>244.456216</ele>
        <time>2025-04-26T13:08:09.224Z</time>
      </trkpt>
      <trkpt lat="46.007813" lon="10.941653">
        <ele>244.456401</ele>
        <time>2025-04-26T13:08:10.157Z</time>
      </trkpt>
      <trkpt lat="46.007629" lon="10.941049">
        <ele>244.459827</ele>
        <time>2025-04-26T13:08:24.120Z</time>
      </trkpt>
      <trkpt lat="46.007589" lon="10.940618">
        <ele>244.462086</ele>
        <time>2025-04-26T13:08:31.273Z</time>
      </trkpt>
      <trkpt lat="46.007476" lon="10.940243">
        <ele>244.464209</ele>
        <time>2025-04-26T13:08:36.870Z</time>
      </trkpt>
      <trkpt lat="46.007432" lon="10.940013">
        <ele>244.465449</ele>
        <time>2025-04-26T13:08:39.852Z</time>
      </trkpt>
      <trkpt lat="46.007426" lon="10.939485">
        <ele>244.041168</ele>
        <time>2025-04-26T13:08:46.472Z</time>
      </trkpt>
      <trkpt lat="46.007462" lon="10.938882">
        <ele>243.515841</ele>
        <time>2025-04-26T13:08:54.422Z</time>
      </trkpt>
      <trkpt lat="46.007448" lon="10.938698">
        <ele>243.355176</ele>
        <time>2025-04-26T13:08:57.008Z</time>
      </trkpt>
      <trkpt lat="46.007426" lon="10.93842">
        <ele>243.112315</ele>
        <time>2025-04-26T13:09:01.075Z</time>
      </trkpt>
      <trkpt lat="46.007304" lon="10.938066">
        <ele>242.769301</ele>
        <time>2025-04-26T13:09:07.498Z</time>
      </trkpt>
      <trkpt lat="46.007094" lon="10.937777">
        <ele>242.406263</ele>
        <time>2025-04-26T13:09:16.004Z</time>
      </trkpt>
      <trkpt lat="46.00701" lon="10.93757">
        <ele>242.279038</ele>
        <time>2025-04-26T13:09:21.536Z</time>
      </trkpt>
      <trkpt lat="46.006609" lon="10.936997">
        <ele>244.464822</ele>
        <time>2025-04-26T13:09:44.869Z</time>
      </trkpt>
      <trkpt lat="46.006512" lon="10.936602">
        <ele>245.590647</ele>
        <time>2025-04-26T13:09:58.499Z</time>
      </trkpt>
      <trkpt lat="46.006413" lon="10.936379">
        <ele>246.301836</ele>
        <time>2025-04-26T13:10:06.991Z</time>
      </trkpt>
      <trkpt lat="46.006265" lon="10.936174">
        <ele>247.09639</ele>
        <time>2025-04-26T13:10:16.572Z</time>
      </trkpt>
      <trkpt lat="46.006152" lon="10.936091">
        <ele>247.587174</ele>
        <time>2025-04-26T13:10:22.505Z</time>
      </trkpt>
      <trkpt lat="46.005895" lon="10.935975">
        <ele>248.629176</ele>
        <time>2025-04-26T13:10:35.268Z</time>
      </trkpt>
      <trkpt lat="46.005843" lon="10.935917">
        <ele>248.883665</ele>
        <time>2025-04-26T13:10:38.377Z</time>
      </trkpt>
      <trkpt lat="46.005783" lon="10.93583">
        <ele>249.225087</ele>
        <time>2025-04-26T13:10:42.501Z</time>
      </trkpt>
      <trkpt lat="46.005644" lon="10.935463">
        <ele>250.715731</ele>
        <time>2025-04-26T13:10:56.838Z</time>
      </trkpt>
      <trkpt lat="46.005576" lon="10.935368">
        <ele>251.202193</ele>
        <time>2025-04-26T13:11:01.713Z</time>
      </trkpt>
      <trkpt lat="46.005209" lon="10.935175">
        <ele>253.208135</ele>
        <time>2025-04-26T13:11:21.712Z</time>
      </trkpt>
      <trkpt lat="46.004931" lon="10.935099">
        <ele>254.66089</ele>
        <time>2025-04-26T13:11:35.163Z</time>
      </trkpt>
      <trkpt lat="46.004674" lon="10.935117">
        <ele>255.981888</ele>
        <time>2025-04-26T13:11:47.562Z</time>
      </trkpt>
      <trkpt lat="46.0045" lon="10.935212">
        <ele>256.937284</ele>
        <time>2025-04-26T13:11:56.975Z</time>
      </trkpt>
      <trkpt lat="46.004314" lon="10.93523">
        <ele>257.894363</ele>
        <time>2025-04-26T13:12:06.581Z</time>
      </trkpt>
      <trkpt lat="46.00414" lon="10.934997">
        <ele>258.867624</ele>
        <time>2025-04-26T13:12:19.065Z</time>
      </trkpt>
      <trkpt lat="46.003969" lon="10.934669">
        <ele>259.817249</ele>
        <time>2025-04-26T13:12:34.052Z</time>
      </trkpt>
      <trkpt lat="46.003913" lon="10.934638">
        <ele>260.017256</ele>
        <time>2025-04-26T13:12:37.216Z</time>
      </trkpt>
      <trkpt lat="46.003794" lon="10.934686">
        <ele>260.42923</ele>
        <time>2025-04-26T13:12:43.450Z</time>
      </trkpt>
      <trkpt lat="46.003616" lon="10.934814">
        <ele>261.092516</ele>
        <time>2025-04-26T13:12:53.002Z</time>
      </trkpt>
      <trkpt lat="46.003422" lon="10.934795">
        <ele>261.740729</ele>
        <time>2025-04-26T13:13:01.737Z</time>
      </trkpt>
      <trkpt lat="46.00317" lon="10.934868">
        <ele>262.597634</ele>
        <time>2025-04-26T13:13:12.495Z</time>
      </trkpt>
      <trkpt lat="46.003088" lon="10.934857">
        <ele>262.872173</ele>
        <time>2025-04-26T13:13:15.685Z</time>
      </trkpt>
      <trkpt lat="46.002968" lon="10.934725">
        <ele>263.375613</ele>
        <time>2025-04-26T13:13:21.113Z</time>
      </trkpt>
      <trkpt lat="46.002814" lon="10.934612">
        <ele>263.951824</ele>
        <time>2025-04-26T13:13:26.544Z</time>
      </trkpt>
      <trkpt lat="46.00269" lon="10.934581">
        <ele>264.371377</ele>
        <time>2025-04-26T13:13:29.928Z</time>
      </trkpt>
      <trkpt lat="46.002312" lon="10.934716">
        <ele>262.897639</ele>
        <time>2025-04-26T13:13:38.408Z</time>
      </trkpt>
      <trkpt lat="46.002177" lon="10.934724">
        <ele>262.359451</ele>
        <time>2025-04-26T13:13:41.014Z</time>
      </trkpt>
      <trkpt lat="46.002015" lon="10.934817">
        <ele>261.664759</ele>
        <time>2025-04-26T13:13:44.268Z</time>
      </trkpt>
      <trkpt lat="46.001968" lon="10.934793">
        <ele>261.46612</ele>
        <time>2025-04-26T13:13:45.169Z</time>
      </trkpt>
      <trkpt lat="46.001892" lon="10.934532">
        <ele>260.683084</ele>
        <time>2025-04-26T13:13:48.710Z</time>
      </trkpt>
      <trkpt lat="46.001775" lon="10.934267">
        <ele>259.814291</ele>
        <time>2025-04-26T13:13:52.570Z</time>
      </trkpt>
      <trkpt lat="46.001672" lon="10.933829">
        <ele>258.534836</ele>
        <time>2025-04-26T13:13:58.085Z</time>
      </trkpt>
      <trkpt lat="46.001635" lon="10.933571">
        <ele>257.805926</ele>
        <time>2025-04-26T13:14:01.147Z</time>
      </trkpt>
      <trkpt lat="46.001684" lon="10.93335">
        <ele>257.102872</ele>
        <time>2025-04-26T13:14:03.813Z</time>
      </trkpt>
      <trkpt lat="46.001761" lon="10.933149">
        <ele>255.971529</ele>
        <time>2025-04-26T13:14:06.425Z</time>
      </trkpt>
      <trkpt lat="46.001871" lon="10.93296">
        <ele>254.756242</ele>
        <time>2025-04-26T13:14:09.216Z</time>
      </trkpt>
      <trkpt lat="46.001936" lon="10.932769">
        <ele>253.70795</ele>
        <time>2025-04-26T13:14:11.623Z</time>
      </trkpt>
      <trkpt lat="46.001971" lon="10.932564">
        <ele>252.66749</ele>
        <time>2025-04-26T13:14:13.999Z</time>
      </trkpt>
      <trkpt lat="46.001951" lon="10.932056">
        <ele>250.159682</ele>
        <time>2025-04-26T13:14:19.731Z</time>
      </trkpt>
      <trkpt lat="46.002003" lon="10.931762">
        <ele>248.664404</ele>
        <time>2025-04-26T13:14:23.164Z</time>
      </trkpt>
      <trkpt lat="46.002217" lon="10.931513">
        <ele>246.712036</ele>
        <time>2025-04-26T13:14:27.677Z</time>
      </trkpt>
      <trkpt lat="46.002247" lon="10.931405">
        <ele>246.138754</ele>
        <time>2025-04-26T13:14:29.016Z</time>
      </trkpt>
      <trkpt lat="46.002215" lon="10.930845">
        <ele>243.980876</ele>
        <time>2025-04-26T13:14:35.669Z</time>
      </trkpt>
      <trkpt lat="46.002315" lon="10.930368">
        <ele>242.877001</ele>
        <time>2025-04-26T13:14:42.155Z</time>
      </trkpt>
      <trkpt lat="46.002329" lon="10.930205">
        <ele>242.513124</ele>
        <time>2025-04-26T13:14:44.470Z</time>
      </trkpt>
      <trkpt lat="46.002283" lon="10.930059">
        <ele>242.157943</ele>
        <time>2025-04-26T13:14:46.799Z</time>
      </trkpt>
      <trkpt lat="46.002237" lon="10.93">
        <ele>241.961444</ele>
        <time>2025-04-26T13:14:48.103Z</time>
      </trkpt>
      <trkpt lat="46.002112" lon="10.92993">
        <ele>241.533659</ele>
        <time>2025-04-26T13:14:50.954Z</time>
      </trkpt>
      <trkpt lat="46.00201" lon="10.929921">
        <ele>241.207722</ele>
        <time>2025-04-26T13:14:53.147Z</time>
      </trkpt>
      <trkpt lat="46.001832" lon="10.930039">
        <ele>240.582695</ele>
        <time>2025-04-26T13:14:57.311Z</time>
      </trkpt>
      <trkpt lat="46.00168" lon="10.930066">
        <ele>240.094219</ele>
        <time>2025-04-26T13:15:00.542Z</time>
      </trkpt>
      <trkpt lat="46.001537" lon="10.930028">
        <ele>239.63042</ele>
        <time>2025-04-26T13:15:03.545Z</time>
      </trkpt>
      <trkpt lat="46.001329" lon="10.929892">
        <ele>238.90179</ele>
        <time>2025-04-26T13:15:08.103Z</time>
      </trkpt>
      <trkpt lat="46.00112" lon="10.929517">
        <ele>237.373771</ele>
        <time>2025-04-26T13:15:14.336Z</time>
      </trkpt>
      <trkpt lat="46.000501" lon="10.927978">
        <ele>231.422923</ele>
        <time>2025-04-26T13:15:35.396Z</time>
      </trkpt>
      <trkpt lat="46.000341" lon="10.927828">
        <ele>230.503141</ele>
        <time>2025-04-26T13:15:38.753Z</time>
      </trkpt>
      <trkpt lat="46.000232" lon="10.927725">
        <ele>229.954808</ele>
        <time>2025-04-26T13:15:41.093Z</time>
      </trkpt>
      <trkpt lat="46.000112" lon="10.927664">
        <ele>229.581383</ele>
        <time>2025-04-26T13:15:43.423Z</time>
      </trkpt>
      <trkpt lat="45.999961" lon="10.92767">
        <ele>229.138135</ele>
        <time>2025-04-26T13:15:46.239Z</time>
      </trkpt>
      <trkpt lat="45.999689" lon="10.927788">
        <ele>228.30455</ele>
        <time>2025-04-26T13:15:51.729Z</time>
      </trkpt>
      <trkpt lat="45.999435" lon="10.927846">
        <ele>227.549919</ele>
        <time>2025-04-26T13:15:56.911Z</time>
      </trkpt>
      <trkpt lat="45.999015" lon="10.927869">
        <ele>226.316621</ele>
        <time>2025-04-26T13:16:05.600Z</time>
      </trkpt>
      <trkpt lat="45.998746" lon="10.927946">
        <ele>225.51184</ele>
        <time>2025-04-26T13:16:11.159Z</time>
      </trkpt>
      <trkpt lat="45.998383" lon="10.927986">
        <ele>224.423771</ele>
        <time>2025-04-26T13:16:18.205Z</time>
      </trkpt>
      <trkpt lat="45.997511" lon="10.927954">
        <ele>221.722562</ele>
        <time>2025-04-26T13:16:34.304Z</time>
      </trkpt>
      <trkpt lat="45.997128" lon="10.92794">
        <ele>220.53614</ele>
        <time>2025-04-26T13:16:41.411Z</time>
      </trkpt>
      <trkpt lat="45.996972" lon="10.927895">
        <ele>220.043448</ele>
        <time>2025-04-26T13:16:44.449Z</time>
      </trkpt>
      <trkpt lat="45.996811" lon="10.9279">
        <ele>219.544762</ele>
        <time>2025-04-26T13:16:47.585Z</time>
      </trkpt>
      <trkpt lat="45.996712" lon="10.927933">
        <ele>219.231328</ele>
        <time>2025-04-26T13:16:49.600Z</time>
      </trkpt>
      <trkpt lat="45.99655" lon="10.928131">
        <ele>219.167125</ele>
        <time>2025-04-26T13:16:53.919Z</time>
      </trkpt>
      <trkpt lat="45.996379" lon="10.928252">
        <ele>219.109561</ele>
        <time>2025-04-26T13:16:57.931Z</time>
      </trkpt>
      <trkpt lat="45.996277" lon="10.928284">
        <ele>219.078024</ele>
        <time>2025-04-26T13:17:00.166Z</time>
      </trkpt>
      <trkpt lat="45.996083" lon="10.928258">
        <ele>219.019162</ele>
        <time>2025-04-26T13:17:04.486Z</time>
      </trkpt>
      <trkpt lat="45.995385" lon="10.928288">
        <ele>218.8082</ele>
        <time>2025-04-26T13:17:22.283Z</time>
      </trkpt>
      <trkpt lat="45.995028" lon="10.928443">
        <ele>218.695549</ele>
        <time>2025-04-26T13:17:35.104Z</time>
      </trkpt>
      <trkpt lat="45.994858" lon="10.928483">
        <ele>218.877126</ele>
        <time>2025-04-26T13:17:41.141Z</time>
      </trkpt>
      <trkpt lat="45.994686" lon="10.928448">
        <ele>219.099675</ele>
        <time>2025-04-26T13:17:47.305Z</time>
      </trkpt>
      <trkpt lat="45.994594" lon="10.928487">
        <ele>219.222545</ele>
        <time>2025-04-26T13:17:50.739Z</time>
      </trkpt>
      <trkpt lat="45.994383" lon="10.928712">
        <ele>219.558965</ele>
        <time>2025-04-26T13:18:00.185Z</time>
      </trkpt>
      <trkpt lat="45.99421" lon="10.928838">
        <ele>219.807361</ele>
        <time>2025-04-26T13:18:07.284Z</time>
      </trkpt>
      <trkpt lat="45.993721" lon="10.928958">
        <ele>220.442882</ele>
        <time>2025-04-26T13:18:24.856Z</time>
      </trkpt>
      <trkpt lat="45.993389" lon="10.929087">
        <ele>220.883447</ele>
        <time>2025-04-26T13:18:35.417Z</time>
      </trkpt>
      <trkpt lat="45.993236" lon="10.929096">
        <ele>220.701324</ele>
        <time>2025-04-26T13:18:39.283Z</time>
      </trkpt>
      <trkpt lat="45.992931" lon="10.928952">
        <ele>219.328747</ele>
        <time>2025-04-26T13:18:45.798Z</time>
      </trkpt>
      <trkpt lat="45.99257" lon="10.928881">
        <ele>217.770734</ele>
        <time>2025-04-26T13:18:52.559Z</time>
      </trkpt>
      <trkpt lat="45.992208" lon="10.928859">
        <ele>216.221409</ele>
        <time>2025-04-26T13:18:58.956Z</time>
      </trkpt>
      <trkpt lat="45.991671" lon="10.928683">
        <ele>213.866369</ele>
        <time>2025-04-26T13:19:08.327Z</time>
      </trkpt>
      <trkpt lat="45.991626" lon="10.928677">
        <ele>213.673121</ele>
        <time>2025-04-26T13:19:09.066Z</time>
      </trkpt>
      <trkpt lat="45.991374" lon="10.928462">
        <ele>211.702707</ele>
        <time>2025-04-26T13:19:13.857Z</time>
      </trkpt>
      <trkpt lat="45.991311" lon="10.928475">
        <ele>211.208785</ele>
        <time>2025-04-26T13:19:14.899Z</time>
      </trkpt>
      <trkpt lat="45.991076" lon="10.928572">
        <ele>209.311513</ele>
        <time>2025-04-26T13:19:18.859Z</time>
      </trkpt>
      <trkpt lat="45.99093" lon="10.928572">
        <ele>208.178453</ele>
        <time>2025-04-26T13:19:21.207Z</time>
      </trkpt>
      <trkpt lat="45.990775" lon="10.92852">
        <ele>206.943304</ele>
        <time>2025-04-26T13:19:23.789Z</time>
      </trkpt>
      <trkpt lat="45.990683" lon="10.928473">
        <ele>206.18568</ele>
        <time>2025-04-26T13:19:25.358Z</time>
      </trkpt>
      <trkpt lat="45.990419" lon="10.928161">
        <ele>203.53469</ele>
        <time>2025-04-26T13:19:30.906Z</time>
      </trkpt>
      <trkpt lat="45.990262" lon="10.92812">
        <ele>202.29637</ele>
        <time>2025-04-26T13:19:33.528Z</time>
      </trkpt>
      <trkpt lat="45.989733" lon="10.928242">
        <ele>198.510248</ele>
        <time>2025-04-26T13:19:42.292Z</time>
      </trkpt>
      <trkpt lat="45.989539" lon="10.928226">
        <ele>197.467723</ele>
        <time>2025-04-26T13:19:45.516Z</time>
      </trkpt>
      <trkpt lat="45.989226" lon="10.928138">
        <ele>195.756727</ele>
        <time>2025-04-26T13:19:50.922Z</time>
      </trkpt>
      <trkpt lat="45.989013" lon="10.928241">
        <ele>194.5512</ele>
        <time>2025-04-26T13:19:54.833Z</time>
      </trkpt>
      <trkpt lat="45.988843" lon="10.928207">
        <ele>193.630379</ele>
        <time>2025-04-26T13:19:57.855Z</time>
      </trkpt>
      <trkpt lat="45.988467" lon="10.928251">
        <ele>191.606468</ele>
        <time>2025-04-26T13:20:04.618Z</time>
      </trkpt>
      <trkpt lat="45.988173" lon="10.928211">
        <ele>190.022115</ele>
        <time>2025-04-26T13:20:10.018Z</time>
      </trkpt>
      <trkpt lat="45.987888" lon="10.928291">
        <ele>189.015186</ele>
        <time>2025-04-26T13:20:15.382Z</time>
      </trkpt>
      <trkpt lat="45.987429" lon="10.928382">
        <ele>187.644139</ele>
        <time>2025-04-26T13:20:24.114Z</time>
      </trkpt>
      <trkpt lat="45.987292" lon="10.92837">
        <ele>187.237993</ele>
        <time>2025-04-26T13:20:26.770Z</time>
      </trkpt>
      <trkpt lat="45.9872" lon="10.928314">
        <ele>186.942411</ele>
        <time>2025-04-26T13:20:28.695Z</time>
      </trkpt>
      <trkpt lat="45.987076" lon="10.928349">
        <ele>186.568494</ele>
        <time>2025-04-26T13:20:31.169Z</time>
      </trkpt>
      <trkpt lat="45.987037" lon="10.928354">
        <ele>186.452632</ele>
        <time>2025-04-26T13:20:31.920Z</time>
      </trkpt>
      <trkpt lat="45.986447" lon="10.928393">
        <ele>184.70493</ele>
        <time>2025-04-26T13:20:43.586Z</time>
      </trkpt>
      <trkpt lat="45.98602" lon="10.928373">
        <ele>183.712633</ele>
        <time>2025-04-26T13:20:52.081Z</time>
      </trkpt>
      <trkpt lat="45.985746" lon="10.928486">
        <ele>183.115883</ele>
        <time>2025-04-26T13:20:57.757Z</time>
      </trkpt>
      <trkpt lat="45.985623" lon="10.928473">
        <ele>182.85767</ele>
        <time>2025-04-26T13:21:00.219Z</time>
      </trkpt>
      <trkpt lat="45.985518" lon="10.928408">
        <ele>182.618362</ele>
        <time>2025-04-26T13:21:02.509Z</time>
      </trkpt>
      <trkpt lat="45.985349" lon="10.928295">
        <ele>182.228212</ele>
        <time>2025-04-26T13:21:06.276Z</time>
      </trkpt>
      <trkpt lat="45.985009" lon="10.928269">
        <ele>181.515366</ele>
        <time>2025-04-26T13:21:13.187Z</time>
      </trkpt>
      <trkpt lat="45.984662" lon="10.928211">
        <ele>180.783985</ele>
        <time>2025-04-26T13:21:20.410Z</time>
      </trkpt>
      <trkpt lat="45.984496" lon="10.928132">
        <ele>180.584982</ele>
        <time>2025-04-26T13:21:24.025Z</time>
      </trkpt>
      <trkpt lat="45.984002" lon="10.927794">
        <ele>180.464187</ele>
        <time>2025-04-26T13:21:35.911Z</time>
      </trkpt>
      <trkpt lat="45.983803" lon="10.927813">
        <ele>180.420144</ele>
        <time>2025-04-26T13:21:40.670Z</time>
      </trkpt>
      <trkpt lat="45.983627" lon="10.927896">
        <ele>180.379243</ele>
        <time>2025-04-26T13:21:45.328Z</time>
      </trkpt>
      <trkpt lat="45.983566" lon="10.927893">
        <ele>180.365764</ele>
        <time>2025-04-26T13:21:46.951Z</time>
      </trkpt>
      <trkpt lat="45.983516" lon="10.927858">
        <ele>180.353485</ele>
        <time>2025-04-26T13:21:48.453Z</time>
      </trkpt>
      <trkpt lat="45.983474" lon="10.927822">
        <ele>180.342689</ele>
        <time>2025-04-26T13:21:49.779Z</time>
      </trkpt>
      <trkpt lat="45.983362" lon="10.927757">
        <ele>180.31602</ele>
        <time>2025-04-26T13:21:53.250Z</time>
      </trkpt>
      <trkpt lat="45.983264" lon="10.927763">
        <ele>180.294358</ele>
        <time>2025-04-26T13:21:56.311Z</time>
      </trkpt>
      <trkpt lat="45.98275" lon="10.928037">
        <ele>179.990396</ele>
        <time>2025-04-26T13:22:14.283Z</time>
      </trkpt>
      <trkpt lat="45.982572" lon="10.92803">
        <ele>179.740521</ele>
        <time>2025-04-26T13:22:19.720Z</time>
      </trkpt>
      <trkpt lat="45.982414" lon="10.928001">
        <ele>179.517009</ele>
        <time>2025-04-26T13:22:24.213Z</time>
      </trkpt>
      <trkpt lat="45.982311" lon="10.927948">
        <ele>179.363511</ele>
        <time>2025-04-26T13:22:27.136Z</time>
      </trkpt>
      <trkpt lat="45.982105" lon="10.927751">
        <ele>179.016433</ele>
        <time>2025-04-26T13:22:33.291Z</time>
      </trkpt>
      <trkpt lat="45.9821" lon="10.927746">
        <ele>179.007889</ele>
        <time>2025-04-26T13:22:33.435Z</time>
      </trkpt>
      <trkpt lat="45.982008" lon="10.927625">
        <ele>178.832994</ele>
        <time>2025-04-26T13:22:36.223Z</time>
      </trkpt>
      <trkpt lat="45.981769" lon="10.927178">
        <ele>178.283025</ele>
        <time>2025-04-26T13:22:44.268Z</time>
      </trkpt>
      <trkpt lat="45.98144" lon="10.926806">
        <ele>177.695892</ele>
        <time>2025-04-26T13:22:51.962Z</time>
      </trkpt>
      <trkpt lat="45.981317" lon="10.926592">
        <ele>176.653148</ele>
        <time>2025-04-26T13:22:55.296Z</time>
      </trkpt>
      <trkpt lat="45.981201" lon="10.926319">
        <ele>175.409016</ele>
        <time>2025-04-26T13:22:59.088Z</time>
      </trkpt>
      <trkpt lat="45.981161" lon="10.926056">
        <ele>174.362264</ele>
        <time>2025-04-26T13:23:02.272Z</time>
      </trkpt>
      <trkpt lat="45.981026" lon="10.925871">
        <ele>173.319238</ele>
        <time>2025-04-26T13:23:05.415Z</time>
      </trkpt>
      <trkpt lat="45.980729" lon="10.92563">
        <ele>171.411518</ele>
        <time>2025-04-26T13:23:11.172Z</time>
      </trkpt>
      <trkpt lat="45.980612" lon="10.925498">
        <ele>170.579693</ele>
        <time>2025-04-26T13:23:13.689Z</time>
      </trkpt>
      <trkpt lat="45.980411" lon="10.925207">
        <ele>168.984424</ele>
        <time>2025-04-26T13:23:18.543Z</time>
      </trkpt>
      <trkpt lat="45.980318" lon="10.925135">
        <ele>168.393556</ele>
        <time>2025-04-26T13:23:20.347Z</time>
      </trkpt>
      <trkpt lat="45.979938" lon="10.924969">
        <ele>166.601476</ele>
        <time>2025-04-26T13:23:27.227Z</time>
      </trkpt>
      <trkpt lat="45.979828" lon="10.924774">
        <ele>165.914781</ele>
        <time>2025-04-26T13:23:30.304Z</time>
      </trkpt>
      <trkpt lat="45.979673" lon="10.924653">
        <ele>165.22099</ele>
        <time>2025-04-26T13:23:33.469Z</time>
      </trkpt>
      <trkpt lat="45.979438" lon="10.924587">
        <ele>164.278953</ele>
        <time>2025-04-26T13:23:37.782Z</time>
      </trkpt>
      <trkpt lat="45.979084" lon="10.924619">
        <ele>162.883418</ele>
        <time>2025-04-26T13:23:44.322Z</time>
      </trkpt>
      <trkpt lat="45.978887" lon="10.924559">
        <ele>162.091164</ele>
        <time>2025-04-26T13:23:48.149Z</time>
      </trkpt>
      <trkpt lat="45.978583" lon="10.924782">
        <ele>160.748656</ele>
        <time>2025-04-26T13:23:54.786Z</time>
      </trkpt>
      <trkpt lat="45.978418" lon="10.924943">
        <ele>160.156284</ele>
        <time>2025-04-26T13:23:58.738Z</time>
      </trkpt>
      <trkpt lat="45.978273" lon="10.925132">
        <ele>159.64179</ele>
        <time>2025-04-26T13:24:02.649Z</time>
      </trkpt>
      <trkpt lat="45.978116" lon="10.925457">
        <ele>158.918441</ele>
        <time>2025-04-26T13:24:08.162Z</time>
      </trkpt>
      <trkpt lat="45.977682" lon="10.925721">
        <ele>157.679331</ele>
        <time>2025-04-26T13:24:17.553Z</time>
      </trkpt>
      <trkpt lat="45.977526" lon="10.925881">
        <ele>157.175543</ele>
        <time>2025-04-26T13:24:21.308Z</time>
      </trkpt>
      <trkpt lat="45.977257" lon="10.926264">
        <ele>156.180376</ele>
        <time>2025-04-26T13:24:28.573Z</time>
      </trkpt>
      <trkpt lat="45.976784" lon="10.926627">
        <ele>154.752078</ele>
        <time>2025-04-26T13:24:38.778Z</time>
      </trkpt>
      <trkpt lat="45.976195" lon="10.926814">
        <ele>153.137644</ele>
        <time>2025-04-26T13:24:50.312Z</time>
      </trkpt>
      <trkpt lat="45.975068" lon="10.927466">
        <ele>150.652104</ele>
        <time>2025-04-26T13:25:14.450Z</time>
      </trkpt>
      <trkpt lat="45.974823" lon="10.927469">
        <ele>150.447636</ele>
        <time>2025-04-26T13:25:19.992Z</time>
      </trkpt>
      <trkpt lat="45.974711" lon="10.92747">
        <ele>150.354167</ele>
        <time>2025-04-26T13:25:22.694Z</time>
      </trkpt>
      <trkpt lat="45.974471" lon="10.92758">
        <ele>150.143964</ele>
        <time>2025-04-26T13:25:29.134Z</time>
      </trkpt>
      <trkpt lat="45.974129" lon="10.927636">
        <ele>149.856713</ele>
        <time>2025-04-26T13:25:37.961Z</time>
      </trkpt>
      <trkpt lat="45.973914" lon="10.927656">
        <ele>149.676914</ele>
        <time>2025-04-26T13:25:43.368Z</time>
      </trkpt>
      <trkpt lat="45.973729" lon="10.927575">
        <ele>149.515536</ele>
        <time>2025-04-26T13:25:48.231Z</time>
      </trkpt>
      <trkpt lat="45.973608" lon="10.927567">
        <ele>149.424306</ele>
        <time>2025-04-26T13:25:51.351Z</time>
      </trkpt>
      <trkpt lat="45.973293" lon="10.927623">
        <ele>149.190689</ele>
        <time>2025-04-26T13:25:59.017Z</time>
      </trkpt>
      <trkpt lat="45.972884" lon="10.927598">
        <ele>148.889375</ele>
        <time>2025-04-26T13:26:08.569Z</time>
      </trkpt>
      <trkpt lat="45.972622" lon="10.927543">
        <ele>148.694489</ele>
        <time>2025-04-26T13:26:15.802Z</time>
      </trkpt>
      <trkpt lat="45.971917" lon="10.92752">
        <ele>148.175444</ele>
        <time>2025-04-26T13:26:30.702Z</time>
      </trkpt>
      <trkpt lat="45.971814" lon="10.927637">
        <ele>147.97223</ele>
        <time>2025-04-26T13:26:33.626Z</time>
      </trkpt>
      <trkpt lat="45.971775" lon="10.92767">
        <ele>147.901639</ele>
        <time>2025-04-26T13:26:34.593Z</time>
      </trkpt>
      <trkpt lat="45.971723" lon="10.927689">
        <ele>147.817933</ele>
        <time>2025-04-26T13:26:35.777Z</time>
      </trkpt>
      <trkpt lat="45.971658" lon="10.927636">
        <ele>147.701367</ele>
        <time>2025-04-26T13:26:37.336Z</time>
      </trkpt>
      <trkpt lat="45.971475" lon="10.927349">
        <ele>147.279022</ele>
        <time>2025-04-26T13:26:43.494Z</time>
      </trkpt>
      <trkpt lat="45.971312" lon="10.927199">
        <ele>146.97714</ele>
        <time>2025-04-26T13:26:48.022Z</time>
      </trkpt>
      <trkpt lat="45.971132" lon="10.927127">
        <ele>146.685652</ele>
        <time>2025-04-26T13:26:52.430Z</time>
      </trkpt>
      <trkpt lat="45.970648" lon="10.927008">
        <ele>145.919564</ele>
        <time>2025-04-26T13:27:02.794Z</time>
      </trkpt>
      <trkpt lat="45.970441" lon="10.927054">
        <ele>145.592771</ele>
        <time>2025-04-26T13:27:06.851Z</time>
      </trkpt>
      <trkpt lat="45.970339" lon="10.927014">
        <ele>145.427824</ele>
        <time>2025-04-26T13:27:08.927Z</time>
      </trkpt>
      <trkpt lat="45.970155" lon="10.926908">
        <ele>144.813058</ele>
        <time>2025-04-26T13:27:12.831Z</time>
      </trkpt>
      <trkpt lat="45.969792" lon="10.926865">
        <ele>143.548128</ele>
        <time>2025-04-26T13:27:19.940Z</time>
      </trkpt>
      <trkpt lat="45.969607" lon="10.926794">
        <ele>142.883177</ele>
        <time>2025-04-26T13:27:23.605Z</time>
      </trkpt>
      <trkpt lat="45.969" lon="10.926493">
        <ele>140.653429</ele>
        <time>2025-04-26T13:27:35.364Z</time>
      </trkpt>
      <trkpt lat="45.968928" lon="10.926456">
        <ele>140.387909</ele>
        <time>2025-04-26T13:27:36.731Z</time>
      </trkpt>
      <trkpt lat="45.968713" lon="10.926367">
        <ele>139.610944</ele>
        <time>2025-04-26T13:27:40.725Z</time>
      </trkpt>
      <trkpt lat="45.968364" lon="10.926309">
        <ele>138.480606</ele>
        <time>2025-04-26T13:27:47.035Z</time>
      </trkpt>
      <trkpt lat="45.968322" lon="10.926255">
        <ele>138.309027</ele>
        <time>2025-04-26T13:27:48.044Z</time>
      </trkpt>
      <trkpt lat="45.968326" lon="10.926164">
        <ele>138.115974</ele>
        <time>2025-04-26T13:27:49.189Z</time>
      </trkpt>
      <trkpt lat="45.96838" lon="10.925979">
        <ele>137.69115</ele>
        <time>2025-04-26T13:27:51.750Z</time>
      </trkpt>
      <trkpt lat="45.968367" lon="10.925829">
        <ele>137.371107</ele>
        <time>2025-04-26T13:27:53.712Z</time>
      </trkpt>
      <trkpt lat="45.96818" lon="10.925221">
        <ele>135.963431</ele>
        <time>2025-04-26T13:28:02.584Z</time>
      </trkpt>
      <trkpt lat="45.967938" lon="10.924789">
        <ele>134.788703</ele>
        <time>2025-04-26T13:28:10.065Z</time>
      </trkpt>
      <trkpt lat="45.967857" lon="10.924394">
        <ele>133.916754</ele>
        <time>2025-04-26T13:28:15.710Z</time>
      </trkpt>
      <trkpt lat="45.967839" lon="10.924133">
        <ele>133.541304</ele>
        <time>2025-04-26T13:28:19.394Z</time>
      </trkpt>
      <trkpt lat="45.967943" lon="10.923751">
        <ele>133.228741</ele>
        <time>2025-04-26T13:28:25.409Z</time>
      </trkpt>
      <trkpt lat="45.968082" lon="10.923449">
        <ele>132.952783</ele>
        <time>2025-04-26T13:28:30.907Z</time>
      </trkpt>
      <trkpt lat="45.968217" lon="10.923055">
        <ele>132.618116</ele>
        <time>2025-04-26T13:28:37.826Z</time>
      </trkpt>
      <trkpt lat="45.968234" lon="10.922693">
        <ele>132.341692</ele>
        <time>2025-04-26T13:28:43.589Z</time>
      </trkpt>
      <trkpt lat="45.968212" lon="10.92258">
        <ele>132.252287</ele>
        <time>2025-04-26T13:28:45.457Z</time>
      </trkpt>
      <trkpt lat="45.967726" lon="10.922472">
        <ele>131.713256</ele>
        <time>2025-04-26T13:28:57.152Z</time>
      </trkpt>
      <trkpt lat="45.966685" lon="10.922079">
        <ele>130.775925</ele>
        <time>2025-04-26T13:29:23.611Z</time>
      </trkpt>
      <trkpt lat="45.96644" lon="10.921904">
        <ele>130.539991</ele>
        <time>2025-04-26T13:29:29.719Z</time>
      </trkpt>
      <trkpt lat="45.966285" lon="10.921717">
        <ele>130.365511</ele>
        <time>2025-04-26T13:29:34.037Z</time>
      </trkpt>
      <trkpt lat="45.965924" lon="10.92116">
        <ele>129.697933</ele>
        <time>2025-04-26T13:29:45.012Z</time>
      </trkpt>
      <trkpt lat="45.966075" lon="10.920751">
        <ele>129.142056</ele>
        <time>2025-04-26T13:29:51.577Z</time>
      </trkpt>
      <trkpt lat="45.966141" lon="10.920625">
        <ele>128.952683</ele>
        <time>2025-04-26T13:29:53.793Z</time>
      </trkpt>
      <trkpt lat="45.966212" lon="10.920548">
        <ele>128.799144</ele>
        <time>2025-04-26T13:29:55.596Z</time>
      </trkpt>
      <trkpt lat="45.966128" lon="10.920125">
        <ele>128.271102</ele>
        <time>2025-04-26T13:30:01.837Z</time>
      </trkpt>
      <trkpt lat="45.96591" lon="10.919941">
        <ele>127.834647</ele>
        <time>2025-04-26T13:30:07.132Z</time>
      </trkpt>
      <trkpt lat="45.965547" lon="10.919284">
        <ele>126.86741</ele>
        <time>2025-04-26T13:30:19.488Z</time>
      </trkpt>
      <trkpt lat="45.965461" lon="10.919125">
        <ele>126.677718</ele>
        <time>2025-04-26T13:30:22.546Z</time>
      </trkpt>
      <trkpt lat="45.965417" lon="10.919065">
        <ele>126.595597</ele>
        <time>2025-04-26T13:30:23.877Z</time>
      </trkpt>
      <trkpt lat="45.965226" lon="10.918826">
        <ele>126.252701</ele>
        <time>2025-04-26T13:30:29.499Z</time>
      </trkpt>
      <trkpt lat="45.964929" lon="10.918513">
        <ele>125.753996</ele>
        <time>2025-04-26T13:30:37.551Z</time>
      </trkpt>
      <trkpt lat="45.964815" lon="10.918307">
        <ele>125.50607</ele>
        <time>2025-04-26T13:30:41.522Z</time>
      </trkpt>
      <trkpt lat="45.964705" lon="10.917681">
        <ele>124.898106</ele>
        <time>2025-04-26T13:30:51.206Z</time>
      </trkpt>
      <trkpt lat="45.964513" lon="10.917418">
        <ele>124.541685</ele>
        <time>2025-04-26T13:30:56.856Z</time>
      </trkpt>
      <trkpt lat="45.964496" lon="10.917169">
        <ele>124.322752</ele>
        <time>2025-04-26T13:31:00.548Z</time>
      </trkpt>
      <trkpt lat="45.964453" lon="10.91707">
        <ele>124.220601</ele>
        <time>2025-04-26T13:31:02.363Z</time>
      </trkpt>
      <trkpt lat="45.963583" lon="10.916215">
        <ele>122.89424</ele>
        <time>2025-04-26T13:31:25.898Z</time>
      </trkpt>
      <trkpt lat="45.962855" lon="10.91512">
        <ele>122.341206</ele>
        <time>2025-04-26T13:31:51.248Z</time>
      </trkpt>
      <trkpt lat="45.962713" lon="10.914914">
        <ele>122.350871</ele>
        <time>2025-04-26T13:31:56.944Z</time>
      </trkpt>
      <trkpt lat="45.962676" lon="10.914786">
        <ele>122.35549</ele>
        <time>2025-04-26T13:31:59.688Z</time>
      </trkpt>
      <trkpt lat="45.96278" lon="10.914368">
        <ele>122.37028</ele>
        <time>2025-04-26T13:32:08.594Z</time>
      </trkpt>
      <trkpt lat="45.962588" lon="10.914158">
        <ele>122.38184</ele>
        <time>2025-04-26T13:32:15.387Z</time>
      </trkpt>
      <trkpt lat="45.962389" lon="10.913938">
        <ele>122.393868</ele>
        <time>2025-04-26T13:32:22.582Z</time>
      </trkpt>
      <trkpt lat="45.962344" lon="10.913893">
        <ele>122.396494</ele>
        <time>2025-04-26T13:32:24.184Z</time>
      </trkpt>
      <trkpt lat="45.962235" lon="10.913811">
        <ele>122.410387</ele>
        <time>2025-04-26T13:32:27.800Z</time>
      </trkpt>
      <trkpt lat="45.962216" lon="10.913734">
        <ele>122.419654</ele>
        <time>2025-04-26T13:32:29.450Z</time>
      </trkpt>
      <trkpt lat="45.962159" lon="10.913732">
        <ele>122.428957</ele>
        <time>2025-04-26T13:32:31.125Z</time>
      </trkpt>
      <trkpt lat="45.962139" lon="10.913774">
        <ele>122.434731</ele>
        <time>2025-04-26T13:32:32.189Z</time>
      </trkpt>
      <trkpt lat="45.962158" lon="10.91385">
        <ele>122.443892</ele>
        <time>2025-04-26T13:32:33.827Z</time>
      </trkpt>
      <trkpt lat="45.962123" lon="10.913932">
        <ele>122.454806</ele>
        <time>2025-04-26T13:32:35.817Z</time>
      </trkpt>
      <trkpt lat="45.961958" lon="10.914335">
        <ele>122.507853</ele>
        <time>2025-04-26T13:32:45.558Z</time>
      </trkpt>
      <trkpt lat="45.961854" lon="10.914555">
        <ele>122.538029</ele>
        <time>2025-04-26T13:32:50.794Z</time>
      </trkpt>
      <trkpt lat="45.961691" lon="10.914364">
        <ele>122.572331</ele>
        <time>2025-04-26T13:32:56.401Z</time>
      </trkpt>
      <trkpt lat="45.96135" lon="10.913954">
        <ele>122.644844</ele>
        <time>2025-04-26T13:33:07.147Z</time>
      </trkpt>
      <trkpt lat="45.961336" lon="10.913937">
        <ele>122.647833</ele>
        <time>2025-04-26T13:33:07.564Z</time>
      </trkpt>
      <trkpt lat="45.961276" lon="10.913863">
        <ele>122.660729</ele>
        <time>2025-04-26T13:33:09.409Z</time>
      </trkpt>
      <trkpt lat="45.961241" lon="10.91382">
        <ele>122.668239</ele>
        <time>2025-04-26T13:33:10.479Z</time>
      </trkpt>
      <trkpt lat="45.961139" lon="10.913697">
        <ele>122.689955</ele>
        <time>2025-04-26T13:33:13.596Z</time>
      </trkpt>
      <trkpt lat="45.961101" lon="10.913649">
        <ele>122.684198</ele>
        <time>2025-04-26T13:33:14.776Z</time>
      </trkpt>
      <trkpt lat="45.961007" lon="10.913528">
        <ele>122.653936</ele>
        <time>2025-04-26T13:33:17.736Z</time>
      </trkpt>
      <trkpt lat="45.960939" lon="10.913442">
        <ele>122.632214</ele>
        <time>2025-04-26T13:33:19.856Z</time>
      </trkpt>
      <trkpt lat="45.960836" lon="10.913309">
        <ele>122.599007</ele>
        <time>2025-04-26T13:33:23.174Z</time>
      </trkpt>
      <trkpt lat="45.96082" lon="10.913283">
        <ele>122.593216</ele>
        <time>2025-04-26T13:33:23.732Z</time>
      </trkpt>
      <trkpt lat="45.960652" lon="10.91291">
        <ele>122.519093</ele>
        <time>2025-04-26T13:33:31.310Z</time>
      </trkpt>
      <trkpt lat="45.960667" lon="10.912616">
        <ele>122.469929</ele>
        <time>2025-04-26T13:33:36.371Z</time>
      </trkpt>
      <trkpt lat="45.960734" lon="10.912271">
        <ele>122.410188</ele>
        <time>2025-04-26T13:33:42.544Z</time>
      </trkpt>
      <trkpt lat="45.960751" lon="10.912211">
        <ele>122.399382</ele>
        <time>2025-04-26T13:33:43.654Z</time>
      </trkpt>
      <trkpt lat="45.960807" lon="10.912084">
        <ele>122.3743</ele>
        <time>2025-04-26T13:33:46.257Z</time>
      </trkpt>
      <trkpt lat="45.960907" lon="10.911839">
        <ele>122.326917</ele>
        <time>2025-04-26T13:33:51.182Z</time>
      </trkpt>
      <trkpt lat="45.961036" lon="10.911522">
        <ele>122.265657</ele>
        <time>2025-04-26T13:33:57.787Z</time>
      </trkpt>
      <trkpt lat="45.961045" lon="10.911498">
        <ele>122.261109</ele>
        <time>2025-04-26T13:33:58.268Z</time>
      </trkpt>
      <trkpt lat="45.961177" lon="10.911166">
        <ele>122.269929</ele>
        <time>2025-04-26T13:34:05.512Z</time>
      </trkpt>
      <trkpt lat="45.961263" lon="10.910954">
        <ele>122.275657</ele>
        <time>2025-04-26T13:34:10.262Z</time>
      </trkpt>
      <trkpt lat="45.961336" lon="10.910791">
        <ele>122.280182</ele>
        <time>2025-04-26T13:34:14.137Z</time>
      </trkpt>
      <trkpt lat="45.96136" lon="10.910704">
        <ele>122.282366</ele>
        <time>2025-04-26T13:34:15.995Z</time>
      </trkpt>
      <trkpt lat="45.961359" lon="10.910524">
        <ele>122.286566</ele>
        <time>2025-04-26T13:34:19.502Z</time>
      </trkpt>
      <trkpt lat="45.961346" lon="10.910471">
        <ele>122.287878</ele>
        <time>2025-04-26T13:34:20.528Z</time>
      </trkpt>
      <trkpt lat="45.961174" lon="10.910083">
        <ele>122.298616</ele>
        <time>2025-04-26T13:34:28.811Z</time>
      </trkpt>
      <trkpt lat="45.96098" lon="10.909759">
        <ele>122.308595</ele>
        <time>2025-04-26T13:34:36.261Z</time>
      </trkpt>
      <trkpt lat="45.960926" lon="10.909684">
        <ele>122.311114</ele>
        <time>2025-04-26T13:34:38.134Z</time>
      </trkpt>
      <trkpt lat="45.960908" lon="10.90966">
        <ele>122.311938</ele>
        <time>2025-04-26T13:34:38.732Z</time>
      </trkpt>
      <trkpt lat="45.960891" lon="10.909634">
        <ele>122.312771</ele>
        <time>2025-04-26T13:34:39.330Z</time>
      </trkpt>
      <trkpt lat="45.960583" lon="10.909267">
        <ele>122.266556</ele>
        <time>2025-04-26T13:34:49.341Z</time>
      </trkpt>
      <trkpt lat="45.960458" lon="10.909107">
        <ele>122.202406</ele>
        <time>2025-04-26T13:34:53.617Z</time>
      </trkpt>
      <trkpt lat="45.960426" lon="10.909066">
        <ele>122.185977</ele>
        <time>2025-04-26T13:34:54.693Z</time>
      </trkpt>
      <trkpt lat="45.960205" lon="10.908782">
        <ele>122.072361</ele>
        <time>2025-04-26T13:35:02.216Z</time>
      </trkpt>
      <trkpt lat="45.960138" lon="10.908697">
        <ele>122.038111</ele>
        <time>2025-04-26T13:35:04.408Z</time>
      </trkpt>
      <trkpt lat="45.959977" lon="10.908491">
        <ele>121.9555</ele>
        <time>2025-04-26T13:35:09.623Z</time>
      </trkpt>
      <trkpt lat="45.959816" lon="10.908284">
        <ele>121.872712</ele>
        <time>2025-04-26T13:35:14.820Z</time>
      </trkpt>
      <trkpt lat="45.959694" lon="10.908117">
        <ele>121.808144</ele>
        <time>2025-04-26T13:35:18.821Z</time>
      </trkpt>
      <trkpt lat="45.959504" lon="10.907818">
        <ele>121.700177</ele>
        <time>2025-04-26T13:35:25.464Z</time>
      </trkpt>
      <trkpt lat="45.959423" lon="10.907705">
        <ele>121.656916</ele>
        <time>2025-04-26T13:35:28.105Z</time>
      </trkpt>
      <trkpt lat="45.959297" lon="10.907532">
        <ele>121.586582</ele>
        <time>2025-04-26T13:35:32.197Z</time>
      </trkpt>
      <trkpt lat="45.959256" lon="10.907476">
        <ele>121.563057</ele>
        <time>2025-04-26T13:35:33.518Z</time>
      </trkpt>
      <trkpt lat="45.959047" lon="10.907205">
        <ele>121.445978</ele>
        <time>2025-04-26T13:35:40.009Z</time>
      </trkpt>
      <trkpt lat="45.958998" lon="10.907145">
        <ele>121.419203</ele>
        <time>2025-04-26T13:35:41.463Z</time>
      </trkpt>
      <trkpt lat="45.958866" lon="10.906981">
        <ele>121.346628</ele>
        <time>2025-04-26T13:35:45.539Z</time>
      </trkpt>
      <trkpt lat="45.958636" lon="10.906694">
        <ele>121.219937</ele>
        <time>2025-04-26T13:35:52.899Z</time>
      </trkpt>
      <trkpt lat="45.958482" lon="10.906491">
        <ele>121.133022</ele>
        <time>2025-04-26T13:35:58.192Z</time>
      </trkpt>
      <trkpt lat="45.958208" lon="10.906138">
        <ele>120.979972</ele>
        <time>2025-04-26T13:36:07.545Z</time>
      </trkpt>
      <trkpt lat="45.957988" lon="10.905856">
        <ele>120.865517</ele>
        <time>2025-04-26T13:36:14.828Z</time>
      </trkpt>
      <trkpt lat="45.957782" lon="10.905604">
        <ele>120.788252</ele>
        <time>2025-04-26T13:36:21.512Z</time>
      </trkpt>
      <trkpt lat="45.957666" lon="10.905461">
        <ele>120.744602</ele>
        <time>2025-04-26T13:36:25.253Z</time>
      </trkpt>
      <trkpt lat="45.957546" lon="10.905309">
        <ele>120.698916</ele>
        <time>2025-04-26T13:36:29.103Z</time>
      </trkpt>
      <trkpt lat="45.957318" lon="10.905015">
        <ele>120.611428</ele>
        <time>2025-04-26T13:36:36.608Z</time>
      </trkpt>
      <trkpt lat="45.957285" lon="10.904974">
        <ele>120.598969</ele>
        <time>2025-04-26T13:36:37.664Z</time>
      </trkpt>
      <trkpt lat="45.956825" lon="10.904391">
        <ele>120.423796</ele>
        <time>2025-04-26T13:36:52.348Z</time>
      </trkpt>
      <trkpt lat="45.956697" lon="10.904168">
        <ele>120.36959</ele>
        <time>2025-04-26T13:36:57.160Z</time>
      </trkpt>
      <trkpt lat="45.956202" lon="10.903307">
        <ele>120.377407</ele>
        <time>2025-04-26T13:37:17.837Z</time>
      </trkpt>
      <trkpt lat="45.956049" lon="10.90304">
        <ele>120.379828</ele>
        <time>2025-04-26T13:37:24.604Z</time>
      </trkpt>
      <trkpt lat="45.95576" lon="10.902567">
        <ele>120.384233</ele>
        <time>2025-04-26T13:37:36.606Z</time>
      </trkpt>
      <trkpt lat="45.955518" lon="10.902241">
        <ele>120.38757</ele>
        <time>2025-04-26T13:37:44.980Z</time>
      </trkpt>
      <trkpt lat="45.955229" lon="10.90193">
        <ele>119.939151</ele>
        <time>2025-04-26T13:37:53.535Z</time>
      </trkpt>
      <trkpt lat="45.954583" lon="10.901249">
        <ele>118.941072</ele>
        <time>2025-04-26T13:38:10.851Z</time>
      </trkpt>
      <trkpt lat="45.954346" lon="10.901">
        <ele>118.575333</ele>
        <time>2025-04-26T13:38:16.829Z</time>
      </trkpt>
      <trkpt lat="45.954088" lon="10.900792">
        <ele>118.206763</ele>
        <time>2025-04-26T13:38:22.824Z</time>
      </trkpt>
      <trkpt lat="45.953651" lon="10.900574">
        <ele>117.711395</ele>
        <time>2025-04-26T13:38:32.606Z</time>
      </trkpt>
      <trkpt lat="45.953593" lon="10.900555">
        <ele>117.648912</ele>
        <time>2025-04-26T13:38:33.905Z</time>
      </trkpt>
      <trkpt lat="45.953404" lon="10.900525">
        <ele>117.449182</ele>
        <time>2025-04-26T13:38:38.163Z</time>
      </trkpt>
      <trkpt lat="45.953079" lon="10.900536">
        <ele>117.107707</ele>
        <time>2025-04-26T13:38:45.776Z</time>
      </trkpt>
      <trkpt lat="45.952861" lon="10.900591">
        <ele>116.875224</ele>
        <time>2025-04-26T13:38:51.163Z</time>
      </trkpt>
      <trkpt lat="45.952695" lon="10.900638">
        <ele>116.697512</ele>
        <time>2025-04-26T13:38:55.303Z</time>
      </trkpt>
      <trkpt lat="45.95262" lon="10.900659">
        <ele>116.617253</ele>
        <time>2025-04-26T13:38:57.181Z</time>
      </trkpt>
      <trkpt lat="45.952425" lon="10.900712">
        <ele>116.4088</ele>
        <time>2025-04-26T13:39:01.804Z</time>
      </trkpt>
      <trkpt lat="45.952362" lon="10.900731">
        <ele>116.341186</ele>
        <time>2025-04-26T13:39:03.215Z</time>
      </trkpt>
      <trkpt lat="45.952163" lon="10.900783">
        <ele>115.894071</ele>
        <time>2025-04-26T13:39:07.784Z</time>
      </trkpt>
      <trkpt lat="45.952136" lon="10.90079">
        <ele>115.812478</ele>
        <time>2025-04-26T13:39:08.410Z</time>
      </trkpt>
      <trkpt lat="45.951842" lon="10.900857">
        <ele>114.927208</ele>
        <time>2025-04-26T13:39:14.850Z</time>
      </trkpt>
      <trkpt lat="45.951738" lon="10.900883">
        <ele>114.613272</ele>
        <time>2025-04-26T13:39:17.003Z</time>
      </trkpt>
      <trkpt lat="45.951702" lon="10.900893">
        <ele>114.504228</ele>
        <time>2025-04-26T13:39:17.760Z</time>
      </trkpt>
      <trkpt lat="45.951545" lon="10.900932">
        <ele>114.030394</ele>
        <time>2025-04-26T13:39:20.925Z</time>
      </trkpt>
      <trkpt lat="45.95132" lon="10.900987">
        <ele>113.351643</ele>
        <time>2025-04-26T13:39:25.275Z</time>
      </trkpt>
      <trkpt lat="45.951116" lon="10.901038">
        <ele>112.735845</ele>
        <time>2025-04-26T13:39:29.139Z</time>
      </trkpt>
      <trkpt lat="45.951059" lon="10.901052">
        <ele>112.563871</ele>
        <time>2025-04-26T13:39:30.203Z</time>
      </trkpt>
      <trkpt lat="45.951034" lon="10.901058">
        <ele>112.488493</ele>
        <time>2025-04-26T13:39:30.653Z</time>
      </trkpt>
      <trkpt lat="45.950907" lon="10.901092">
        <ele>112.104304</ele>
        <time>2025-04-26T13:39:32.987Z</time>
      </trkpt>
      <trkpt lat="45.950587" lon="10.901176">
        <ele>111.136896</ele>
        <time>2025-04-26T13:39:38.724Z</time>
      </trkpt>
      <trkpt lat="45.95055" lon="10.901186">
        <ele>111.024931</ele>
        <time>2025-04-26T13:39:39.378Z</time>
      </trkpt>
      <trkpt lat="45.950446" lon="10.901218">
        <ele>110.664751</ele>
        <time>2025-04-26T13:39:41.234Z</time>
      </trkpt>
      <trkpt lat="45.950164" lon="10.901328">
        <ele>109.604188</ele>
        <time>2025-04-26T13:39:46.354Z</time>
      </trkpt>
      <trkpt lat="45.950073" lon="10.901366">
        <ele>109.260241</ele>
        <time>2025-04-26T13:39:48.018Z</time>
      </trkpt>
      <trkpt lat="45.950044" lon="10.90138">
        <ele>109.149207</ele>
        <time>2025-04-26T13:39:48.577Z</time>
      </trkpt>
      <trkpt lat="45.95001" lon="10.901395">
        <ele>109.02012</ele>
        <time>2025-04-26T13:39:49.218Z</time>
      </trkpt>
      <trkpt lat="45.949574" lon="10.901609">
        <ele>107.347936</ele>
        <time>2025-04-26T13:39:57.543Z</time>
      </trkpt>
      <trkpt lat="45.949209" lon="10.901822">
        <ele>105.918178</ele>
        <time>2025-04-26T13:40:04.996Z</time>
      </trkpt>
      <trkpt lat="45.949127" lon="10.901874">
        <ele>105.592892</ele>
        <time>2025-04-26T13:40:06.731Z</time>
      </trkpt>
      <trkpt lat="45.948867" lon="10.902021">
        <ele>104.578857</ele>
        <time>2025-04-26T13:40:12.216Z</time>
      </trkpt>
      <trkpt lat="45.948223" lon="10.902413">
        <ele>103.297611</ele>
        <time>2025-04-26T13:40:26.727Z</time>
      </trkpt>
      <trkpt lat="45.947837" lon="10.901928">
        <ele>102.437234</ele>
        <time>2025-04-26T13:40:37.818Z</time>
      </trkpt>
      <trkpt lat="45.947286" lon="10.902402">
        <ele>101.359661</ele>
        <time>2025-04-26T13:40:51.460Z</time>
      </trkpt>
      <trkpt lat="45.946726" lon="10.902726">
        <ele>100.789514</ele>
        <time>2025-04-26T13:41:04.459Z</time>
      </trkpt>
      <trkpt lat="45.946056" lon="10.902925">
        <ele>100.14331</ele>
        <time>2025-04-26T13:41:20.019Z</time>
      </trkpt>
      <trkpt lat="45.945839" lon="10.902954">
        <ele>99.937459</ele>
        <time>2025-04-26T13:41:25.198Z</time>
      </trkpt>
      <trkpt lat="45.945591" lon="10.902927">
        <ele>99.70254</ele>
        <time>2025-04-26T13:41:31.132Z</time>
      </trkpt>
      <trkpt lat="45.944761" lon="10.90261">
        <ele>99.149814</ele>
        <time>2025-04-26T13:42:06.055Z</time>
      </trkpt>
      <trkpt lat="45.944759" lon="10.90261">
        <ele>99.14856</ele>
        <time>2025-04-26T13:42:06.105Z</time>
      </trkpt>
      <trkpt lat="45.944478" lon="10.902504">
        <ele>98.966306</ele>
        <time>2025-04-26T13:42:12.927Z</time>
      </trkpt>
      <trkpt lat="45.944264" lon="10.902371">
        <ele>98.820049</ele>
        <time>2025-04-26T13:42:18.351Z</time>
      </trkpt>
      <trkpt lat="45.943735" lon="10.901808">
        <ele>98.39459</ele>
        <time>2025-04-26T13:42:33.571Z</time>
      </trkpt>
      <trkpt lat="45.942608" lon="10.900443">
        <ele>97.377393</ele>
        <time>2025-04-26T13:43:08.391Z</time>
      </trkpt>
      <trkpt lat="45.942373" lon="10.900203">
        <ele>97.117866</ele>
        <time>2025-04-26T13:43:14.867Z</time>
      </trkpt>
      <trkpt lat="45.941975" lon="10.900159">
        <ele>96.693925</ele>
        <time>2025-04-26T13:43:23.678Z</time>
      </trkpt>
      <trkpt lat="45.941837" lon="10.900192">
        <ele>96.54535</ele>
        <time>2025-04-26T13:43:26.749Z</time>
      </trkpt>
      <trkpt lat="45.941182" lon="10.9002">
        <ele>95.849685</ele>
        <time>2025-04-26T13:43:40.910Z</time>
      </trkpt>
      <trkpt lat="45.940315" lon="10.900463">
        <ele>95.316519</ele>
        <time>2025-04-26T13:44:01.012Z</time>
      </trkpt>
      <trkpt lat="45.940055" lon="10.900488">
        <ele>95.278932</ele>
        <time>2025-04-26T13:44:07.496Z</time>
      </trkpt>
      <trkpt lat="45.939802" lon="10.900474">
        <ele>95.242412</ele>
        <time>2025-04-26T13:44:14.091Z</time>
      </trkpt>
      <trkpt lat="45.938996" lon="10.900205">
        <ele>95.123063</ele>
        <time>2025-04-26T13:44:37.046Z</time>
      </trkpt>
      <trkpt lat="45.938001" lon="10.89943">
        <ele>94.871637</ele>
        <time>2025-04-26T13:45:06.161Z</time>
      </trkpt>
      <trkpt lat="45.937613" lon="10.898983">
        <ele>94.76072</ele>
        <time>2025-04-26T13:45:17.697Z</time>
      </trkpt>
      <trkpt lat="45.937295" lon="10.898521">
        <ele>94.605542</ele>
        <time>2025-04-26T13:45:28.035Z</time>
      </trkpt>
      <trkpt lat="45.936986" lon="10.898007">
        <ele>94.404757</ele>
        <time>2025-04-26T13:45:39.045Z</time>
      </trkpt>
      <trkpt lat="45.936805" lon="10.897586">
        <ele>94.258486</ele>
        <time>2025-04-26T13:45:47.454Z</time>
      </trkpt>
      <trkpt lat="45.93673" lon="10.89735">
        <ele>94.181805</ele>
        <time>2025-04-26T13:45:52.007Z</time>
      </trkpt>
      <trkpt lat="45.936672" lon="10.897044">
        <ele>94.088075</ele>
        <time>2025-04-26T13:45:57.679Z</time>
      </trkpt>
      <trkpt lat="45.936667" lon="10.896643">
        <ele>93.96955</ele>
        <time>2025-04-26T13:46:04.803Z</time>
      </trkpt>
      <trkpt lat="45.936639" lon="10.896576">
        <ele>93.941119</ele>
        <time>2025-04-26T13:46:06.176Z</time>
      </trkpt>
      <trkpt lat="45.936045" lon="10.895968">
        <ele>93.450715</ele>
        <time>2025-04-26T13:46:23.983Z</time>
      </trkpt>
      <trkpt lat="45.935647" lon="10.895686">
        <ele>93.152289</ele>
        <time>2025-04-26T13:46:34.173Z</time>
      </trkpt>
      <trkpt lat="45.935134" lon="10.895212">
        <ele>92.740649</ele>
        <time>2025-04-26T13:46:47.819Z</time>
      </trkpt>
      <trkpt lat="45.934987" lon="10.895168">
        <ele>92.598523</ele>
        <time>2025-04-26T13:46:51.055Z</time>
      </trkpt>
      <trkpt lat="45.934478" lon="10.895184">
        <ele>92.116611</ele>
        <time>2025-04-26T13:47:02.199Z</time>
      </trkpt>
      <trkpt lat="45.93436" lon="10.895141">
        <ele>92.001387</ele>
        <time>2025-04-26T13:47:04.896Z</time>
      </trkpt>
      <trkpt lat="45.933992" lon="10.894876">
        <ele>91.611811</ele>
        <time>2025-04-26T13:47:14.209Z</time>
      </trkpt>
      <trkpt lat="45.933427" lon="10.894699">
        <ele>91.064462</ele>
        <time>2025-04-26T13:47:27.625Z</time>
      </trkpt>
      <trkpt lat="45.932931" lon="10.894587">
        <ele>90.671591</ele>
        <time>2025-04-26T13:47:39.237Z</time>
      </trkpt>
      <trkpt lat="45.932558" lon="10.894538">
        <ele>90.381366</ele>
        <time>2025-04-26T13:47:48.048Z</time>
      </trkpt>
      <trkpt lat="45.931448" lon="10.894214">
        <ele>89.518822</ele>
        <time>2025-04-26T13:48:13.788Z</time>
      </trkpt>
      <trkpt lat="45.930901" lon="10.893854">
        <ele>89.100891</ele>
        <time>2025-04-26T13:48:27.290Z</time>
      </trkpt>
      <trkpt lat="45.930752" lon="10.893728">
        <ele>88.9808</ele>
        <time>2025-04-26T13:48:31.255Z</time>
      </trkpt>
      <trkpt lat="45.930368" lon="10.893605">
        <ele>88.707488</ele>
        <time>2025-04-26T13:48:40.423Z</time>
      </trkpt>
      <trkpt lat="45.929242" lon="10.893343">
        <ele>88.251998</ele>
        <time>2025-04-26T13:49:08.703Z</time>
      </trkpt>
      <trkpt lat="45.928491" lon="10.893599">
        <ele>88.08828</ele>
        <time>2025-04-26T13:49:28.367Z</time>
      </trkpt>
      <trkpt lat="45.927583" lon="10.893427">
        <ele>87.862424</ele>
        <time>2025-04-26T13:49:51.116Z</time>
      </trkpt>
      <trkpt lat="45.92691" lon="10.893787">
        <ele>87.67148</ele>
        <time>2025-04-26T13:50:08.656Z</time>
      </trkpt>
      <trkpt lat="45.926697" lon="10.893859">
        <ele>87.613296</ele>
        <time>2025-04-26T13:50:14.131Z</time>
      </trkpt>
      <trkpt lat="45.925926" lon="10.893777">
        <ele>87.393172</ele>
        <time>2025-04-26T13:50:33.194Z</time>
      </trkpt>
      <trkpt lat="45.925604" lon="10.893646">
        <ele>87.294422</ele>
        <time>2025-04-26T13:50:41.211Z</time>
      </trkpt>
      <trkpt lat="45.925418" lon="10.893536">
        <ele>87.235072</ele>
        <time>2025-04-26T13:50:46.026Z</time>
      </trkpt>
      <trkpt lat="45.925053" lon="10.893228">
        <ele>87.110181</ele>
        <time>2025-04-26T13:50:56.239Z</time>
      </trkpt>
      <trkpt lat="45.924636" lon="10.892992">
        <ele>87.016505</ele>
        <time>2025-04-26T13:51:07.487Z</time>
      </trkpt>
      <trkpt lat="45.924335" lon="10.892896">
        <ele>87.036596</ele>
        <time>2025-04-26T13:51:15.520Z</time>
      </trkpt>
      <trkpt lat="45.923554" lon="10.892832">
        <ele>87.08757</ele>
        <time>2025-04-26T13:51:36.952Z</time>
      </trkpt>
      <trkpt lat="45.923475" lon="10.89285">
        <ele>87.092782</ele>
        <time>2025-04-26T13:51:39.129Z</time>
      </trkpt>
      <trkpt lat="45.923392" lon="10.89287">
        <ele>87.098266</ele>
        <time>2025-04-26T13:51:41.338Z</time>
      </trkpt>
      <trkpt lat="45.923357" lon="10.892837">
        <ele>87.100993</ele>
        <time>2025-04-26T13:51:42.488Z</time>
      </trkpt>
      <trkpt lat="45.923351" lon="10.892782">
        <ele>87.103517</ele>
        <time>2025-04-26T13:51:43.441Z</time>
      </trkpt>
      <trkpt lat="45.923499" lon="10.892022">
        <ele>87.109406</ele>
        <time>2025-04-26T13:51:57.363Z</time>
      </trkpt>
      <trkpt lat="45.923504" lon="10.891992">
        <ele>87.107477</ele>
        <time>2025-04-26T13:51:57.934Z</time>
      </trkpt>
      <trkpt lat="45.922928" lon="10.891724">
        <ele>87.05305</ele>
        <time>2025-04-26T13:52:12.574Z</time>
      </trkpt>
      <trkpt lat="45.922727" lon="10.89159">
        <ele>87.033131</ele>
        <time>2025-04-26T13:52:18.006Z</time>
      </trkpt>
      <trkpt lat="45.922573" lon="10.891401">
        <ele>87.014927</ele>
        <time>2025-04-26T13:52:23.114Z</time>
      </trkpt>
      <trkpt lat="45.922213" lon="10.89084">
        <ele>86.967196</ele>
        <time>2025-04-26T13:52:36.990Z</time>
      </trkpt>
      <trkpt lat="45.92199" lon="10.890601">
        <ele>87.077332</ele>
        <time>2025-04-26T13:52:44.697Z</time>
      </trkpt>
      <trkpt lat="45.921619" lon="10.890246">
        <ele>87.274295</ele>
        <time>2025-04-26T13:52:56.697Z</time>
      </trkpt>
      <trkpt lat="45.921195" lon="10.889913">
        <ele>87.487821</ele>
        <time>2025-04-26T13:53:13.100Z</time>
      </trkpt>
      <trkpt lat="45.920841" lon="10.889691">
        <ele>87.658508</ele>
        <time>2025-04-26T13:53:23.071Z</time>
      </trkpt>
      <trkpt lat="45.920774" lon="10.889703">
        <ele>87.688347</ele>
        <time>2025-04-26T13:53:24.823Z</time>
      </trkpt>
      <trkpt lat="45.920726" lon="10.889694">
        <ele>87.70974</ele>
        <time>2025-04-26T13:53:25.998Z</time>
      </trkpt>
      <trkpt lat="45.920688" lon="10.889684">
        <ele>87.726812</ele>
        <time>2025-04-26T13:53:26.920Z</time>
      </trkpt>
      <trkpt lat="45.920663" lon="10.88968">
        <ele>87.737929</ele>
        <time>2025-04-26T13:53:27.559Z</time>
      </trkpt>
      <trkpt lat="45.920642" lon="10.889605">
        <ele>87.758091</ele>
        <time>2025-04-26T13:53:28.981Z</time>
      </trkpt>
      <trkpt lat="45.920544" lon="10.889554">
        <ele>87.728445</ele>
        <time>2025-04-26T13:53:31.402Z</time>
      </trkpt>
      <trkpt lat="45.920418" lon="10.889477">
        <ele>87.689501</ele>
        <time>2025-04-26T13:53:34.598Z</time>
      </trkpt>
      <trkpt lat="45.920022" lon="10.889267">
        <ele>87.569439</ele>
        <time>2025-04-26T13:53:44.801Z</time>
      </trkpt>
      <trkpt lat="45.919992" lon="10.889303">
        <ele>87.558323</ele>
        <time>2025-04-26T13:53:45.938Z</time>
      </trkpt>
      <trkpt lat="45.919965" lon="10.88944">
        <ele>87.530147</ele>
        <time>2025-04-26T13:53:48.784Z</time>
      </trkpt>
      <trkpt lat="45.919944" lon="10.88946">
        <ele>87.522981</ele>
        <time>2025-04-26T13:53:49.439Z</time>
      </trkpt>
      <trkpt lat="45.919636" lon="10.889376">
        <ele>87.433809</ele>
        <time>2025-04-26T13:53:58.181Z</time>
      </trkpt>
      <trkpt lat="45.919381" lon="10.889217">
        <ele>87.354745</ele>
        <time>2025-04-26T13:54:03.987Z</time>
      </trkpt>
      <trkpt lat="45.919338" lon="10.889158">
        <ele>87.337836</ele>
        <time>2025-04-26T13:54:05.184Z</time>
      </trkpt>
      <trkpt lat="45.919045" lon="10.88894">
        <ele>87.260006</ele>
        <time>2025-04-26T13:54:12.734Z</time>
      </trkpt>
      <trkpt lat="45.918991" lon="10.888852">
        <ele>87.322867</ele>
        <time>2025-04-26T13:54:14.936Z</time>
      </trkpt>
      <trkpt lat="45.918295" lon="10.88831">
        <ele>87.932427</ele>
        <time>2025-04-26T13:54:37.190Z</time>
      </trkpt>
      <trkpt lat="45.918329" lon="10.888241">
        <ele>87.977725</ele>
        <time>2025-04-26T13:54:41.936Z</time>
      </trkpt>
      <trkpt lat="45.918348" lon="10.8882">
        <ele>88.004116</ele>
        <time>2025-04-26T13:54:44.711Z</time>
      </trkpt>
      <trkpt lat="45.917945" lon="10.887791">
        <ele>88.384006</ele>
        <time>2025-04-26T13:54:59.740Z</time>
      </trkpt>
      <trkpt lat="45.917841" lon="10.887685">
        <ele>88.482182</ele>
        <time>2025-04-26T13:55:03.866Z</time>
      </trkpt>
      <trkpt lat="45.917816" lon="10.887664">
        <ele>88.50448</ele>
        <time>2025-04-26T13:55:04.794Z</time>
      </trkpt>
      <trkpt lat="45.917672" lon="10.887475">
        <ele>88.665245</ele>
        <time>2025-04-26T13:55:11.534Z</time>
      </trkpt>
      <trkpt lat="45.917647" lon="10.887369">
        <ele>88.755108</ele>
        <time>2025-04-26T13:55:14.315Z</time>
      </trkpt>
      <trkpt lat="45.91766" lon="10.887269">
        <ele>88.836785</ele>
        <time>2025-04-26T13:55:16.908Z</time>
      </trkpt>
      <trkpt lat="45.9178" lon="10.886909">
        <ele>89.167913</ele>
        <time>2025-04-26T13:55:27.206Z</time>
      </trkpt>
      <trkpt lat="45.917999" lon="10.886396">
        <ele>89.639488</ele>
        <time>2025-04-26T13:55:41.016Z</time>
      </trkpt>
      <trkpt lat="45.918011" lon="10.886344">
        <ele>89.683475</ele>
        <time>2025-04-26T13:55:42.254Z</time>
      </trkpt>
      <trkpt lat="45.918056" lon="10.88619">
        <ele>89.81758</ele>
        <time>2025-04-26T13:55:45.952Z</time>
      </trkpt>
      <trkpt lat="45.918068" lon="10.886171">
        <ele>89.838184</ele>
        <time>2025-04-26T13:55:46.508Z</time>
      </trkpt>
      <trkpt lat="45.918079" lon="10.886131">
        <ele>89.872716</ele>
        <time>2025-04-26T13:55:47.437Z</time>
      </trkpt>
      <trkpt lat="45.918065" lon="10.886064">
        <ele>89.928883</ele>
        <time>2025-04-26T13:55:48.928Z</time>
      </trkpt>
      <trkpt lat="45.918029" lon="10.886033">
        <ele>89.977314</ele>
        <time>2025-04-26T13:55:50.155Z</time>
      </trkpt>
      <trkpt lat="45.917942" lon="10.885885">
        <ele>90.132878</ele>
        <time>2025-04-26T13:55:54.157Z</time>
      </trkpt>
      <trkpt lat="45.917816" lon="10.885541">
        <ele>90.445007</ele>
        <time>2025-04-26T13:56:01.722Z</time>
      </trkpt>
      <trkpt lat="45.917823" lon="10.885215">
        <ele>90.706869</ele>
        <time>2025-04-26T13:56:07.705Z</time>
      </trkpt>
      <trkpt lat="45.917827" lon="10.884847">
        <ele>90.757343</ele>
        <time>2025-04-26T13:56:14.458Z</time>
      </trkpt>
      <trkpt lat="45.917846" lon="10.884568">
        <ele>90.794348</ele>
        <time>2025-04-26T13:56:19.474Z</time>
      </trkpt>
      <trkpt lat="45.917913" lon="10.884585">
        <ele>90.807257</ele>
        <time>2025-04-26T13:56:21.401Z</time>
      </trkpt>
      <trkpt lat="45.917931" lon="10.884414">
        <ele>90.830087</ele>
        <time>2025-04-26T13:56:24.504Z</time>
      </trkpt>
      <trkpt lat="45.917979" lon="10.883949">
        <ele>90.89214</ele>
        <time>2025-04-26T13:56:33.240Z</time>
      </trkpt>
      <trkpt lat="45.918047" lon="10.883964">
        <ele>90.905193</ele>
        <time>2025-04-26T13:56:35.001Z</time>
      </trkpt>
      <trkpt lat="45.918167" lon="10.88399">
        <ele>90.92822</ele>
        <time>2025-04-26T13:56:38.312Z</time>
      </trkpt>
      <trkpt lat="45.918334" lon="10.884026">
        <ele>90.960262</ele>
        <time>2025-04-26T13:56:42.874Z</time>
      </trkpt>
      <trkpt lat="45.918562" lon="10.884075">
        <ele>91.004004</ele>
        <time>2025-04-26T13:56:49.241Z</time>
      </trkpt>
      <trkpt lat="45.918617" lon="10.884082">
        <ele>91.014481</ele>
        <time>2025-04-26T13:56:50.774Z</time>
      </trkpt>
      <trkpt lat="45.918675" lon="10.88408">
        <ele>91.025489</ele>
        <time>2025-04-26T13:56:52.350Z</time>
      </trkpt>
      <trkpt lat="45.918703" lon="10.884063">
        <ele>91.031256</ele>
        <time>2025-04-26T13:56:53.152Z</time>
      </trkpt>
      <trkpt lat="45.918729" lon="10.883979">
        <ele>91.043392</ele>
        <time>2025-04-26T13:56:54.887Z</time>
      </trkpt>
      <trkpt lat="45.918778" lon="10.883582">
        <ele>90.825493</ele>
        <time>2025-04-26T13:57:02.446Z</time>
      </trkpt>
      <trkpt lat="45.918771" lon="10.883559">
        <ele>90.809361</ele>
        <time>2025-04-26T13:57:02.892Z</time>
      </trkpt>
      <trkpt lat="45.918752" lon="10.883535">
        <ele>90.785996</ele>
        <time>2025-04-26T13:57:03.507Z</time>
      </trkpt>
      <trkpt lat="45.918775" lon="10.883511">
        <ele>90.759743</ele>
        <time>2025-04-26T13:57:04.269Z</time>
      </trkpt>
      <trkpt lat="45.918802" lon="10.883454">
        <ele>90.715429</ele>
        <time>2025-04-26T13:57:05.525Z</time>
      </trkpt>
      <trkpt lat="45.918904" lon="10.882694">
        <ele>90.218035</ele>
        <time>2025-04-26T13:57:18.408Z</time>
      </trkpt>
      <trkpt lat="45.918916" lon="10.882618">
        <ele>90.167955</ele>
        <time>2025-04-26T13:57:19.592Z</time>
      </trkpt>
      <trkpt lat="45.918941" lon="10.882586">
        <ele>90.137033</ele>
        <time>2025-04-26T13:57:20.326Z</time>
      </trkpt>
      <trkpt lat="45.918965" lon="10.88246">
        <ele>90.053083</ele>
        <time>2025-04-26T13:57:22.234Z</time>
      </trkpt>
      <trkpt lat="45.918974" lon="10.882358">
        <ele>89.987011</ele>
        <time>2025-04-26T13:57:23.745Z</time>
      </trkpt>
      <trkpt lat="45.918979" lon="10.882271">
        <ele>89.930913</ele>
        <time>2025-04-26T13:57:24.993Z</time>
      </trkpt>
      <trkpt lat="45.919001" lon="10.881967">
        <ele>89.734505</ele>
        <time>2025-04-26T13:57:29.378Z</time>
      </trkpt>
      <trkpt lat="45.919026" lon="10.881662">
        <ele>89.537151</ele>
        <time>2025-04-26T13:57:33.812Z</time>
      </trkpt>
      <trkpt lat="45.91903" lon="10.881604">
        <ele>89.499697</ele>
        <time>2025-04-26T13:57:34.663Z</time>
      </trkpt>
      <trkpt lat="45.919042" lon="10.881463">
        <ele>89.408413</ele>
        <time>2025-04-26T13:57:36.707Z</time>
      </trkpt>
      <trkpt lat="45.919058" lon="10.881258">
        <ele>89.195876</ele>
        <time>2025-04-26T13:57:39.685Z</time>
      </trkpt>
      <trkpt lat="45.919072" lon="10.881094">
        <ele>89.014621</ele>
        <time>2025-04-26T13:57:42.075Z</time>
      </trkpt>
      <trkpt lat="45.919094" lon="10.880815">
        <ele>88.706601</ele>
        <time>2025-04-26T13:57:46.126Z</time>
      </trkpt>
      <trkpt lat="45.919099" lon="10.880757">
        <ele>88.642489</ele>
        <time>2025-04-26T13:57:46.962Z</time>
      </trkpt>
      <trkpt lat="45.919113" lon="10.880559">
        <ele>88.424167</ele>
        <time>2025-04-26T13:57:49.811Z</time>
      </trkpt>
      <trkpt lat="45.919119" lon="10.880472">
        <ele>88.328261</ele>
        <time>2025-04-26T13:57:51.060Z</time>
      </trkpt>
      <trkpt lat="45.919141" lon="10.87999">
        <ele>87.798376</ele>
        <time>2025-04-26T13:57:57.950Z</time>
      </trkpt>
      <trkpt lat="45.919129" lon="10.87965">
        <ele>87.42492</ele>
        <time>2025-04-26T13:58:02.882Z</time>
      </trkpt>
      <trkpt lat="45.919126" lon="10.879612">
        <ele>87.382967</ele>
        <time>2025-04-26T13:58:03.431Z</time>
      </trkpt>
      <trkpt lat="45.919122" lon="10.879569">
        <ele>87.335377</ele>
        <time>2025-04-26T13:58:04.070Z</time>
      </trkpt>
      <trkpt lat="45.919116" lon="10.879486">
        <ele>87.243837</ele>
        <time>2025-04-26T13:58:05.319Z</time>
      </trkpt>
      <trkpt lat="45.919057" lon="10.878746">
        <ele>86.535041</ele>
        <time>2025-04-26T13:58:16.860Z</time>
      </trkpt>
      <trkpt lat="45.919025" lon="10.878333">
        <ele>86.471045</ele>
        <time>2025-04-26T13:58:23.566Z</time>
      </trkpt>
      <trkpt lat="45.918991" lon="10.87797">
        <ele>86.414639</ele>
        <time>2025-04-26T13:58:29.549Z</time>
      </trkpt>
      <trkpt lat="45.91898" lon="10.877844">
        <ele>86.395082</ele>
        <time>2025-04-26T13:58:31.648Z</time>
      </trkpt>
      <trkpt lat="45.91896" lon="10.877636">
        <ele>86.362746</ele>
        <time>2025-04-26T13:58:35.161Z</time>
      </trkpt>
      <trkpt lat="45.918933" lon="10.877353">
        <ele>86.318755</ele>
        <time>2025-04-26T13:58:40.071Z</time>
      </trkpt>
      <trkpt lat="45.918919" lon="10.877205">
        <ele>86.295753</ele>
        <time>2025-04-26T13:58:42.707Z</time>
      </trkpt>
      <trkpt lat="45.918913" lon="10.877147">
        <ele>86.286723</ele>
        <time>2025-04-26T13:58:43.761Z</time>
      </trkpt>
      <trkpt lat="45.91888" lon="10.876796">
        <ele>86.232177</ele>
        <time>2025-04-26T13:58:50.341Z</time>
      </trkpt>
      <trkpt lat="45.918876" lon="10.876753">
        <ele>86.225496</ele>
        <time>2025-04-26T13:58:51.197Z</time>
      </trkpt>
      <trkpt lat="45.918846" lon="10.876446">
        <ele>86.177754</ele>
        <time>2025-04-26T13:58:57.306Z</time>
      </trkpt>
      <trkpt lat="45.918836" lon="10.876334">
        <ele>86.160364</ele>
        <time>2025-04-26T13:58:59.628Z</time>
      </trkpt>
      <trkpt lat="45.918811" lon="10.876045">
        <ele>86.190644</ele>
        <time>2025-04-26T13:59:05.594Z</time>
      </trkpt>
      <trkpt lat="45.918804" lon="10.875969">
        <ele>86.201553</ele>
        <time>2025-04-26T13:59:07.172Z</time>
      </trkpt>
      <trkpt lat="45.918786" lon="10.875763">
        <ele>86.231099</ele>
        <time>2025-04-26T13:59:11.501Z</time>
      </trkpt>
      <trkpt lat="45.91877" lon="10.8755">
        <ele>86.268669</ele>
        <time>2025-04-26T13:59:16.912Z</time>
      </trkpt>
      <trkpt lat="45.918776" lon="10.875483">
        <ele>86.271382</ele>
        <time>2025-04-26T13:59:17.290Z</time>
      </trkpt>
      <trkpt lat="45.918778" lon="10.875441">
        <ele>86.277373</ele>
        <time>2025-04-26T13:59:18.136Z</time>
      </trkpt>
      <trkpt lat="45.918771" lon="10.875413">
        <ele>86.281607</ele>
        <time>2025-04-26T13:59:18.719Z</time>
      </trkpt>
      <trkpt lat="45.918758" lon="10.875393">
        <ele>86.285502</ele>
        <time>2025-04-26T13:59:19.242Z</time>
      </trkpt>
      <trkpt lat="45.918749" lon="10.875246">
        <ele>86.306502</ele>
        <time>2025-04-26T13:59:22.151Z</time>
      </trkpt>
      <trkpt lat="45.918845" lon="10.87418">
        <ele>86.459468</ele>
        <time>2025-04-26T13:59:41.373Z</time>
      </trkpt>
      <trkpt lat="45.918805" lon="10.873781">
        <ele>86.516836</ele>
        <time>2025-04-26T13:59:48.479Z</time>
      </trkpt>
      <trkpt lat="45.91875" lon="10.873177">
        <ele>86.379269</ele>
        <time>2025-04-26T13:59:59.067Z</time>
      </trkpt>
      <trkpt lat="45.918743" lon="10.873084">
        <ele>86.355739</ele>
        <time>2025-04-26T14:00:00.649Z</time>
      </trkpt>
      <trkpt lat="45.918728" lon="10.872679">
        <ele>86.253723</ele>
        <time>2025-04-26T14:00:07.309Z</time>
      </trkpt>
      <trkpt lat="45.918743" lon="10.872475">
        <ele>86.202124</ele>
        <time>2025-04-26T14:00:10.626Z</time>
      </trkpt>
      <trkpt lat="45.918819" lon="10.872145">
        <ele>86.114687</ele>
        <time>2025-04-26T14:00:16.405Z</time>
      </trkpt>
      <trkpt lat="45.91901" lon="10.871333">
        <ele>85.899081</ele>
        <time>2025-04-26T14:00:31.202Z</time>
      </trkpt>
      <trkpt lat="45.919061" lon="10.870984">
        <ele>85.717392</ele>
        <time>2025-04-26T14:00:37.212Z</time>
      </trkpt>
      <trkpt lat="45.919047" lon="10.870553">
        <ele>85.449838</ele>
        <time>2025-04-26T14:00:44.202Z</time>
      </trkpt>
      <trkpt lat="45.919008" lon="10.87017">
        <ele>85.209809</ele>
        <time>2025-04-26T14:00:50.272Z</time>
      </trkpt>
      <trkpt lat="45.918994" lon="10.870094">
        <ele>85.161057</ele>
        <time>2025-04-26T14:00:51.515Z</time>
      </trkpt>
      <trkpt lat="45.918952" lon="10.869857">
        <ele>85.0094</ele>
        <time>2025-04-26T14:00:55.368Z</time>
      </trkpt>
      <trkpt lat="45.918908" lon="10.86959">
        <ele>84.839251</ele>
        <time>2025-04-26T14:00:59.688Z</time>
      </trkpt>
      <trkpt lat="45.918877" lon="10.869176">
        <ele>84.581047</ele>
        <time>2025-04-26T14:01:06.140Z</time>
      </trkpt>
      <trkpt lat="45.918876" lon="10.868886">
        <ele>84.401215</ele>
        <time>2025-04-26T14:01:10.545Z</time>
      </trkpt>
      <trkpt lat="45.918877" lon="10.868824">
        <ele>84.362759</ele>
        <time>2025-04-26T14:01:11.481Z</time>
      </trkpt>
      <trkpt lat="45.918891" lon="10.868524">
        <ele>84.159912</ele>
        <time>2025-04-26T14:01:16.038Z</time>
      </trkpt>
      <trkpt lat="45.918824" lon="10.867968">
        <ele>83.748035</ele>
        <time>2025-04-26T14:01:24.727Z</time>
      </trkpt>
      <trkpt lat="45.918738" lon="10.867467">
        <ele>83.371379</ele>
        <time>2025-04-26T14:01:32.739Z</time>
      </trkpt>
      <trkpt lat="45.918711" lon="10.867315">
        <ele>83.256872</ele>
        <time>2025-04-26T14:01:35.194Z</time>
      </trkpt>
      <trkpt lat="45.918702" lon="10.867264">
        <ele>83.218467</ele>
        <time>2025-04-26T14:01:36.023Z</time>
      </trkpt>
      <trkpt lat="45.918702" lon="10.867097">
        <ele>83.096571</ele>
        <time>2025-04-26T14:01:38.641Z</time>
      </trkpt>
      <trkpt lat="45.918709" lon="10.86708">
        <ele>83.082152</ele>
        <time>2025-04-26T14:01:38.953Z</time>
      </trkpt>
      <trkpt lat="45.918714" lon="10.867055">
        <ele>83.063165</ele>
        <time>2025-04-26T14:01:39.350Z</time>
      </trkpt>
      <trkpt lat="45.918694" lon="10.866988">
        <ele>83.009948</ele>
        <time>2025-04-26T14:01:40.502Z</time>
      </trkpt>
      <trkpt lat="45.918669" lon="10.866973">
        <ele>82.981524</ele>
        <time>2025-04-26T14:01:41.097Z</time>
      </trkpt>
      <trkpt lat="45.918608" lon="10.866869">
        <ele>82.882233</ele>
        <time>2025-04-26T14:01:43.215Z</time>
      </trkpt>
      <trkpt lat="45.918586" lon="10.866805">
        <ele>82.830126</ele>
        <time>2025-04-26T14:01:44.330Z</time>
      </trkpt>
      <trkpt lat="45.918485" lon="10.86653">
        <ele>82.603143</ele>
        <time>2025-04-26T14:01:49.186Z</time>
      </trkpt>
      <trkpt lat="45.918431" lon="10.866358">
        <ele>82.465404</ele>
        <time>2025-04-26T14:01:52.119Z</time>
      </trkpt>
      <trkpt lat="45.9184" lon="10.866233">
        <ele>82.371172</ele>
        <time>2025-04-26T14:01:54.180Z</time>
      </trkpt>
      <trkpt lat="45.918394" lon="10.866199">
        <ele>82.350672</ele>
        <time>2025-04-26T14:01:54.727Z</time>
      </trkpt>
      <trkpt lat="45.918367" lon="10.865729">
        <ele>82.075055</ele>
        <time>2025-04-26T14:02:02.039Z</time>
      </trkpt>
      <trkpt lat="45.918361" lon="10.865597">
        <ele>81.997746</ele>
        <time>2025-04-26T14:02:04.100Z</time>
      </trkpt>
      <trkpt lat="45.918341" lon="10.865092">
        <ele>81.702132</ele>
        <time>2025-04-26T14:02:11.866Z</time>
      </trkpt>
      <trkpt lat="45.918341" lon="10.864789">
        <ele>81.52505</ele>
        <time>2025-04-26T14:02:16.531Z</time>
      </trkpt>
      <trkpt lat="45.918341" lon="10.864714">
        <ele>81.481218</ele>
        <time>2025-04-26T14:02:17.698Z</time>
      </trkpt>
      <trkpt lat="45.918355" lon="10.863838">
        <ele>80.969124</ele>
        <time>2025-04-26T14:02:31.799Z</time>
      </trkpt>
      <trkpt lat="45.918415" lon="10.863477">
        <ele>81.017515</ele>
        <time>2025-04-26T14:02:38.056Z</time>
      </trkpt>
      <trkpt lat="45.918452" lon="10.863369">
        <ele>81.104634</ele>
        <time>2025-04-26T14:02:40.104Z</time>
      </trkpt>
      <trkpt lat="45.918717" lon="10.862844">
        <ele>81.574025</ele>
        <time>2025-04-26T14:02:51.752Z</time>
      </trkpt>
      <trkpt lat="45.918808" lon="10.862692">
        <ele>81.719144</ele>
        <time>2025-04-26T14:02:55.715Z</time>
      </trkpt>
      <trkpt lat="45.918854" lon="10.862562">
        <ele>81.82469</ele>
        <time>2025-04-26T14:02:58.726Z</time>
      </trkpt>
      <trkpt lat="45.918857" lon="10.862537">
        <ele>81.843048</ele>
        <time>2025-04-26T14:02:59.241Z</time>
      </trkpt>
      <trkpt lat="45.918858" lon="10.862463">
        <ele>81.896609</ele>
        <time>2025-04-26T14:03:00.805Z</time>
      </trkpt>
      <trkpt lat="45.918827" lon="10.862337">
        <ele>81.993324</ele>
        <time>2025-04-26T14:03:03.731Z</time>
      </trkpt>
      <trkpt lat="45.918611" lon="10.862056">
        <ele>82.296367</ele>
        <time>2025-04-26T14:03:13.446Z</time>
      </trkpt>
      <trkpt lat="45.918481" lon="10.861855">
        <ele>82.494973</ele>
        <time>2025-04-26T14:03:20.173Z</time>
      </trkpt>
      <trkpt lat="45.918535" lon="10.861766">
        <ele>82.580433</ele>
        <time>2025-04-26T14:03:23.158Z</time>
      </trkpt>
      <trkpt lat="45.918541" lon="10.861755">
        <ele>82.590548</ele>
        <time>2025-04-26T14:03:23.539Z</time>
      </trkpt>
      <trkpt lat="45.918797" lon="10.861312">
        <ele>84.053018</ele>
        <time>2025-04-26T14:03:38.946Z</time>
      </trkpt>
      <trkpt lat="45.91896" lon="10.861033">
        <ele>85.354807</ele>
        <time>2025-04-26T14:03:49.512Z</time>
      </trkpt>
      <trkpt lat="45.919329" lon="10.860383">
        <ele>88.352436</ele>
        <time>2025-04-26T14:04:17.647Z</time>
      </trkpt>
      <trkpt lat="45.919651" lon="10.859802">
        <ele>91.006604</ele>
        <time>2025-04-26T14:04:46.773Z</time>
      </trkpt>
      <trkpt lat="45.919907" lon="10.859291">
        <ele>94.301878</ele>
        <time>2025-04-26T14:05:13.754Z</time>
      </trkpt>
      <trkpt lat="45.920079" lon="10.858978">
        <ele>96.893788</ele>
        <time>2025-04-26T14:05:31.965Z</time>
      </trkpt>
      <trkpt lat="45.920217" lon="10.858659">
        <ele>99.334783</ele>
        <time>2025-04-26T14:05:49.817Z</time>
      </trkpt>
      <trkpt lat="45.920267" lon="10.858555">
        <ele>100.156264</ele>
        <time>2025-04-26T14:05:56.022Z</time>
      </trkpt>
      <trkpt lat="45.920398" lon="10.858343">
        <ele>101.998834</ele>
        <time>2025-04-26T14:06:10.704Z</time>
      </trkpt>
      <trkpt lat="45.920412" lon="10.858211">
        <ele>102.866486</ele>
        <time>2025-04-26T14:06:17.811Z</time>
      </trkpt>
      <trkpt lat="45.920426" lon="10.857765">
        <ele>105.767557</ele>
        <time>2025-04-26T14:06:41.902Z</time>
      </trkpt>
      <trkpt lat="45.920446" lon="10.857726">
        <ele>106.082396</ele>
        <time>2025-04-26T14:06:44.434Z</time>
      </trkpt>
      <trkpt lat="45.920633" lon="10.85724">
        <ele>109.76373</ele>
        <time>2025-04-26T14:07:12.077Z</time>
      </trkpt>
      <trkpt lat="45.920713" lon="10.856644">
        <ele>114.021604</ele>
        <time>2025-04-26T14:07:42.043Z</time>
      </trkpt>
      <trkpt lat="45.920805" lon="10.856548">
        <ele>115.167943</ele>
        <time>2025-04-26T14:07:50.089Z</time>
      </trkpt>
      <trkpt lat="45.920984" lon="10.856589">
        <ele>116.995677</ele>
        <time>2025-04-26T14:08:02.420Z</time>
      </trkpt>
      <trkpt lat="45.921398" lon="10.857305">
        <ele>123.526577</ele>
        <time>2025-04-26T14:08:46.774Z</time>
      </trkpt>
      <trkpt lat="45.921488" lon="10.857654">
        <ele>126.137471</ele>
        <time>2025-04-26T14:09:06.669Z</time>
      </trkpt>
      <trkpt lat="45.921583" lon="10.85785">
        <ele>128.010854</ele>
        <time>2025-04-26T14:09:20.961Z</time>
      </trkpt>
      <trkpt lat="45.921685" lon="10.857904">
        <ele>129.348838</ele>
        <time>2025-04-26T14:09:30.642Z</time>
      </trkpt>
      <trkpt lat="45.922022" lon="10.857953">
        <ele>133.518227</ele>
        <time>2025-04-26T14:09:59.435Z</time>
      </trkpt>
      <trkpt lat="45.922443" lon="10.857984">
        <ele>138.707223</ele>
        <time>2025-04-26T14:10:29.648Z</time>
      </trkpt>
      <trkpt lat="45.92253" lon="10.857984">
        <ele>139.778129</ele>
        <time>2025-04-26T14:10:37.371Z</time>
      </trkpt>
      <trkpt lat="45.922679" lon="10.85805">
        <ele>141.697304</ele>
        <time>2025-04-26T14:10:50.778Z</time>
      </trkpt>
      <trkpt lat="45.92291" lon="10.858251">
        <ele>145.021056</ele>
        <time>2025-04-26T14:11:15.000Z</time>
      </trkpt>
      <trkpt lat="45.923077" lon="10.858492">
        <ele>147.933805</ele>
        <time>2025-04-26T14:11:36.997Z</time>
      </trkpt>
      <trkpt lat="45.923228" lon="10.858708">
        <ele>150.958962</ele>
        <time>2025-04-26T14:11:57.073Z</time>
      </trkpt>
      <trkpt lat="45.923492" lon="10.858831">
        <ele>155.29379</ele>
        <time>2025-04-26T14:12:21.112Z</time>
      </trkpt>
      <trkpt lat="45.923592" lon="10.85895">
        <ele>157.321514</ele>
        <time>2025-04-26T14:12:31.473Z</time>
      </trkpt>
      <trkpt lat="45.923811" lon="10.859537">
        <ele>164.558984</ele>
        <time>2025-04-26T14:13:12.962Z</time>
      </trkpt>
      <trkpt lat="45.923949" lon="10.859744">
        <ele>167.674279</ele>
        <time>2025-04-26T14:13:35.390Z</time>
      </trkpt>
      <trkpt lat="45.924094" lon="10.859827">
        <ele>170.112112</ele>
        <time>2025-04-26T14:13:53.223Z</time>
      </trkpt>
      <trkpt lat="45.924385" lon="10.859844">
        <ele>174.661266</ele>
        <time>2025-04-26T14:14:24.241Z</time>
      </trkpt>
      <trkpt lat="45.924555" lon="10.859901">
        <ele>177.444413</ele>
        <time>2025-04-26T14:14:42.841Z</time>
      </trkpt>
      <trkpt lat="45.925328" lon="10.86046">
        <ele>194.19779</ele>
        <time>2025-04-26T14:16:20.148Z</time>
      </trkpt>
      <trkpt lat="45.925645" lon="10.860711">
        <ele>201.204759</ele>
        <time>2025-04-26T14:17:02.002Z</time>
      </trkpt>
      <trkpt lat="45.925947" lon="10.86099">
        <ele>208.15519</ele>
        <time>2025-04-26T14:17:46.229Z</time>
      </trkpt>
      <trkpt lat="45.926475" lon="10.861401">
        <ele>219.468276</ele>
        <time>2025-04-26T14:19:01.402Z</time>
      </trkpt>
      <trkpt lat="45.926882" lon="10.861842">
        <ele>228.941218</ele>
        <time>2025-04-26T14:20:03.385Z</time>
      </trkpt>
      <trkpt lat="45.927169" lon="10.862245">
        <ele>236.39801</ele>
        <time>2025-04-26T14:20:47.498Z</time>
      </trkpt>
      <trkpt lat="45.927687" lon="10.863037">
        <ele>248.806175</ele>
        <time>2025-04-26T14:22:01.841Z</time>
      </trkpt>
      <trkpt lat="45.92806" lon="10.863579">
        <ele>255.445477</ele>
        <time>2025-04-26T14:22:48.632Z</time>
      </trkpt>
      <trkpt lat="45.928083" lon="10.863625">
        <ele>255.938788</ele>
        <time>2025-04-26T14:22:52.123Z</time>
      </trkpt>
      <trkpt lat="45.928224" lon="10.863919">
        <ele>259.04844</ele>
        <time>2025-04-26T14:23:13.737Z</time>
      </trkpt>
      <trkpt lat="45.928525" lon="10.864231">
        <ele>263.69395</ele>
        <time>2025-04-26T14:23:43.976Z</time>
      </trkpt>
      <trkpt lat="45.92881" lon="10.864672">
        <ele>268.584737</ele>
        <time>2025-04-26T14:24:13.999Z</time>
      </trkpt>
      <trkpt lat="45.928884" lon="10.864803">
        <ele>269.5436</ele>
        <time>2025-04-26T14:24:21.285Z</time>
      </trkpt>
      <trkpt lat="45.928904" lon="10.864967">
        <ele>270.489631</ele>
        <time>2025-04-26T14:24:28.106Z</time>
      </trkpt>
      <trkpt lat="45.928875" lon="10.865091">
        <ele>271.232936</ele>
        <time>2025-04-26T14:24:33.307Z</time>
      </trkpt>
      <trkpt lat="45.928767" lon="10.865278">
        <ele>272.613963</ele>
        <time>2025-04-26T14:24:42.902Z</time>
      </trkpt>
      <trkpt lat="45.928665" lon="10.865387">
        <ele>273.652138</ele>
        <time>2025-04-26T14:24:50.235Z</time>
      </trkpt>
      <trkpt lat="45.928505" lon="10.865466">
        <ele>275.034075</ele>
        <time>2025-04-26T14:25:00.025Z</time>
      </trkpt>
      <trkpt lat="45.928205" lon="10.8656">
        <ele>277.600262</ele>
        <time>2025-04-26T14:25:18.084Z</time>
      </trkpt>
      <trkpt lat="45.927951" lon="10.865747">
        <ele>279.836939</ele>
        <time>2025-04-26T14:25:34.371Z</time>
      </trkpt>
      <trkpt lat="45.927859" lon="10.865834">
        <ele>280.73647</ele>
        <time>2025-04-26T14:25:41.245Z</time>
      </trkpt>
      <trkpt lat="45.927957" lon="10.865982">
        <ele>281.897512</ele>
        <time>2025-04-26T14:25:50.884Z</time>
      </trkpt>
      <trkpt lat="45.928055" lon="10.866044">
        <ele>282.81692</ele>
        <time>2025-04-26T14:25:58.349Z</time>
      </trkpt>
      <trkpt lat="45.928346" lon="10.866057">
        <ele>285.887819</ele>
        <time>2025-04-26T14:26:19.668Z</time>
      </trkpt>
      <trkpt lat="45.929051" lon="10.866377">
        <ele>293.685836</ele>
        <time>2025-04-26T14:27:20.599Z</time>
      </trkpt>
      <trkpt lat="45.929371" lon="10.866508">
        <ele>297.195303</ele>
        <time>2025-04-26T14:27:45.462Z</time>
      </trkpt>
      <trkpt lat="45.929726" lon="10.866724">
        <ele>301.261299</ele>
        <time>2025-04-26T14:28:13.140Z</time>
      </trkpt>
      <trkpt lat="45.930164" lon="10.866837">
        <ele>306.865166</ele>
        <time>2025-04-26T14:28:47.197Z</time>
      </trkpt>
      <trkpt lat="45.930004" lon="10.866865">
        <ele>308.919765</ele>
        <time>2025-04-26T14:29:02.924Z</time>
      </trkpt>
      <trkpt lat="45.929942" lon="10.866929">
        <ele>309.892694</ele>
        <time>2025-04-26T14:29:10.470Z</time>
      </trkpt>
      <trkpt lat="45.930121" lon="10.866983">
        <ele>312.224125</ele>
        <time>2025-04-26T14:29:25.330Z</time>
      </trkpt>
      <trkpt lat="45.93047" lon="10.867157">
        <ele>316.932774</ele>
        <time>2025-04-26T14:29:57.272Z</time>
      </trkpt>
      <trkpt lat="45.930758" lon="10.867454">
        <ele>321.450669</ele>
        <time>2025-04-26T14:30:31.227Z</time>
      </trkpt>
      <trkpt lat="45.930948" lon="10.867771">
        <ele>325.122966</ele>
        <time>2025-04-26T14:31:01.893Z</time>
      </trkpt>
      <trkpt lat="45.931666" lon="10.869374">
        <ele>341.033131</ele>
        <time>2025-04-26T14:32:59.016Z</time>
      </trkpt>
      <trkpt lat="45.931778" lon="10.869548">
        <ele>343.011456</ele>
        <time>2025-04-26T14:33:09.935Z</time>
      </trkpt>
      <trkpt lat="45.932022" lon="10.869828">
        <ele>346.403435</ele>
        <time>2025-04-26T14:33:28.771Z</time>
      </trkpt>
      <trkpt lat="45.932204" lon="10.87005">
        <ele>347.732604</ele>
        <time>2025-04-26T14:33:41.482Z</time>
      </trkpt>
      <trkpt lat="45.932391" lon="10.870278">
        <ele>349.098039</ele>
        <time>2025-04-26T14:33:53.511Z</time>
      </trkpt>
      <trkpt lat="45.93248" lon="10.870379">
        <ele>349.729466</ele>
        <time>2025-04-26T14:33:58.656Z</time>
      </trkpt>
      <trkpt lat="45.93266" lon="10.870546">
        <ele>350.922466</ele>
        <time>2025-04-26T14:34:07.802Z</time>
      </trkpt>
      <trkpt lat="45.932908" lon="10.87065">
        <ele>352.361127</ele>
        <time>2025-04-26T14:34:19.266Z</time>
      </trkpt>
      <trkpt lat="45.932982" lon="10.870665">
        <ele>352.77731</ele>
        <time>2025-04-26T14:34:22.567Z</time>
      </trkpt>
      <trkpt lat="45.933888" lon="10.870924">
        <ele>358.818515</ele>
        <time>2025-04-26T14:35:09.761Z</time>
      </trkpt>
      <trkpt lat="45.934265" lon="10.871014">
        <ele>362.002717</ele>
        <time>2025-04-26T14:35:33.725Z</time>
      </trkpt>
      <trkpt lat="45.934898" lon="10.871523">
        <ele>368.045665</ele>
        <time>2025-04-26T14:36:22.086Z</time>
      </trkpt>
      <trkpt lat="45.935115" lon="10.871828">
        <ele>370.574065</ele>
        <time>2025-04-26T14:36:43.742Z</time>
      </trkpt>
      <trkpt lat="45.935268" lon="10.872095">
        <ele>373.282565</ele>
        <time>2025-04-26T14:37:01.734Z</time>
      </trkpt>
      <trkpt lat="45.935374" lon="10.872526">
        <ele>377.192645</ele>
        <time>2025-04-26T14:37:27.987Z</time>
      </trkpt>
      <trkpt lat="45.935434" lon="10.873116">
        <ele>382.292606</ele>
        <time>2025-04-26T14:38:02.227Z</time>
      </trkpt>
      <trkpt lat="45.935597" lon="10.873352">
        <ele>385.137405</ele>
        <time>2025-04-26T14:38:21.574Z</time>
      </trkpt>
      <trkpt lat="45.935949" lon="10.873673">
        <ele>390.263603</ele>
        <time>2025-04-26T14:38:57.952Z</time>
      </trkpt>
      <trkpt lat="45.936135" lon="10.873748">
        <ele>392.639317</ele>
        <time>2025-04-26T14:39:15.364Z</time>
      </trkpt>
      <trkpt lat="45.936153" lon="10.873749">
        <ele>392.860851</ele>
        <time>2025-04-26T14:39:16.999Z</time>
      </trkpt>
      <trkpt lat="45.936246" lon="10.873748">
        <ele>394.018762</ele>
        <time>2025-04-26T14:39:25.569Z</time>
      </trkpt>
      <trkpt lat="45.936345" lon="10.873697">
        <ele>395.335393</ele>
        <time>2025-04-26T14:39:35.194Z</time>
      </trkpt>
      <trkpt lat="45.936564" lon="10.873445">
        <ele>398.847155</ele>
        <time>2025-04-26T14:40:00.853Z</time>
      </trkpt>
      <trkpt lat="45.937252" lon="10.872967">
        <ele>408.413736</ele>
        <time>2025-04-26T14:41:06.812Z</time>
      </trkpt>
      <trkpt lat="45.937319" lon="10.872838">
        <ele>409.815608</ele>
        <time>2025-04-26T14:41:16.484Z</time>
      </trkpt>
      <trkpt lat="45.937348" lon="10.872495">
        <ele>412.824099</ele>
        <time>2025-04-26T14:41:36.722Z</time>
      </trkpt>
      <trkpt lat="45.937385" lon="10.872419">
        <ele>413.631862</ele>
        <time>2025-04-26T14:41:41.711Z</time>
      </trkpt>
      <trkpt lat="45.93742" lon="10.872404">
        <ele>414.089113</ele>
        <time>2025-04-26T14:41:44.493Z</time>
      </trkpt>
      <trkpt lat="45.937524" lon="10.87242">
        <ele>415.398629</ele>
        <time>2025-04-26T14:41:52.461Z</time>
      </trkpt>
      <trkpt lat="45.937689" lon="10.872604">
        <ele>416.873402</ele>
        <time>2025-04-26T14:42:07.576Z</time>
      </trkpt>
      <trkpt lat="45.937808" lon="10.872878">
        <ele>418.276271</ele>
        <time>2025-04-26T14:42:22.887Z</time>
      </trkpt>
      <trkpt lat="45.937859" lon="10.873214">
        <ele>419.769761</ele>
        <time>2025-04-26T14:42:37.750Z</time>
      </trkpt>
      <trkpt lat="45.937907" lon="10.87321">
        <ele>420.07</ele>
        <time>2025-04-26T14:42:40.806Z</time>
      </trkpt>
      <trkpt lat="45.937942" lon="10.873094">
        <ele>420.619119</ele>
        <time>2025-04-26T14:42:45.661Z</time>
      </trkpt>
      <trkpt lat="45.937951" lon="10.872643">
        <ele>422.578468</ele>
        <time>2025-04-26T14:43:02.410Z</time>
      </trkpt>
      <trkpt lat="45.937909" lon="10.872352">
        <ele>423.869113</ele>
        <time>2025-04-26T14:43:12.371Z</time>
      </trkpt>
      <trkpt lat="45.937839" lon="10.872188">
        <ele>424.704755</ele>
        <time>2025-04-26T14:43:18.086Z</time>
      </trkpt>
      <trkpt lat="45.937306" lon="10.871439">
        <ele>428.816908</ele>
        <time>2025-04-26T14:43:43.570Z</time>
      </trkpt>
      <trkpt lat="45.936917" lon="10.871064">
        <ele>431.077903</ele>
        <time>2025-04-26T14:44:03.824Z</time>
      </trkpt>
      <trkpt lat="45.936749" lon="10.870653">
        <ele>432.678533</ele>
        <time>2025-04-26T14:44:19.924Z</time>
      </trkpt>
      <trkpt lat="45.936608" lon="10.870428">
        <ele>433.695418</ele>
        <time>2025-04-26T14:44:30.657Z</time>
      </trkpt>
      <trkpt lat="45.936601" lon="10.870335">
        <ele>434.009489</ele>
        <time>2025-04-26T14:44:34.041Z</time>
      </trkpt>
      <trkpt lat="45.936656" lon="10.870322">
        <ele>434.27858</ele>
        <time>2025-04-26T14:44:37.350Z</time>
      </trkpt>
      <trkpt lat="45.936695" lon="10.870355">
        <ele>434.497044</ele>
        <time>2025-04-26T14:44:39.740Z</time>
      </trkpt>
      <trkpt lat="45.936963" lon="10.870714">
        <ele>437.139766</ele>
        <time>2025-04-26T14:45:01.783Z</time>
      </trkpt>
      <trkpt lat="45.937089" lon="10.870829">
        <ele>438.891937</ele>
        <time>2025-04-26T14:45:11.537Z</time>
      </trkpt>
      <trkpt lat="45.937517" lon="10.871092">
        <ele>444.356568</ele>
        <time>2025-04-26T14:45:45.712Z</time>
      </trkpt>
      <trkpt lat="45.938003" lon="10.87154">
        <ele>451.134363</ele>
        <time>2025-04-26T14:46:33.263Z</time>
      </trkpt>
      <trkpt lat="45.938474" lon="10.871802">
        <ele>457.153799</ele>
        <time>2025-04-26T14:47:21.936Z</time>
      </trkpt>
      <trkpt lat="45.93863" lon="10.871933">
        <ele>459.931027</ele>
        <time>2025-04-26T14:47:40.626Z</time>
      </trkpt>
      <trkpt lat="45.938841" lon="10.872207">
        <ele>464.301727</ele>
        <time>2025-04-26T14:48:10.202Z</time>
      </trkpt>
      <trkpt lat="45.939373" lon="10.872592">
        <ele>473.457648</ele>
        <time>2025-04-26T14:49:10.786Z</time>
      </trkpt>
      <trkpt lat="45.939448" lon="10.872784">
        <ele>475.811956</ele>
        <time>2025-04-26T14:49:25.970Z</time>
      </trkpt>
      <trkpt lat="45.939448" lon="10.872847">
        <ele>476.48548</ele>
        <time>2025-04-26T14:49:30.284Z</time>
      </trkpt>
      <trkpt lat="45.939391" lon="10.873043">
        <ele>478.756738</ele>
        <time>2025-04-26T14:49:44.615Z</time>
      </trkpt>
      <trkpt lat="45.939239" lon="10.873264">
        <ele>482.079786</ele>
        <time>2025-04-26T14:50:05.310Z</time>
      </trkpt>
      <trkpt lat="45.938937" lon="10.873525">
        <ele>486.793224</ele>
        <time>2025-04-26T14:50:37.771Z</time>
      </trkpt>
      <trkpt lat="45.938925" lon="10.873572">
        <ele>487.206009</ele>
        <time>2025-04-26T14:50:40.788Z</time>
      </trkpt>
      <trkpt lat="45.938942" lon="10.873598">
        <ele>487.500235</ele>
        <time>2025-04-26T14:50:42.871Z</time>
      </trkpt>
      <trkpt lat="45.938982" lon="10.873601">
        <ele>487.975097</ele>
        <time>2025-04-26T14:50:46.333Z</time>
      </trkpt>
      <trkpt lat="45.939373" lon="10.873381">
        <ele>492.952797</ele>
        <time>2025-04-26T14:51:19.943Z</time>
      </trkpt>
      <trkpt lat="45.939772" lon="10.873322">
        <ele>497.708061</ele>
        <time>2025-04-26T14:51:49.712Z</time>
      </trkpt>
      <trkpt lat="45.940057" lon="10.873371">
        <ele>501.110925</ele>
        <time>2025-04-26T14:52:11.145Z</time>
      </trkpt>
      <trkpt lat="45.940098" lon="10.873325">
        <ele>501.72744</ele>
        <time>2025-04-26T14:52:15.091Z</time>
      </trkpt>
      <trkpt lat="45.94012" lon="10.873135">
        <ele>503.31544</ele>
        <time>2025-04-26T14:52:25.549Z</time>
      </trkpt>
      <trkpt lat="45.939946" lon="10.872661">
        <ele>507.717007</ele>
        <time>2025-04-26T14:52:55.633Z</time>
      </trkpt>
      <trkpt lat="45.939944" lon="10.872616">
        <ele>508.085522</ele>
        <time>2025-04-26T14:52:58.235Z</time>
      </trkpt>
      <trkpt lat="45.939981" lon="10.872574">
        <ele>508.639502</ele>
        <time>2025-04-26T14:53:02.096Z</time>
      </trkpt>
      <trkpt lat="45.940029" lon="10.872587">
        <ele>509.213521</ele>
        <time>2025-04-26T14:53:06.070Z</time>
      </trkpt>
      <trkpt lat="45.940301" lon="10.87304">
        <ele>514.10474</ele>
        <time>2025-04-26T14:53:39.610Z</time>
      </trkpt>
      <trkpt lat="45.940884" lon="10.873392">
        <ele>521.535634</ele>
        <time>2025-04-26T14:54:30.712Z</time>
      </trkpt>
      <trkpt lat="45.940941" lon="10.87358">
        <ele>523.211729</ele>
        <time>2025-04-26T14:54:42.516Z</time>
      </trkpt>
      <trkpt lat="45.940943" lon="10.873706">
        <ele>524.241721</ele>
        <time>2025-04-26T14:54:49.776Z</time>
      </trkpt>
      <trkpt lat="45.940895" lon="10.873824">
        <ele>525.358936</ele>
        <time>2025-04-26T14:54:57.693Z</time>
      </trkpt>
      <trkpt lat="45.94049" lon="10.874189">
        <ele>530.574409</ele>
        <time>2025-04-26T14:55:36.737Z</time>
      </trkpt>
      <trkpt lat="45.940319" lon="10.874488">
        <ele>533.427635</ele>
        <time>2025-04-26T14:55:57.180Z</time>
      </trkpt>
      <trkpt lat="45.940111" lon="10.87462">
        <ele>535.83725</ele>
        <time>2025-04-26T14:56:13.451Z</time>
      </trkpt>
      <trkpt lat="45.940104" lon="10.874737">
        <ele>536.70276</ele>
        <time>2025-04-26T14:56:19.212Z</time>
      </trkpt>
      <trkpt lat="45.940137" lon="10.874788">
        <ele>537.216194</ele>
        <time>2025-04-26T14:56:22.607Z</time>
      </trkpt>
      <trkpt lat="45.940189" lon="10.874795">
        <ele>537.769725</ele>
        <time>2025-04-26T14:56:26.247Z</time>
      </trkpt>
      <trkpt lat="45.940488" lon="10.874674">
        <ele>541.061767</ele>
        <time>2025-04-26T14:56:48.416Z</time>
      </trkpt>
      <trkpt lat="45.940807" lon="10.87461">
        <ele>544.47543</ele>
        <time>2025-04-26T14:57:12.310Z</time>
      </trkpt>
      <trkpt lat="45.941193" lon="10.874442">
        <ele>548.85114</ele>
        <time>2025-04-26T14:57:42.341Z</time>
      </trkpt>
      <trkpt lat="45.941318" lon="10.874323">
        <ele>550.497462</ele>
        <time>2025-04-26T14:57:53.391Z</time>
      </trkpt>
      <trkpt lat="45.941358" lon="10.874339">
        <ele>550.953424</ele>
        <time>2025-04-26T14:57:56.493Z</time>
      </trkpt>
      <trkpt lat="45.941366" lon="10.874446">
        <ele>551.77528</ele>
        <time>2025-04-26T14:58:02.154Z</time>
      </trkpt>
      <trkpt lat="45.940981" lon="10.87487">
        <ele>557.100865</ele>
        <time>2025-04-26T14:58:39.061Z</time>
      </trkpt>
      <trkpt lat="45.940935" lon="10.875004">
        <ele>558.242113</ele>
        <time>2025-04-26T14:58:47.485Z</time>
      </trkpt>
      <trkpt lat="45.940958" lon="10.875382">
        <ele>561.139907</ele>
        <time>2025-04-26T14:59:09.310Z</time>
      </trkpt>
      <trkpt lat="45.940936" lon="10.875524">
        <ele>562.250941</ele>
        <time>2025-04-26T14:59:17.825Z</time>
      </trkpt>
      <trkpt lat="45.940854" lon="10.875673">
        <ele>563.702073</ele>
        <time>2025-04-26T14:59:29.424Z</time>
      </trkpt>
      <trkpt lat="45.940828" lon="10.875831">
        <ele>564.942036</ele>
        <time>2025-04-26T14:59:38.708Z</time>
      </trkpt>
      <trkpt lat="45.94085" lon="10.875863">
        <ele>565.285688</ele>
        <time>2025-04-26T14:59:41.231Z</time>
      </trkpt>
      <trkpt lat="45.940921" lon="10.87585">
        <ele>565.902291</ele>
        <time>2025-04-26T14:59:46.845Z</time>
      </trkpt>
      <trkpt lat="45.941054" lon="10.875713">
        <ele>566.879193</ele>
        <time>2025-04-26T14:59:59.273Z</time>
      </trkpt>
      <trkpt lat="45.941121" lon="10.875706">
        <ele>567.280321</ele>
        <time>2025-04-26T15:00:04.213Z</time>
      </trkpt>
      <trkpt lat="45.941269" lon="10.875771">
        <ele>568.204362</ele>
        <time>2025-04-26T15:00:15.028Z</time>
      </trkpt>
      <trkpt lat="45.941427" lon="10.875762">
        <ele>569.148558</ele>
        <time>2025-04-26T15:00:25.256Z</time>
      </trkpt>
      <trkpt lat="45.941649" lon="10.875565">
        <ele>570.70625</ele>
        <time>2025-04-26T15:00:40.073Z</time>
      </trkpt>
      <trkpt lat="45.941745" lon="10.875545">
        <ele>571.285474</ele>
        <time>2025-04-26T15:00:44.877Z</time>
      </trkpt>
      <trkpt lat="45.941769" lon="10.875637">
        <ele>571.693485</ele>
        <time>2025-04-26T15:00:48.180Z</time>
      </trkpt>
      <trkpt lat="45.941759" lon="10.875699">
        <ele>571.957765</ele>
        <time>2025-04-26T15:00:50.212Z</time>
      </trkpt>
      <trkpt lat="45.941432" lon="10.876118">
        <ele>574.573039</ele>
        <time>2025-04-26T15:01:07.619Z</time>
      </trkpt>
      <trkpt lat="45.941077" lon="10.876655">
        <ele>577.543502</ele>
        <time>2025-04-26T15:01:24.656Z</time>
      </trkpt>
      <trkpt lat="45.941027" lon="10.876815">
        <ele>578.207932</ele>
        <time>2025-04-26T15:01:28.660Z</time>
      </trkpt>
      <trkpt lat="45.941086" lon="10.876996">
        <ele>578.965108</ele>
        <time>2025-04-26T15:01:33.365Z</time>
      </trkpt>
      <trkpt lat="45.94124" lon="10.877188">
        <ele>580.075306</ele>
        <time>2025-04-26T15:01:41.418Z</time>
      </trkpt>
      <trkpt lat="45.941387" lon="10.877317">
        <ele>581.013324</ele>
        <time>2025-04-26T15:01:49.472Z</time>
      </trkpt>
      <trkpt lat="45.941641" lon="10.877644">
        <ele>582.870277</ele>
        <time>2025-04-26T15:02:08.032Z</time>
      </trkpt>
      <trkpt lat="45.941926" lon="10.878146">
        <ele>585.324947</ele>
        <time>2025-04-26T15:02:37.682Z</time>
      </trkpt>
      <trkpt lat="45.942098" lon="10.878251">
        <ele>586.387455</ele>
        <time>2025-04-26T15:02:50.746Z</time>
      </trkpt>
      <trkpt lat="45.942205" lon="10.878354">
        <ele>587.387213</ele>
        <time>2025-04-26T15:02:59.776Z</time>
      </trkpt>
      <trkpt lat="45.942635" lon="10.879027">
        <ele>592.321904</ele>
        <time>2025-04-26T15:03:41.814Z</time>
      </trkpt>
      <trkpt lat="45.942987" lon="10.879437">
        <ele>595.839054</ele>
        <time>2025-04-26T15:04:09.072Z</time>
      </trkpt>
      <trkpt lat="45.943329" lon="10.879716">
        <ele>598.892034</ele>
        <time>2025-04-26T15:04:31.742Z</time>
      </trkpt>
      <trkpt lat="45.943541" lon="10.880059">
        <ele>601.00987</ele>
        <time>2025-04-26T15:04:49.760Z</time>
      </trkpt>
      <trkpt lat="45.944046" lon="10.880539">
        <ele>604.259874</ele>
        <time>2025-04-26T15:05:24.961Z</time>
      </trkpt>
      <trkpt lat="45.944325" lon="10.880783">
        <ele>606.013043</ele>
        <time>2025-04-26T15:05:41.746Z</time>
      </trkpt>
      <trkpt lat="45.944639" lon="10.880833">
        <ele>607.709192</ele>
        <time>2025-04-26T15:05:56.883Z</time>
      </trkpt>
      <trkpt lat="45.944749" lon="10.8809">
        <ele>608.35056</ele>
        <time>2025-04-26T15:06:02.206Z</time>
      </trkpt>
      <trkpt lat="45.945588" lon="10.88169">
        <ele>612.62004</ele>
        <time>2025-04-26T15:06:42.019Z</time>
      </trkpt>
      <trkpt lat="45.945857" lon="10.882094">
        <ele>614.1075</ele>
        <time>2025-04-26T15:06:55.892Z</time>
      </trkpt>
      <trkpt lat="45.946319" lon="10.882672">
        <ele>616.449353</ele>
        <time>2025-04-26T15:07:23.927Z</time>
      </trkpt>
      <trkpt lat="45.946498" lon="10.882866">
        <ele>617.934597</ele>
        <time>2025-04-26T15:07:36.265Z</time>
      </trkpt>
      <trkpt lat="45.946595" lon="10.882976">
        <ele>618.929581</ele>
        <time>2025-04-26T15:07:43.396Z</time>
      </trkpt>
      <trkpt lat="45.946846" lon="10.883364">
        <ele>621.89768</ele>
        <time>2025-04-26T15:08:06.010Z</time>
      </trkpt>
      <trkpt lat="45.947674" lon="10.884277">
        <ele>630.301625</ele>
        <time>2025-04-26T15:09:17.973Z</time>
      </trkpt>
      <trkpt lat="45.948611" lon="10.884889">
        <ele>636.64225</ele>
        <time>2025-04-26T15:10:24.900Z</time>
      </trkpt>
      <trkpt lat="45.948809" lon="10.885071">
        <ele>638.034201</ele>
        <time>2025-04-26T15:10:37.084Z</time>
      </trkpt>
      <trkpt lat="45.948935" lon="10.885205">
        <ele>638.962462</ele>
        <time>2025-04-26T15:10:44.361Z</time>
      </trkpt>
      <trkpt lat="45.948999" lon="10.88532">
        <ele>639.569146</ele>
        <time>2025-04-26T15:10:48.692Z</time>
      </trkpt>
      <trkpt lat="45.949085" lon="10.885668">
        <ele>641.09028</ele>
        <time>2025-04-26T15:10:58.451Z</time>
      </trkpt>
      <trkpt lat="45.949151" lon="10.885777">
        <ele>641.685586</ele>
        <time>2025-04-26T15:11:01.815Z</time>
      </trkpt>
      <trkpt lat="45.94927" lon="10.885946">
        <ele>642.154652</ele>
        <time>2025-04-26T15:11:09.645Z</time>
      </trkpt>
      <trkpt lat="45.949994" lon="10.887365">
        <ele>644.650528</ele>
        <time>2025-04-26T15:12:08.432Z</time>
      </trkpt>
      <trkpt lat="45.950131" lon="10.887472">
        <ele>644.968481</ele>
        <time>2025-04-26T15:12:17.520Z</time>
      </trkpt>
      <trkpt lat="45.950291" lon="10.887511">
        <ele>645.299456</ele>
        <time>2025-04-26T15:12:26.565Z</time>
      </trkpt>
      <trkpt lat="45.950476" lon="10.887558">
        <ele>645.792108</ele>
        <time>2025-04-26T15:12:38.061Z</time>
      </trkpt>
      <trkpt lat="45.950425" lon="10.887723">
        <ele>646.258219</ele>
        <time>2025-04-26T15:12:45.206Z</time>
      </trkpt>
      <trkpt lat="45.950591" lon="10.887639">
        <ele>646.91155</ele>
        <time>2025-04-26T15:12:54.024Z</time>
      </trkpt>
      <trkpt lat="45.950646" lon="10.887495">
        <ele>647.335655</ele>
        <time>2025-04-26T15:12:59.267Z</time>
      </trkpt>
      <trkpt lat="45.950659" lon="10.887345">
        <ele>647.72585</ele>
        <time>2025-04-26T15:13:04.781Z</time>
      </trkpt>
      <trkpt lat="45.95068" lon="10.887289">
        <ele>647.89009</ele>
        <time>2025-04-26T15:13:06.866Z</time>
      </trkpt>
      <trkpt lat="45.950704" lon="10.887286">
        <ele>647.979529</ele>
        <time>2025-04-26T15:13:08.076Z</time>
      </trkpt>
      <trkpt lat="45.950747" lon="10.887362">
        <ele>648.232458</ele>
        <time>2025-04-26T15:13:11.946Z</time>
      </trkpt>
      <trkpt lat="45.950808" lon="10.887738">
        <ele>649.229106</ele>
        <time>2025-04-26T15:13:26.553Z</time>
      </trkpt>
      <trkpt lat="45.950796" lon="10.887883">
        <ele>649.606039</ele>
        <time>2025-04-26T15:13:31.306Z</time>
      </trkpt>
      <trkpt lat="45.950735" lon="10.88809">
        <ele>650.186385</ele>
        <time>2025-04-26T15:13:38.114Z</time>
      </trkpt>
      <trkpt lat="45.950742" lon="10.888137">
        <ele>650.310459</ele>
        <time>2025-04-26T15:13:39.685Z</time>
      </trkpt>
      <trkpt lat="45.950778" lon="10.888159">
        <ele>650.455679</ele>
        <time>2025-04-26T15:13:42.068Z</time>
      </trkpt>
      <trkpt lat="45.950846" lon="10.888138">
        <ele>650.713893</ele>
        <time>2025-04-26T15:13:46.315Z</time>
      </trkpt>
      <trkpt lat="45.950971" lon="10.887929">
        <ele>651.425529</ele>
        <time>2025-04-26T15:13:53.274Z</time>
      </trkpt>
      <trkpt lat="45.95099" lon="10.887785">
        <ele>651.803872</ele>
        <time>2025-04-26T15:13:55.521Z</time>
      </trkpt>
      <trkpt lat="45.950958" lon="10.887505">
        <ele>653.171323</ele>
        <time>2025-04-26T15:13:59.528Z</time>
      </trkpt>
      <trkpt lat="45.950965" lon="10.887457">
        <ele>653.557683</ele>
        <time>2025-04-26T15:14:00.231Z</time>
      </trkpt>
      <trkpt lat="45.951002" lon="10.887448">
        <ele>653.982861</ele>
        <time>2025-04-26T15:14:01.224Z</time>
      </trkpt>
      <trkpt lat="45.951238" lon="10.888121">
        <ele>659.92072</ele>
        <time>2025-04-26T15:14:19.265Z</time>
      </trkpt>
      <trkpt lat="45.951458" lon="10.88826">
        <ele>662.643315</ele>
        <time>2025-04-26T15:14:31.918Z</time>
      </trkpt>
      <trkpt lat="45.951698" lon="10.888458">
        <ele>665.778195</ele>
        <time>2025-04-26T15:14:55.213Z</time>
      </trkpt>
      <trkpt lat="45.951963" lon="10.888756">
        <ele>669.589526</ele>
        <time>2025-04-26T15:15:35.247Z</time>
      </trkpt>
      <trkpt lat="45.952242" lon="10.88892">
        <ele>673.299965</ele>
        <time>2025-04-26T15:16:15.123Z</time>
      </trkpt>
      <trkpt lat="45.952468" lon="10.888917">
        <ele>677.760335</ele>
        <time>2025-04-26T15:16:45.079Z</time>
      </trkpt>
      <trkpt lat="45.952802" lon="10.88878">
        <ele>684.614727</ele>
        <time>2025-04-26T15:17:31.511Z</time>
      </trkpt>
      <trkpt lat="45.952815" lon="10.888773">
        <ele>684.888675</ele>
        <time>2025-04-26T15:17:33.275Z</time>
      </trkpt>
      <trkpt lat="45.953186" lon="10.88858">
        <ele>692.67465</ele>
        <time>2025-04-26T15:18:25.808Z</time>
      </trkpt>
      <trkpt lat="45.95346" lon="10.888283">
        <ele>699.445705</ele>
        <time>2025-04-26T15:19:10.092Z</time>
      </trkpt>
      <trkpt lat="45.953533" lon="10.888249">
        <ele>700.960031</ele>
        <time>2025-04-26T15:19:18.094Z</time>
      </trkpt>
      <trkpt lat="45.954169" lon="10.888157">
        <ele>708.503099</ele>
        <time>2025-04-26T15:19:48.713Z</time>
      </trkpt>
      <trkpt lat="45.954278" lon="10.888178">
        <ele>708.661788</ele>
        <time>2025-04-26T15:19:50.767Z</time>
      </trkpt>
      <trkpt lat="45.954538" lon="10.888444">
        <ele>709.122184</ele>
        <time>2025-04-26T15:19:56.502Z</time>
      </trkpt>
      <trkpt lat="45.95465" lon="10.888653">
        <ele>709.386909</ele>
        <time>2025-04-26T15:19:59.770Z</time>
      </trkpt>
      <trkpt lat="45.954717" lon="10.888727">
        <ele>709.508802</ele>
        <time>2025-04-26T15:20:01.324Z</time>
      </trkpt>
      <trkpt lat="45.954851" lon="10.888776">
        <ele>709.708311</ele>
        <time>2025-04-26T15:20:03.975Z</time>
      </trkpt>
      <trkpt lat="45.955107" lon="10.888695">
        <ele>710.086544</ele>
        <time>2025-04-26T15:20:09.865Z</time>
      </trkpt>
      <trkpt lat="45.955435" lon="10.888803">
        <ele>710.572081</ele>
        <time>2025-04-26T15:20:21.937Z</time>
      </trkpt>
      <trkpt lat="45.955587" lon="10.888779">
        <ele>711.423417</ele>
        <time>2025-04-26T15:20:29.654Z</time>
      </trkpt>
      <trkpt lat="45.955894" lon="10.888606">
        <ele>715.08022</ele>
        <time>2025-04-26T15:20:49.727Z</time>
      </trkpt>
      <trkpt lat="45.956178" lon="10.888568">
        <ele>718.24357</ele>
        <time>2025-04-26T15:21:10.504Z</time>
      </trkpt>
      <trkpt lat="45.956563" lon="10.888369">
        <ele>722.780791</ele>
        <time>2025-04-26T15:21:43.050Z</time>
      </trkpt>
      <trkpt lat="45.957382" lon="10.88835">
        <ele>732.500992</ele>
        <time>2025-04-26T15:22:57.555Z</time>
      </trkpt>
      <trkpt lat="45.957553" lon="10.888291">
        <ele>735.468726</ele>
        <time>2025-04-26T15:23:16.725Z</time>
      </trkpt>
      <trkpt lat="45.957723" lon="10.888172">
        <ele>738.659402</ele>
        <time>2025-04-26T15:23:38.892Z</time>
      </trkpt>
      <trkpt lat="45.958185" lon="10.887753">
        <ele>747.876645</ele>
        <time>2025-04-26T15:24:50.155Z</time>
      </trkpt>
      <trkpt lat="45.958551" lon="10.887183">
        <ele>756.980134</ele>
        <time>2025-04-26T15:25:48.911Z</time>
      </trkpt>
      <trkpt lat="45.958725" lon="10.886957">
        <ele>760.936566</ele>
        <time>2025-04-26T15:26:08.977Z</time>
      </trkpt>
      <trkpt lat="45.958914" lon="10.886868">
        <ele>761.95944</ele>
        <time>2025-04-26T15:26:22.633Z</time>
      </trkpt>
      <trkpt lat="45.959017" lon="10.886854">
        <ele>762.467686</ele>
        <time>2025-04-26T15:26:29.230Z</time>
      </trkpt>
      <trkpt lat="45.959147" lon="10.886875">
        <ele>763.110332</ele>
        <time>2025-04-26T15:26:36.875Z</time>
      </trkpt>
      <trkpt lat="45.959269" lon="10.886965">
        <ele>763.783879</ele>
        <time>2025-04-26T15:26:43.930Z</time>
      </trkpt>
      <trkpt lat="45.95974" lon="10.887448">
        <ele>766.625437</ele>
        <time>2025-04-26T15:27:03.564Z</time>
      </trkpt>
      <trkpt lat="45.959936" lon="10.88755">
        <ele>767.649368</ele>
        <time>2025-04-26T15:27:08.298Z</time>
      </trkpt>
      <trkpt lat="45.960445" lon="10.887657">
        <ele>770.371529</ele>
        <time>2025-04-26T15:27:25.673Z</time>
      </trkpt>
      <trkpt lat="45.960692" lon="10.887678">
        <ele>772.286339</ele>
        <time>2025-04-26T15:27:38.443Z</time>
      </trkpt>
      <trkpt lat="45.960913" lon="10.887778">
        <ele>774.079218</ele>
        <time>2025-04-26T15:27:52.582Z</time>
      </trkpt>
      <trkpt lat="45.961134" lon="10.888002">
        <ele>776.171371</ele>
        <time>2025-04-26T15:28:09.867Z</time>
      </trkpt>
      <trkpt lat="45.961522" lon="10.888533">
        <ele>780.315728</ele>
        <time>2025-04-26T15:28:45.305Z</time>
      </trkpt>
      <trkpt lat="45.961827" lon="10.888784">
        <ele>783.03498</ele>
        <time>2025-04-26T15:29:09.818Z</time>
      </trkpt>
      <trkpt lat="45.961923" lon="10.888787">
        <ele>783.788703</ele>
        <time>2025-04-26T15:29:17.338Z</time>
      </trkpt>
      <trkpt lat="45.961937" lon="10.888727">
        <ele>784.297191</ele>
        <time>2025-04-26T15:29:21.485Z</time>
      </trkpt>
      <trkpt lat="45.961898" lon="10.888658">
        <ele>785.011684</ele>
        <time>2025-04-26T15:29:26.393Z</time>
      </trkpt>
      <trkpt lat="45.961664" lon="10.888445">
        <ele>788.212159</ele>
        <time>2025-04-26T15:29:48.812Z</time>
      </trkpt>
      <trkpt lat="45.961619" lon="10.888374">
        <ele>788.984106</ele>
        <time>2025-04-26T15:29:53.295Z</time>
      </trkpt>
      <trkpt lat="45.961315" lon="10.887649">
        <ele>795.786646</ele>
        <time>2025-04-26T15:30:40.482Z</time>
      </trkpt>
      <trkpt lat="45.961306" lon="10.88758">
        <ele>796.350691</ele>
        <time>2025-04-26T15:30:44.453Z</time>
      </trkpt>
      <trkpt lat="45.961331" lon="10.887512">
        <ele>796.96873</ele>
        <time>2025-04-26T15:30:49.968Z</time>
      </trkpt>
      <trkpt lat="45.961414" lon="10.88759">
        <ele>798.114584</ele>
        <time>2025-04-26T15:30:57.340Z</time>
      </trkpt>
      <trkpt lat="45.96174" lon="10.888051">
        <ele>803.398045</ele>
        <time>2025-04-26T15:31:35.574Z</time>
      </trkpt>
      <trkpt lat="45.962542" lon="10.888515">
        <ele>813.736394</ele>
        <time>2025-04-26T15:32:43.778Z</time>
      </trkpt>
      <trkpt lat="45.962665" lon="10.888563">
        <ele>815.26725</ele>
        <time>2025-04-26T15:32:54.230Z</time>
      </trkpt>
      <trkpt lat="45.963545" lon="10.888603">
        <ele>825.842968</ele>
        <time>2025-04-26T15:34:09.668Z</time>
      </trkpt>
      <trkpt lat="45.963882" lon="10.888706">
        <ele>829.171108</ele>
        <time>2025-04-26T15:34:38.266Z</time>
      </trkpt>
      <trkpt lat="45.965376" lon="10.889596">
        <ele>844.281152</ele>
        <time>2025-04-26T15:36:25.751Z</time>
      </trkpt>
      <trkpt lat="45.966118" lon="10.890446">
        <ele>851.842947</ele>
        <time>2025-04-26T15:37:22.819Z</time>
      </trkpt>
      <trkpt lat="45.966568" lon="10.890629">
        <ele>855.571113</ele>
        <time>2025-04-26T15:37:51.431Z</time>
      </trkpt>
      <trkpt lat="45.966724" lon="10.890757">
        <ele>857.002862</ele>
        <time>2025-04-26T15:38:02.673Z</time>
      </trkpt>
      <trkpt lat="45.967097" lon="10.891179">
        <ele>862.410531</ele>
        <time>2025-04-26T15:38:34.668Z</time>
      </trkpt>
      <trkpt lat="45.967305" lon="10.891375">
        <ele>865.380665</ele>
        <time>2025-04-26T15:38:52.823Z</time>
      </trkpt>
      <trkpt lat="45.967372" lon="10.8915">
        <ele>866.691269</ele>
        <time>2025-04-26T15:39:01.052Z</time>
      </trkpt>
      <trkpt lat="45.96746" lon="10.891792">
        <ele>869.333774</ele>
        <time>2025-04-26T15:39:18.190Z</time>
      </trkpt>
      <trkpt lat="45.96754" lon="10.891919">
        <ele>870.756835</ele>
        <time>2025-04-26T15:39:27.716Z</time>
      </trkpt>
      <trkpt lat="45.968216" lon="10.892556">
        <ele>880.708808</ele>
        <time>2025-04-26T15:40:44.195Z</time>
      </trkpt>
      <trkpt lat="45.96833" lon="10.892597">
        <ele>882.412656</ele>
        <time>2025-04-26T15:40:56.677Z</time>
      </trkpt>
      <trkpt lat="45.968387" lon="10.892571">
        <ele>883.279692</ele>
        <time>2025-04-26T15:41:02.975Z</time>
      </trkpt>
      <trkpt lat="45.96843" lon="10.892492">
        <ele>884.290951</ele>
        <time>2025-04-26T15:41:10.384Z</time>
      </trkpt>
      <trkpt lat="45.968429" lon="10.892373">
        <ele>885.490344</ele>
        <time>2025-04-26T15:41:19.137Z</time>
      </trkpt>
      <trkpt lat="45.968373" lon="10.892219">
        <ele>887.241964</ele>
        <time>2025-04-26T15:41:31.799Z</time>
      </trkpt>
      <trkpt lat="45.96836" lon="10.892111">
        <ele>888.346612</ele>
        <time>2025-04-26T15:41:39.842Z</time>
      </trkpt>
      <trkpt lat="45.968377" lon="10.892047">
        <ele>889.037114</ele>
        <time>2025-04-26T15:41:44.656Z</time>
      </trkpt>
      <trkpt lat="45.96843" lon="10.892002">
        <ele>889.929449</ele>
        <time>2025-04-26T15:41:50.917Z</time>
      </trkpt>
      <trkpt lat="45.96864" lon="10.892019">
        <ele>892.979237</ele>
        <time>2025-04-26T15:42:12.061Z</time>
      </trkpt>
      <trkpt lat="45.968772" lon="10.892065">
        <ele>894.948565</ele>
        <time>2025-04-26T15:42:25.305Z</time>
      </trkpt>
      <trkpt lat="45.968994" lon="10.892214">
        <ele>898.500563</ele>
        <time>2025-04-26T15:42:48.474Z</time>
      </trkpt>
      <trkpt lat="45.969955" lon="10.892996">
        <ele>911.438583</ele>
        <time>2025-04-26T15:44:15.284Z</time>
      </trkpt>
      <trkpt lat="45.97004" lon="10.893147">
        <ele>912.75837</ele>
        <time>2025-04-26T15:44:23.725Z</time>
      </trkpt>
      <trkpt lat="45.9701" lon="10.893155">
        <ele>913.347221</ele>
        <time>2025-04-26T15:44:27.438Z</time>
      </trkpt>
      <trkpt lat="45.970148" lon="10.893059">
        <ele>914.150453</ele>
        <time>2025-04-26T15:44:32.416Z</time>
      </trkpt>
      <trkpt lat="45.970123" lon="10.892766">
        <ele>916.15547</ele>
        <time>2025-04-26T15:44:44.496Z</time>
      </trkpt>
      <trkpt lat="45.97009" lon="10.892523">
        <ele>917.837155</ele>
        <time>2025-04-26T15:44:55.319Z</time>
      </trkpt>
      <trkpt lat="45.970014" lon="10.892291">
        <ele>919.579172</ele>
        <time>2025-04-26T15:45:07.178Z</time>
      </trkpt>
      <trkpt lat="45.969388" lon="10.891681">
        <ele>928.023527</ele>
        <time>2025-04-26T15:46:01.924Z</time>
      </trkpt>
      <trkpt lat="45.96939" lon="10.891576">
        <ele>928.912186</ele>
        <time>2025-04-26T15:46:07.449Z</time>
      </trkpt>
      <trkpt lat="45.969448" lon="10.891522">
        <ele>929.753101</ele>
        <time>2025-04-26T15:46:12.751Z</time>
      </trkpt>
      <trkpt lat="45.971104" lon="10.892344">
        <ele>950.364487</ele>
        <time>2025-04-26T15:48:47.080Z</time>
      </trkpt>
      <trkpt lat="45.971403" lon="10.89262">
        <ele>954.216163</ele>
        <time>2025-04-26T15:49:16.030Z</time>
      </trkpt>
      <trkpt lat="45.97158" lon="10.893053">
        <ele>958.001607</ele>
        <time>2025-04-26T15:49:42.298Z</time>
      </trkpt>
      <trkpt lat="45.972147" lon="10.89379">
        <ele>965.699063</ele>
        <time>2025-04-26T15:50:31.555Z</time>
      </trkpt>
      <trkpt lat="45.972776" lon="10.89502">
        <ele>974.166403</ele>
        <time>2025-04-26T15:51:33.387Z</time>
      </trkpt>
      <trkpt lat="45.973008" lon="10.895557">
        <ele>977.67233</ele>
        <time>2025-04-26T15:52:02.207Z</time>
      </trkpt>
      <trkpt lat="45.973241" lon="10.895967">
        <ele>981.621076</ele>
        <time>2025-04-26T15:52:27.776Z</time>
      </trkpt>
      <trkpt lat="45.97365" lon="10.896519">
        <ele>988.156976</ele>
        <time>2025-04-26T15:53:09.906Z</time>
      </trkpt>
      <trkpt lat="45.97371" lon="10.89667">
        <ele>989.565927</ele>
        <time>2025-04-26T15:53:19.951Z</time>
      </trkpt>
      <trkpt lat="45.97376" lon="10.897378">
        <ele>995.330485</ele>
        <time>2025-04-26T15:54:03.286Z</time>
      </trkpt>
      <trkpt lat="45.973815" lon="10.89748">
        <ele>996.376236</ele>
        <time>2025-04-26T15:54:11.193Z</time>
      </trkpt>
      <trkpt lat="45.973888" lon="10.897505">
        <ele>997.250843</ele>
        <time>2025-04-26T15:54:17.794Z</time>
      </trkpt>
      <trkpt lat="45.973934" lon="10.897366">
        <ele>998.497917</ele>
        <time>2025-04-26T15:54:27.218Z</time>
      </trkpt>
      <trkpt lat="45.973903" lon="10.897162">
        <ele>1000.357317</ele>
        <time>2025-04-26T15:54:40.076Z</time>
      </trkpt>
      <trkpt lat="45.973946" lon="10.897051">
        <ele>1001.599368</ele>
        <time>2025-04-26T15:54:47.900Z</time>
      </trkpt>
      <trkpt lat="45.974067" lon="10.896957">
        <ele>1003.533213</ele>
        <time>2025-04-26T15:55:00.124Z</time>
      </trkpt>
      <trkpt lat="45.974182" lon="10.8968">
        <ele>1005.762624</ele>
        <time>2025-04-26T15:55:14.402Z</time>
      </trkpt>
      <trkpt lat="45.974254" lon="10.896575">
        <ele>1008.183643</ele>
        <time>2025-04-26T15:55:30.097Z</time>
      </trkpt>
      <trkpt lat="45.974281" lon="10.896239">
        <ele>1011.489512</ele>
        <time>2025-04-26T15:55:52.258Z</time>
      </trkpt>
      <trkpt lat="45.974219" lon="10.895581">
        <ele>1017.9795</ele>
        <time>2025-04-26T15:56:37.190Z</time>
      </trkpt>
      <trkpt lat="45.974237" lon="10.89531">
        <ele>1020.640266</ele>
        <time>2025-04-26T15:56:55.471Z</time>
      </trkpt>
      <trkpt lat="45.974289" lon="10.894987">
        <ele>1023.880791</ele>
        <time>2025-04-26T15:57:16.764Z</time>
      </trkpt>
      <trkpt lat="45.974306" lon="10.894622">
        <ele>1026.50212</ele>
        <time>2025-04-26T15:57:38.618Z</time>
      </trkpt>
      <trkpt lat="45.974371" lon="10.894182">
        <ele>1029.392189</ele>
        <time>2025-04-26T15:58:03.308Z</time>
      </trkpt>
      <trkpt lat="45.974373" lon="10.894023">
        <ele>1030.413899</ele>
        <time>2025-04-26T15:58:11.485Z</time>
      </trkpt>
      <trkpt lat="45.97436" lon="10.893867">
        <ele>1031.423346</ele>
        <time>2025-04-26T15:58:19.329Z</time>
      </trkpt>
      <trkpt lat="45.974228" lon="10.893467">
        <ele>1034.268269</ele>
        <time>2025-04-26T15:58:39.959Z</time>
      </trkpt>
      <trkpt lat="45.974059" lon="10.893117">
        <ele>1037.006421</ele>
        <time>2025-04-26T15:58:58.356Z</time>
      </trkpt>
      <trkpt lat="45.973634" lon="10.892446">
        <ele>1042.405996</ele>
        <time>2025-04-26T15:59:31.885Z</time>
      </trkpt>
      <trkpt lat="45.973248" lon="10.89167">
        <ele>1046.81203</ele>
        <time>2025-04-26T16:00:06.689Z</time>
      </trkpt>
      <trkpt lat="45.973045" lon="10.891099">
        <ele>1049.773341</ele>
        <time>2025-04-26T16:00:32.535Z</time>
      </trkpt>
      <trkpt lat="45.972971" lon="10.89065">
        <ele>1051.903944</ele>
        <time>2025-04-26T16:00:51.605Z</time>
      </trkpt>
      <trkpt lat="45.972822" lon="10.890121">
        <ele>1054.563737</ele>
        <time>2025-04-26T16:01:16.763Z</time>
      </trkpt>
      <trkpt lat="45.972795" lon="10.889838">
        <ele>1055.907528</ele>
        <time>2025-04-26T16:01:29.433Z</time>
      </trkpt>
      <trkpt lat="45.972785" lon="10.889458">
        <ele>1057.696429</ele>
        <time>2025-04-26T16:01:44.600Z</time>
      </trkpt>
      <trkpt lat="45.972871" lon="10.889162">
        <ele>1059.205667</ele>
        <time>2025-04-26T16:01:55.626Z</time>
      </trkpt>
      <trkpt lat="45.9729" lon="10.889067">
        <ele>1059.69378</ele>
        <time>2025-04-26T16:01:58.992Z</time>
      </trkpt>
      <trkpt lat="45.972943" lon="10.888946">
        <ele>1060.33309</ele>
        <time>2025-04-26T16:02:03.375Z</time>
      </trkpt>
      <trkpt lat="45.973031" lon="10.888625">
        <ele>1061.956385</ele>
        <time>2025-04-26T16:02:15.899Z</time>
      </trkpt>
      <trkpt lat="45.973025" lon="10.888272">
        <ele>1063.617479</ele>
        <time>2025-04-26T16:02:29.364Z</time>
      </trkpt>
      <trkpt lat="45.972986" lon="10.88807">
        <ele>1064.603721</ele>
        <time>2025-04-26T16:02:38.055Z</time>
      </trkpt>
      <trkpt lat="45.972826" lon="10.887726">
        <ele>1067.018741</ele>
        <time>2025-04-26T16:02:56.413Z</time>
      </trkpt>
      <trkpt lat="45.972757" lon="10.887441">
        <ele>1069.027358</ele>
        <time>2025-04-26T16:03:10.222Z</time>
      </trkpt>
      <trkpt lat="45.972799" lon="10.887372">
        <ele>1069.637817</ele>
        <time>2025-04-26T16:03:14.768Z</time>
      </trkpt>
      <trkpt lat="45.97287" lon="10.887419">
        <ele>1070.386239</ele>
        <time>2025-04-26T16:03:19.482Z</time>
      </trkpt>
      <trkpt lat="45.973279" lon="10.888061">
        <ele>1076.182574</ele>
        <time>2025-04-26T16:04:00.046Z</time>
      </trkpt>
      <trkpt lat="45.973322" lon="10.888057">
        <ele>1076.595214</ele>
        <time>2025-04-26T16:04:03.358Z</time>
      </trkpt>
      <trkpt lat="45.973332" lon="10.88802">
        <ele>1076.85943</ele>
        <time>2025-04-26T16:04:05.582Z</time>
      </trkpt>
      <trkpt lat="45.973157" lon="10.88709">
        <ele>1083.523434</ele>
        <time>2025-04-26T16:04:58.636Z</time>
      </trkpt>
      <trkpt lat="45.972783" lon="10.886222">
        <ele>1093.05889</ele>
        <time>2025-04-26T16:05:56.704Z</time>
      </trkpt>
      <trkpt lat="45.972876" lon="10.88625">
        <ele>1094.335335</ele>
        <time>2025-04-26T16:06:06.709Z</time>
      </trkpt>
      <trkpt lat="45.973172" lon="10.886437">
        <ele>1098.678299</ele>
        <time>2025-04-26T16:06:41.315Z</time>
      </trkpt>
      <trkpt lat="45.973296" lon="10.886453">
        <ele>1100.350834</ele>
        <time>2025-04-26T16:06:54.917Z</time>
      </trkpt>
      <trkpt lat="45.973488" lon="10.88659">
        <ele>1103.229961</ele>
        <time>2025-04-26T16:07:18.697Z</time>
      </trkpt>
      <trkpt lat="45.97393" lon="10.88703">
        <ele>1110.981371</ele>
        <time>2025-04-26T16:08:21.855Z</time>
      </trkpt>
      <trkpt lat="45.974164" lon="10.887174">
        <ele>1114.899145</ele>
        <time>2025-04-26T16:08:51.885Z</time>
      </trkpt>
      <trkpt lat="45.974239" lon="10.887262">
        <ele>1116.388881</ele>
        <time>2025-04-26T16:09:03.328Z</time>
      </trkpt>
      <trkpt lat="45.974317" lon="10.887384">
        <ele>1118.162381</ele>
        <time>2025-04-26T16:09:17.014Z</time>
      </trkpt>
      <trkpt lat="45.974208" lon="10.887741">
        <ele>1122.334051</ele>
        <time>2025-04-26T16:09:48.878Z</time>
      </trkpt>
      <trkpt lat="45.974096" lon="10.887945">
        <ele>1125.115382</ele>
        <time>2025-04-26T16:10:09.677Z</time>
      </trkpt>
      <trkpt lat="45.974089" lon="10.888005">
        <ele>1125.766272</ele>
        <time>2025-04-26T16:10:14.488Z</time>
      </trkpt>
      <trkpt lat="45.974136" lon="10.888088">
        <ele>1126.911682</ele>
        <time>2025-04-26T16:10:22.979Z</time>
      </trkpt>
      <trkpt lat="45.974384" lon="10.887963">
        <ele>1130.956806</ele>
        <time>2025-04-26T16:10:52.486Z</time>
      </trkpt>
      <trkpt lat="45.974801" lon="10.887892">
        <ele>1136.829253</ele>
        <time>2025-04-26T16:11:39.328Z</time>
      </trkpt>
      <trkpt lat="45.974996" lon="10.887756">
        <ele>1139.489703</ele>
        <time>2025-04-26T16:12:03.172Z</time>
      </trkpt>
      <trkpt lat="45.975116" lon="10.887616">
        <ele>1141.386379</ele>
        <time>2025-04-26T16:12:20.078Z</time>
      </trkpt>
      <trkpt lat="45.975229" lon="10.887568">
        <ele>1142.83289</ele>
        <time>2025-04-26T16:12:32.958Z</time>
      </trkpt>
      <trkpt lat="45.975538" lon="10.887676">
        <ele>1146.73685</ele>
        <time>2025-04-26T16:13:07.597Z</time>
      </trkpt>
      <trkpt lat="45.975706" lon="10.887868">
        <ele>1149.370825</ele>
        <time>2025-04-26T16:13:30.753Z</time>
      </trkpt>
      <trkpt lat="45.975992" lon="10.888046">
        <ele>1153.196472</ele>
        <time>2025-04-26T16:14:02.344Z</time>
      </trkpt>
      <trkpt lat="45.976283" lon="10.887969">
        <ele>1156.523646</ele>
        <time>2025-04-26T16:14:27.370Z</time>
      </trkpt>
      <trkpt lat="45.976457" lon="10.887827">
        <ele>1155.953334</ele>
        <time>2025-04-26T16:14:41.223Z</time>
      </trkpt>
      <trkpt lat="45.976604" lon="10.88778">
        <ele>1155.52401</ele>
        <time>2025-04-26T16:14:50.425Z</time>
      </trkpt>
      <trkpt lat="45.9768" lon="10.887776">
        <ele>1154.965149</ele>
        <time>2025-04-26T16:15:00.497Z</time>
      </trkpt>
      <trkpt lat="45.976856" lon="10.887784">
        <ele>1154.804705</ele>
        <time>2025-04-26T16:15:03.288Z</time>
      </trkpt>
    </trkseg>
  </trk>
  <trk>
    <name>🚲 Giorno II</name>
    <type>touring_bicycle</type>
    <trkseg>
      <trkpt lat="45.976856" lon="10.887784">
        <ele>1154.804705</ele>
        <time>2025-04-27T09:00:00.000Z</time>
      </trkpt>
      <trkpt lat="45.9768" lon="10.887776">
        <ele>1154.644262</ele>
        <time>2025-04-27T09:00:03.171Z</time>
      </trkpt>
      <trkpt lat="45.976604" lon="10.88778">
        <ele>1154.085401</ele>
        <time>2025-04-27T09:00:13.754Z</time>
      </trkpt>
      <trkpt lat="45.976457" lon="10.887827">
        <ele>1153.656076</ele>
        <time>2025-04-27T09:00:21.097Z</time>
      </trkpt>
      <trkpt lat="45.976283" lon="10.887969">
        <ele>1153.085764</ele>
        <time>2025-04-27T09:00:30.207Z</time>
      </trkpt>
      <trkpt lat="45.975992" lon="10.888046">
        <ele>1152.242199</ele>
        <time>2025-04-27T09:00:42.746Z</time>
      </trkpt>
      <trkpt lat="45.975706" lon="10.887868">
        <ele>1150.963852</ele>
        <time>2025-04-27T09:00:55.295Z</time>
      </trkpt>
      <trkpt lat="45.975538" lon="10.887676">
        <ele>1147.95241</ele>
        <time>2025-04-27T09:01:03.833Z</time>
      </trkpt>
      <trkpt lat="45.975229" lon="10.887568">
        <ele>1143.488986</ele>
        <time>2025-04-27T09:01:16.403Z</time>
      </trkpt>
      <trkpt lat="45.975116" lon="10.887616">
        <ele>1141.835181</ele>
        <time>2025-04-27T09:01:21.058Z</time>
      </trkpt>
      <trkpt lat="45.974996" lon="10.887756">
        <ele>1139.666699</ele>
        <time>2025-04-27T09:01:27.166Z</time>
      </trkpt>
      <trkpt lat="45.974801" lon="10.887892">
        <ele>1136.624988</ele>
        <time>2025-04-27T09:01:35.736Z</time>
      </trkpt>
      <trkpt lat="45.974384" lon="10.887963">
        <ele>1130.730896</ele>
        <time>2025-04-27T09:01:52.306Z</time>
      </trkpt>
      <trkpt lat="45.974136" lon="10.888088">
        <ele>1127.042427</ele>
        <time>2025-04-27T09:02:02.638Z</time>
      </trkpt>
      <trkpt lat="45.974089" lon="10.888005">
        <ele>1125.978879</ele>
        <time>2025-04-27T09:02:05.549Z</time>
      </trkpt>
      <trkpt lat="45.974096" lon="10.887945">
        <ele>1125.330892</ele>
        <time>2025-04-27T09:02:07.215Z</time>
      </trkpt>
      <trkpt lat="45.974208" lon="10.887741">
        <ele>1122.561967</ele>
        <time>2025-04-27T09:02:14.284Z</time>
      </trkpt>
      <trkpt lat="45.974317" lon="10.887384">
        <ele>1118.408906</ele>
        <time>2025-04-27T09:02:24.857Z</time>
      </trkpt>
      <trkpt lat="45.974239" lon="10.887262">
        <ele>1116.643318</ele>
        <time>2025-04-27T09:02:29.348Z</time>
      </trkpt>
      <trkpt lat="45.974164" lon="10.887174">
        <ele>1115.160227</ele>
        <time>2025-04-27T09:02:33.139Z</time>
      </trkpt>
      <trkpt lat="45.97393" lon="10.88703">
        <ele>1111.259929</ele>
        <time>2025-04-27T09:02:43.046Z</time>
      </trkpt>
      <trkpt lat="45.973488" lon="10.88659">
        <ele>1103.023097</ele>
        <time>2025-04-27T09:03:03.998Z</time>
      </trkpt>
      <trkpt lat="45.973296" lon="10.886453">
        <ele>1099.738724</ele>
        <time>2025-04-27T09:03:12.449Z</time>
      </trkpt>
      <trkpt lat="45.973172" lon="10.886437">
        <ele>1097.993848</ele>
        <time>2025-04-27T09:03:17.394Z</time>
      </trkpt>
      <trkpt lat="45.972876" lon="10.88625">
        <ele>1094.035699</ele>
        <time>2025-04-27T09:03:30.247Z</time>
      </trkpt>
      <trkpt lat="45.972783" lon="10.886222">
        <ele>1092.872354</ele>
        <time>2025-04-27T09:03:34.023Z</time>
      </trkpt>
      <trkpt lat="45.973157" lon="10.88709">
        <ele>1084.1818</ele>
        <time>2025-04-27T09:03:50.036Z</time>
      </trkpt>
      <trkpt lat="45.973332" lon="10.88802">
        <ele>1076.185268</ele>
        <time>2025-04-27T09:04:05.244Z</time>
      </trkpt>
      <trkpt lat="45.973322" lon="10.888057">
        <ele>1075.954788</ele>
        <time>2025-04-27T09:04:05.863Z</time>
      </trkpt>
      <trkpt lat="45.973279" lon="10.888061">
        <ele>1075.594837</ele>
        <time>2025-04-27T09:04:06.853Z</time>
      </trkpt>
      <trkpt lat="45.97287" lon="10.887419">
        <ele>1070.53861</ele>
        <time>2025-04-27T09:04:21.056Z</time>
      </trkpt>
      <trkpt lat="45.972799" lon="10.887372">
        <ele>1069.885751</ele>
        <time>2025-04-27T09:04:22.937Z</time>
      </trkpt>
      <trkpt lat="45.972757" lon="10.887441">
        <ele>1069.353238</ele>
        <time>2025-04-27T09:04:24.411Z</time>
      </trkpt>
      <trkpt lat="45.972826" lon="10.887726">
        <ele>1067.601093</ele>
        <time>2025-04-27T09:04:29.365Z</time>
      </trkpt>
      <trkpt lat="45.972986" lon="10.88807">
        <ele>1065.197962</ele>
        <time>2025-04-27T09:04:36.179Z</time>
      </trkpt>
      <trkpt lat="45.973025" lon="10.888272">
        <ele>1063.980804</ele>
        <time>2025-04-27T09:04:39.690Z</time>
      </trkpt>
      <trkpt lat="45.973031" lon="10.888625">
        <ele>1061.930788</ele>
        <time>2025-04-27T09:04:45.780Z</time>
      </trkpt>
      <trkpt lat="45.972943" lon="10.888946">
        <ele>1060.229946</ele>
        <time>2025-04-27T09:04:51.788Z</time>
      </trkpt>
      <trkpt lat="45.9729" lon="10.889067">
        <ele>1059.584138</ele>
        <time>2025-04-27T09:04:54.278Z</time>
      </trkpt>
      <trkpt lat="45.972871" lon="10.889162">
        <ele>1059.091063</ele>
        <time>2025-04-27T09:04:56.159Z</time>
      </trkpt>
      <trkpt lat="45.972785" lon="10.889458">
        <ele>1057.566485</ele>
        <time>2025-04-27T09:05:01.857Z</time>
      </trkpt>
      <trkpt lat="45.972795" lon="10.889838">
        <ele>1055.759402</ele>
        <time>2025-04-27T09:05:08.316Z</time>
      </trkpt>
      <trkpt lat="45.972822" lon="10.890121">
        <ele>1054.401952</ele>
        <time>2025-04-27T09:05:13.029Z</time>
      </trkpt>
      <trkpt lat="45.972971" lon="10.89065">
        <ele>1051.689509</ele>
        <time>2025-04-27T09:05:22.451Z</time>
      </trkpt>
      <trkpt lat="45.973045" lon="10.891099">
        <ele>1049.496661</ele>
        <time>2025-04-27T09:05:30.224Z</time>
      </trkpt>
      <trkpt lat="45.973248" lon="10.89167">
        <ele>1046.55611</ele>
        <time>2025-04-27T09:05:41.065Z</time>
      </trkpt>
      <trkpt lat="45.973634" lon="10.892446">
        <ele>1042.192205</ele>
        <time>2025-04-27T09:05:57.701Z</time>
      </trkpt>
      <trkpt lat="45.974059" lon="10.893117">
        <ele>1038.040624</ele>
        <time>2025-04-27T09:06:13.462Z</time>
      </trkpt>
      <trkpt lat="45.974228" lon="10.893467">
        <ele>1035.105836</ele>
        <time>2025-04-27T09:06:20.550Z</time>
      </trkpt>
      <trkpt lat="45.97436" lon="10.893867">
        <ele>1031.623238</ele>
        <time>2025-04-27T09:06:27.769Z</time>
      </trkpt>
      <trkpt lat="45.974373" lon="10.894023">
        <ele>1030.387528</ele>
        <time>2025-04-27T09:06:30.293Z</time>
      </trkpt>
      <trkpt lat="45.974371" lon="10.894182">
        <ele>1029.136808</ele>
        <time>2025-04-27T09:06:32.836Z</time>
      </trkpt>
      <trkpt lat="45.974306" lon="10.894622">
        <ele>1025.598944</ele>
        <time>2025-04-27T09:06:39.938Z</time>
      </trkpt>
      <trkpt lat="45.974289" lon="10.894987">
        <ele>1022.72182</ele>
        <time>2025-04-27T09:06:45.620Z</time>
      </trkpt>
      <trkpt lat="45.974237" lon="10.89531">
        <ele>1020.114191</ele>
        <time>2025-04-27T09:06:50.728Z</time>
      </trkpt>
      <trkpt lat="45.974219" lon="10.895581">
        <ele>1017.973092</ele>
        <time>2025-04-27T09:06:54.894Z</time>
      </trkpt>
      <trkpt lat="45.974281" lon="10.896239">
        <ele>1011.76601</ele>
        <time>2025-04-27T09:07:05.043Z</time>
      </trkpt>
      <trkpt lat="45.974254" lon="10.896575">
        <ele>1008.504467</ele>
        <time>2025-04-27T09:07:10.245Z</time>
      </trkpt>
      <trkpt lat="45.974182" lon="10.8968">
        <ele>1006.115909</ele>
        <time>2025-04-27T09:07:14.061Z</time>
      </trkpt>
      <trkpt lat="45.974067" lon="10.896957">
        <ele>1003.916391</ele>
        <time>2025-04-27T09:07:17.591Z</time>
      </trkpt>
      <trkpt lat="45.973946" lon="10.897051">
        <ele>1002.008476</ele>
        <time>2025-04-27T09:07:20.655Z</time>
      </trkpt>
      <trkpt lat="45.973903" lon="10.897162">
        <ele>1000.783078</ele>
        <time>2025-04-27T09:07:22.618Z</time>
      </trkpt>
      <trkpt lat="45.973934" lon="10.897366">
        <ele>998.769474</ele>
        <time>2025-04-27T09:07:25.859Z</time>
      </trkpt>
      <trkpt lat="45.973888" lon="10.897505">
        <ele>997.284925</ele>
        <time>2025-04-27T09:07:28.244Z</time>
      </trkpt>
      <trkpt lat="45.973815" lon="10.89748">
        <ele>996.243771</ele>
        <time>2025-04-27T09:07:29.906Z</time>
      </trkpt>
      <trkpt lat="45.97376" lon="10.897378">
        <ele>994.998883</ele>
        <time>2025-04-27T09:07:31.909Z</time>
      </trkpt>
      <trkpt lat="45.97371" lon="10.89667">
        <ele>989.177646</ele>
        <time>2025-04-27T09:07:42.955Z</time>
      </trkpt>
      <trkpt lat="45.97365" lon="10.896519">
        <ele>987.935384</ele>
        <time>2025-04-27T09:07:45.678Z</time>
      </trkpt>
      <trkpt lat="45.973241" lon="10.895967">
        <ele>982.172728</ele>
        <time>2025-04-27T09:07:58.526Z</time>
      </trkpt>
      <trkpt lat="45.973008" lon="10.895557">
        <ele>978.390159</ele>
        <time>2025-04-27T09:08:07.108Z</time>
      </trkpt>
      <trkpt lat="45.972776" lon="10.89502">
        <ele>973.874224</ele>
        <time>2025-04-27T09:08:17.469Z</time>
      </trkpt>
      <trkpt lat="45.972147" lon="10.89379">
        <ele>965.240554</ele>
        <time>2025-04-27T09:08:43.277Z</time>
      </trkpt>
      <trkpt lat="45.97158" lon="10.893053">
        <ele>959.029461</ele>
        <time>2025-04-27T09:09:01.369Z</time>
      </trkpt>
      <trkpt lat="45.971403" lon="10.89262">
        <ele>954.787337</ele>
        <time>2025-04-27T09:09:09.379Z</time>
      </trkpt>
      <trkpt lat="45.971104" lon="10.892344">
        <ele>950.470989</ele>
        <time>2025-04-27T09:09:17.401Z</time>
      </trkpt>
      <trkpt lat="45.969448" lon="10.891522">
        <ele>929.964453</ele>
        <time>2025-04-27T09:09:56.472Z</time>
      </trkpt>
      <trkpt lat="45.96939" lon="10.891576">
        <ele>929.206006</ele>
        <time>2025-04-27T09:09:58.042Z</time>
      </trkpt>
      <trkpt lat="45.969388" lon="10.891681">
        <ele>928.404498</ele>
        <time>2025-04-27T09:09:59.719Z</time>
      </trkpt>
      <trkpt lat="45.970014" lon="10.892291">
        <ele>920.104048</ele>
        <time>2025-04-27T09:10:17.163Z</time>
      </trkpt>
      <trkpt lat="45.97009" lon="10.892523">
        <ele>918.147007</ele>
        <time>2025-04-27T09:10:21.375Z</time>
      </trkpt>
      <trkpt lat="45.970123" lon="10.892766">
        <ele>916.26906</ele>
        <time>2025-04-27T09:10:25.467Z</time>
      </trkpt>
      <trkpt lat="45.970148" lon="10.893059">
        <ele>914.036919</ele>
        <time>2025-04-27T09:10:30.436Z</time>
      </trkpt>
      <trkpt lat="45.9701" lon="10.893155">
        <ele>913.142698</ele>
        <time>2025-04-27T09:10:32.434Z</time>
      </trkpt>
      <trkpt lat="45.97004" lon="10.893147">
        <ele>912.487144</ele>
        <time>2025-04-27T09:10:33.868Z</time>
      </trkpt>
      <trkpt lat="45.969955" lon="10.892996">
        <ele>911.017854</ele>
        <time>2025-04-27T09:10:37.096Z</time>
      </trkpt>
      <trkpt lat="45.968994" lon="10.892214">
        <ele>899.006522</ele>
        <time>2025-04-27T09:11:02.200Z</time>
      </trkpt>
      <trkpt lat="45.968772" lon="10.892065">
        <ele>895.744373</ele>
        <time>2025-04-27T09:11:07.619Z</time>
      </trkpt>
      <trkpt lat="45.96864" lon="10.892019">
        <ele>893.715388</ele>
        <time>2025-04-27T09:11:10.602Z</time>
      </trkpt>
      <trkpt lat="45.96843" lon="10.892002">
        <ele>890.57321</ele>
        <time>2025-04-27T09:11:15.201Z</time>
      </trkpt>
      <trkpt lat="45.968377" lon="10.892047">
        <ele>889.653844</ele>
        <time>2025-04-27T09:11:16.554Z</time>
      </trkpt>
      <trkpt lat="45.96836" lon="10.892111">
        <ele>888.942424</ele>
        <time>2025-04-27T09:11:17.596Z</time>
      </trkpt>
      <trkpt lat="45.968373" lon="10.892219">
        <ele>887.804311</ele>
        <time>2025-04-27T09:11:19.258Z</time>
      </trkpt>
      <trkpt lat="45.968429" lon="10.892373">
        <ele>885.999629</ele>
        <time>2025-04-27T09:11:21.886Z</time>
      </trkpt>
      <trkpt lat="45.96843" lon="10.892492">
        <ele>884.763901</ele>
        <time>2025-04-27T09:11:23.703Z</time>
      </trkpt>
      <trkpt lat="45.968387" lon="10.892571">
        <ele>883.722008</ele>
        <time>2025-04-27T09:11:25.215Z</time>
      </trkpt>
      <trkpt lat="45.96833" lon="10.892597">
        <ele>882.828706</ele>
        <time>2025-04-27T09:11:26.514Z</time>
      </trkpt>
      <trkpt lat="45.968216" lon="10.892556">
        <ele>881.073242</ele>
        <time>2025-04-27T09:11:29.084Z</time>
      </trkpt>
      <trkpt lat="45.96754" lon="10.891919">
        <ele>869.675336</ele>
        <time>2025-04-27T09:11:46.929Z</time>
      </trkpt>
      <trkpt lat="45.96746" lon="10.891792">
        <ele>868.475246</ele>
        <time>2025-04-27T09:11:49.626Z</time>
      </trkpt>
      <trkpt lat="45.967372" lon="10.8915">
        <ele>866.24678</ele>
        <time>2025-04-27T09:11:54.670Z</time>
      </trkpt>
      <trkpt lat="45.967305" lon="10.891375">
        <ele>865.141527</ele>
        <time>2025-04-27T09:11:57.185Z</time>
      </trkpt>
      <trkpt lat="45.967097" lon="10.891179">
        <ele>862.636766</ele>
        <time>2025-04-27T09:12:02.904Z</time>
      </trkpt>
      <trkpt lat="45.966724" lon="10.890757">
        <ele>857.856625</ele>
        <time>2025-04-27T09:12:14.036Z</time>
      </trkpt>
      <trkpt lat="45.966568" lon="10.890629">
        <ele>856.047515</ele>
        <time>2025-04-27T09:12:18.319Z</time>
      </trkpt>
      <trkpt lat="45.966118" lon="10.890446">
        <ele>851.669822</ele>
        <time>2025-04-27T09:12:29.544Z</time>
      </trkpt>
      <trkpt lat="45.965376" lon="10.889596">
        <ele>844.084956</ele>
        <time>2025-04-27T09:12:52.399Z</time>
      </trkpt>
      <trkpt lat="45.963882" lon="10.888706">
        <ele>828.787249</ele>
        <time>2025-04-27T09:13:30.431Z</time>
      </trkpt>
      <trkpt lat="45.963545" lon="10.888603">
        <ele>825.152803</ele>
        <time>2025-04-27T09:13:38.184Z</time>
      </trkpt>
      <trkpt lat="45.962665" lon="10.888563">
        <ele>815.351367</ele>
        <time>2025-04-27T09:13:57.925Z</time>
      </trkpt>
      <trkpt lat="45.962542" lon="10.888515">
        <ele>813.821833</ele>
        <time>2025-04-27T09:14:00.794Z</time>
      </trkpt>
      <trkpt lat="45.96174" lon="10.888051">
        <ele>803.447394</ele>
        <time>2025-04-27T09:14:20.412Z</time>
      </trkpt>
      <trkpt lat="45.961414" lon="10.88759">
        <ele>797.965162</ele>
        <time>2025-04-27T09:14:30.704Z</time>
      </trkpt>
      <trkpt lat="45.961331" lon="10.887512">
        <ele>796.877495</ele>
        <time>2025-04-27T09:14:32.974Z</time>
      </trkpt>
      <trkpt lat="45.961306" lon="10.88758">
        <ele>796.29084</ele>
        <time>2025-04-27T09:14:34.126Z</time>
      </trkpt>
      <trkpt lat="45.961315" lon="10.887649">
        <ele>795.755437</ele>
        <time>2025-04-27T09:14:35.240Z</time>
      </trkpt>
      <trkpt lat="45.961619" lon="10.888374">
        <ele>789.29833</ele>
        <time>2025-04-27T09:14:48.559Z</time>
      </trkpt>
      <trkpt lat="45.961664" lon="10.888445">
        <ele>788.565582</ele>
        <time>2025-04-27T09:14:50.141Z</time>
      </trkpt>
      <trkpt lat="45.961898" lon="10.888658">
        <ele>785.527627</ele>
        <time>2025-04-27T09:14:56.385Z</time>
      </trkpt>
      <trkpt lat="45.961937" lon="10.888727">
        <ele>784.849416</ele>
        <time>2025-04-27T09:14:57.796Z</time>
      </trkpt>
      <trkpt lat="45.961923" lon="10.888787">
        <ele>784.36675</ele>
        <time>2025-04-27T09:14:58.765Z</time>
      </trkpt>
      <trkpt lat="45.961827" lon="10.888784">
        <ele>783.313293</ele>
        <time>2025-04-27T09:15:00.955Z</time>
      </trkpt>
      <trkpt lat="45.961522" lon="10.888533">
        <ele>779.458327</ele>
        <time>2025-04-27T09:15:09.135Z</time>
      </trkpt>
      <trkpt lat="45.961134" lon="10.888002">
        <ele>775.863814</ele>
        <time>2025-04-27T09:15:21.728Z</time>
      </trkpt>
      <trkpt lat="45.960913" lon="10.887778">
        <ele>774.339468</ele>
        <time>2025-04-27T09:15:28.152Z</time>
      </trkpt>
      <trkpt lat="45.960692" lon="10.887678">
        <ele>773.033172</ele>
        <time>2025-04-27T09:15:33.714Z</time>
      </trkpt>
      <trkpt lat="45.960445" lon="10.887657">
        <ele>771.638038</ele>
        <time>2025-04-27T09:15:39.967Z</time>
      </trkpt>
      <trkpt lat="45.959936" lon="10.88755">
        <ele>768.737569</ele>
        <time>2025-04-27T09:15:55.658Z</time>
      </trkpt>
      <trkpt lat="45.95974" lon="10.887448">
        <ele>767.285662</ele>
        <time>2025-04-27T09:16:04.828Z</time>
      </trkpt>
      <trkpt lat="45.959269" lon="10.886965">
        <ele>762.44539</ele>
        <time>2025-04-27T09:16:22.462Z</time>
      </trkpt>
      <trkpt lat="45.959147" lon="10.886875">
        <ele>761.298079</ele>
        <time>2025-04-27T09:16:25.920Z</time>
      </trkpt>
      <trkpt lat="45.959017" lon="10.886854">
        <ele>760.203405</ele>
        <time>2025-04-27T09:16:29.084Z</time>
      </trkpt>
      <trkpt lat="45.958914" lon="10.886868">
        <ele>759.337665</ele>
        <time>2025-04-27T09:16:31.527Z</time>
      </trkpt>
      <trkpt lat="45.958725" lon="10.886957">
        <ele>757.673533</ele>
        <time>2025-04-27T09:16:36.179Z</time>
      </trkpt>
      <trkpt lat="45.958551" lon="10.887183">
        <ele>755.711791</ele>
        <time>2025-04-27T09:16:41.433Z</time>
      </trkpt>
      <trkpt lat="45.958185" lon="10.887753">
        <ele>749.239386</ele>
        <time>2025-04-27T09:16:53.163Z</time>
      </trkpt>
      <trkpt lat="45.957723" lon="10.888172">
        <ele>739.920334</ele>
        <time>2025-04-27T09:17:04.856Z</time>
      </trkpt>
      <trkpt lat="45.957553" lon="10.888291">
        <ele>736.694417</ele>
        <time>2025-04-27T09:17:08.922Z</time>
      </trkpt>
      <trkpt lat="45.957382" lon="10.88835">
        <ele>733.693902</ele>
        <time>2025-04-27T09:17:12.758Z</time>
      </trkpt>
      <trkpt lat="45.956563" lon="10.888369">
        <ele>721.260539</ele>
        <time>2025-04-27T09:17:30.935Z</time>
      </trkpt>
      <trkpt lat="45.956178" lon="10.888568">
        <ele>718.306095</ele>
        <time>2025-04-27T09:17:40.230Z</time>
      </trkpt>
      <trkpt lat="45.955894" lon="10.888606">
        <ele>716.246256</ele>
        <time>2025-04-27T09:17:46.793Z</time>
      </trkpt>
      <trkpt lat="45.955587" lon="10.888779">
        <ele>713.865103</ele>
        <time>2025-04-27T09:17:54.711Z</time>
      </trkpt>
      <trkpt lat="45.955435" lon="10.888803">
        <ele>712.760799</ele>
        <time>2025-04-27T09:17:58.594Z</time>
      </trkpt>
      <trkpt lat="45.955107" lon="10.888695">
        <ele>710.330787</ele>
        <time>2025-04-27T09:18:08.537Z</time>
      </trkpt>
      <trkpt lat="45.954851" lon="10.888776">
        <ele>708.813005</ele>
        <time>2025-04-27T09:18:20.122Z</time>
      </trkpt>
      <trkpt lat="45.954717" lon="10.888727">
        <ele>708.202477</ele>
        <time>2025-04-27T09:18:28.100Z</time>
      </trkpt>
      <trkpt lat="45.95465" lon="10.888653">
        <ele>707.829465</ele>
        <time>2025-04-27T09:18:33.604Z</time>
      </trkpt>
      <trkpt lat="45.954538" lon="10.888444">
        <ele>707.019366</ele>
        <time>2025-04-27T09:18:46.224Z</time>
      </trkpt>
      <trkpt lat="45.954278" lon="10.888178">
        <ele>705.610484</ele>
        <time>2025-04-27T09:19:07.598Z</time>
      </trkpt>
      <trkpt lat="45.954169" lon="10.888157">
        <ele>705.124873</ele>
        <time>2025-04-27T09:19:14.386Z</time>
      </trkpt>
      <trkpt lat="45.953533" lon="10.888249">
        <ele>702.302309</ele>
        <time>2025-04-27T09:19:30.933Z</time>
      </trkpt>
      <trkpt lat="45.95346" lon="10.888283">
        <ele>701.963483</ele>
        <time>2025-04-27T09:19:32.593Z</time>
      </trkpt>
      <trkpt lat="45.953186" lon="10.88858">
        <ele>696.392924</ele>
        <time>2025-04-27T09:19:39.963Z</time>
      </trkpt>
      <trkpt lat="45.952815" lon="10.888773">
        <ele>687.673897</ele>
        <time>2025-04-27T09:19:48.497Z</time>
      </trkpt>
      <trkpt lat="45.952802" lon="10.88878">
        <ele>687.367119</ele>
        <time>2025-04-27T09:19:48.784Z</time>
      </trkpt>
      <trkpt lat="45.952468" lon="10.888917">
        <ele>679.691314</ele>
        <time>2025-04-27T09:19:56.327Z</time>
      </trkpt>
      <trkpt lat="45.952242" lon="10.88892">
        <ele>674.696424</ele>
        <time>2025-04-27T09:20:01.195Z</time>
      </trkpt>
      <trkpt lat="45.951963" lon="10.888756">
        <ele>668.035375</ele>
        <time>2025-04-27T09:20:07.673Z</time>
      </trkpt>
      <trkpt lat="45.951698" lon="10.888458">
        <ele>661.401886</ele>
        <time>2025-04-27T09:20:14.915Z</time>
      </trkpt>
      <trkpt lat="45.951458" lon="10.88826">
        <ele>659.70071</ele>
        <time>2025-04-27T09:20:21.131Z</time>
      </trkpt>
      <trkpt lat="45.951238" lon="10.888121">
        <ele>658.223265</ele>
        <time>2025-04-27T09:20:27.154Z</time>
      </trkpt>
      <trkpt lat="45.951002" lon="10.887448">
        <ele>655.001023</ele>
        <time>2025-04-27T09:20:42.990Z</time>
      </trkpt>
      <trkpt lat="45.950965" lon="10.887457">
        <ele>654.770295</ele>
        <time>2025-04-27T09:20:44.321Z</time>
      </trkpt>
      <trkpt lat="45.950958" lon="10.887505">
        <ele>654.560633</ele>
        <time>2025-04-27T09:20:46.092Z</time>
      </trkpt>
      <trkpt lat="45.95099" lon="10.887785">
        <ele>653.347588</ele>
        <time>2025-04-27T09:20:56.361Z</time>
      </trkpt>
      <trkpt lat="45.950971" lon="10.887929">
        <ele>652.721011</ele>
        <time>2025-04-27T09:21:00.992Z</time>
      </trkpt>
      <trkpt lat="45.950846" lon="10.888138">
        <ele>651.542462</ele>
        <time>2025-04-27T09:21:06.597Z</time>
      </trkpt>
      <trkpt lat="45.950778" lon="10.888159">
        <ele>651.114831</ele>
        <time>2025-04-27T09:21:08.252Z</time>
      </trkpt>
      <trkpt lat="45.950742" lon="10.888137">
        <ele>650.87433</ele>
        <time>2025-04-27T09:21:09.206Z</time>
      </trkpt>
      <trkpt lat="45.950735" lon="10.88809">
        <ele>650.668849</ele>
        <time>2025-04-27T09:21:10.065Z</time>
      </trkpt>
      <trkpt lat="45.950796" lon="10.887883">
        <ele>650.081931</ele>
        <time>2025-04-27T09:21:14.265Z</time>
      </trkpt>
      <trkpt lat="45.950808" lon="10.887738">
        <ele>649.705219</ele>
        <time>2025-04-27T09:21:16.910Z</time>
      </trkpt>
      <trkpt lat="45.950747" lon="10.887362">
        <ele>648.709155</ele>
        <time>2025-04-27T09:21:23.577Z</time>
      </trkpt>
      <trkpt lat="45.950704" lon="10.887286">
        <ele>648.456375</ele>
        <time>2025-04-27T09:21:25.244Z</time>
      </trkpt>
      <trkpt lat="45.95068" lon="10.887289">
        <ele>648.366988</ele>
        <time>2025-04-27T09:21:25.865Z</time>
      </trkpt>
      <trkpt lat="45.950659" lon="10.887345">
        <ele>648.202845</ele>
        <time>2025-04-27T09:21:27.018Z</time>
      </trkpt>
      <trkpt lat="45.950646" lon="10.887495">
        <ele>647.812879</ele>
        <time>2025-04-27T09:21:29.648Z</time>
      </trkpt>
      <trkpt lat="45.950591" lon="10.887639">
        <ele>647.389022</ele>
        <time>2025-04-27T09:21:32.643Z</time>
      </trkpt>
      <trkpt lat="45.950425" lon="10.887723">
        <ele>646.736074</ele>
        <time>2025-04-27T09:21:37.133Z</time>
      </trkpt>
      <trkpt lat="45.950476" lon="10.887558">
        <ele>646.270236</ele>
        <time>2025-04-27T09:21:43.467Z</time>
      </trkpt>
      <trkpt lat="45.950291" lon="10.887511">
        <ele>645.573172</ele>
        <time>2025-04-27T09:21:52.574Z</time>
      </trkpt>
      <trkpt lat="45.950131" lon="10.887472">
        <ele>644.97103</ele>
        <time>2025-04-27T09:22:00.909Z</time>
      </trkpt>
      <trkpt lat="45.949994" lon="10.887365">
        <ele>644.392581</ele>
        <time>2025-04-27T09:22:08.722Z</time>
      </trkpt>
      <trkpt lat="45.94927" lon="10.885946">
        <ele>641.488741</ele>
        <time>2025-04-27T09:23:18.460Z</time>
      </trkpt>
      <trkpt lat="45.949151" lon="10.885777">
        <ele>641.114406</ele>
        <time>2025-04-27T09:23:28.215Z</time>
      </trkpt>
      <trkpt lat="45.949085" lon="10.885668">
        <ele>640.889458</ele>
        <time>2025-04-27T09:23:31.298Z</time>
      </trkpt>
      <trkpt lat="45.948999" lon="10.88532">
        <ele>640.314669</ele>
        <time>2025-04-27T09:23:38.656Z</time>
      </trkpt>
      <trkpt lat="45.948935" lon="10.885205">
        <ele>640.085422</ele>
        <time>2025-04-27T09:23:41.425Z</time>
      </trkpt>
      <trkpt lat="45.948809" lon="10.885071">
        <ele>639.217137</ele>
        <time>2025-04-27T09:23:45.537Z</time>
      </trkpt>
      <trkpt lat="45.948611" lon="10.884889">
        <ele>637.436506</ele>
        <time>2025-04-27T09:23:51.465Z</time>
      </trkpt>
      <trkpt lat="45.947674" lon="10.884277">
        <ele>629.638346</ele>
        <time>2025-04-27T09:24:15.771Z</time>
      </trkpt>
      <trkpt lat="45.946846" lon="10.883364">
        <ele>622.185312</ele>
        <time>2025-04-27T09:24:40.114Z</time>
      </trkpt>
      <trkpt lat="45.946595" lon="10.882976">
        <ele>619.668686</ele>
        <time>2025-04-27T09:24:48.942Z</time>
      </trkpt>
      <trkpt lat="45.946498" lon="10.882866">
        <ele>618.825048</ele>
        <time>2025-04-27T09:24:51.956Z</time>
      </trkpt>
      <trkpt lat="45.946319" lon="10.882672">
        <ele>617.294296</ele>
        <time>2025-04-27T09:24:57.497Z</time>
      </trkpt>
      <trkpt lat="45.945857" lon="10.882094">
        <ele>613.55137</ele>
        <time>2025-04-27T09:25:13.613Z</time>
      </trkpt>
      <trkpt lat="45.945588" lon="10.88169">
        <ele>612.154789</ele>
        <time>2025-04-27T09:25:25.120Z</time>
      </trkpt>
      <trkpt lat="45.944749" lon="10.8809">
        <ele>608.553888</ele>
        <time>2025-04-27T09:25:53.203Z</time>
      </trkpt>
      <trkpt lat="45.944639" lon="10.880833">
        <ele>608.124943</ele>
        <time>2025-04-27T09:25:56.359Z</time>
      </trkpt>
      <trkpt lat="45.944325" lon="10.880783">
        <ele>606.549262</ele>
        <time>2025-04-27T09:26:04.544Z</time>
      </trkpt>
      <trkpt lat="45.944046" lon="10.880539">
        <ele>604.498579</ele>
        <time>2025-04-27T09:26:12.781Z</time>
      </trkpt>
      <trkpt lat="45.943541" lon="10.880059">
        <ele>600.697048</ele>
        <time>2025-04-27T09:26:27.509Z</time>
      </trkpt>
      <trkpt lat="45.943329" lon="10.879716">
        <ele>598.693019</ele>
        <time>2025-04-27T09:26:35.344Z</time>
      </trkpt>
      <trkpt lat="45.942987" lon="10.879437">
        <ele>596.207523</ele>
        <time>2025-04-27T09:26:44.942Z</time>
      </trkpt>
      <trkpt lat="45.942635" lon="10.879027">
        <ele>592.600756</ele>
        <time>2025-04-27T09:26:55.853Z</time>
      </trkpt>
      <trkpt lat="45.942205" lon="10.878354">
        <ele>587.540329</ele>
        <time>2025-04-27T09:27:10.809Z</time>
      </trkpt>
      <trkpt lat="45.942098" lon="10.878251">
        <ele>586.515098</ele>
        <time>2025-04-27T09:27:13.819Z</time>
      </trkpt>
      <trkpt lat="45.941926" lon="10.878146">
        <ele>585.027281</ele>
        <time>2025-04-27T09:27:18.144Z</time>
      </trkpt>
      <trkpt lat="45.941641" lon="10.877644">
        <ele>581.697543</ele>
        <time>2025-04-27T09:27:28.779Z</time>
      </trkpt>
      <trkpt lat="45.941387" lon="10.877317">
        <ele>580.322827</ele>
        <time>2025-04-27T09:27:37.225Z</time>
      </trkpt>
      <trkpt lat="45.94124" lon="10.877188">
        <ele>579.628405</ele>
        <time>2025-04-27T09:27:41.739Z</time>
      </trkpt>
      <trkpt lat="45.941086" lon="10.876996">
        <ele>578.806518</ele>
        <time>2025-04-27T09:27:47.450Z</time>
      </trkpt>
      <trkpt lat="45.941027" lon="10.876815">
        <ele>578.245975</ele>
        <time>2025-04-27T09:27:51.698Z</time>
      </trkpt>
      <trkpt lat="45.941077" lon="10.876655">
        <ele>577.754092</ele>
        <time>2025-04-27T09:27:55.524Z</time>
      </trkpt>
      <trkpt lat="45.941432" lon="10.876118">
        <ele>575.676425</ele>
        <time>2025-04-27T09:28:11.462Z</time>
      </trkpt>
      <trkpt lat="45.941759" lon="10.875699">
        <ele>573.049131</ele>
        <time>2025-04-27T09:28:23.706Z</time>
      </trkpt>
      <trkpt lat="45.941769" lon="10.875637">
        <ele>572.678444</ele>
        <time>2025-04-27T09:28:24.876Z</time>
      </trkpt>
      <trkpt lat="45.941745" lon="10.875545">
        <ele>572.106152</ele>
        <time>2025-04-27T09:28:26.645Z</time>
      </trkpt>
      <trkpt lat="45.941649" lon="10.875565">
        <ele>571.293712</ele>
        <time>2025-04-27T09:28:29.118Z</time>
      </trkpt>
      <trkpt lat="45.941427" lon="10.875762">
        <ele>569.108836</ele>
        <time>2025-04-27T09:28:35.495Z</time>
      </trkpt>
      <trkpt lat="45.941269" lon="10.875771">
        <ele>567.784472</ele>
        <time>2025-04-27T09:28:39.235Z</time>
      </trkpt>
      <trkpt lat="45.941121" lon="10.875706">
        <ele>566.488378</ele>
        <time>2025-04-27T09:28:42.830Z</time>
      </trkpt>
      <trkpt lat="45.941054" lon="10.875713">
        <ele>565.925742</ele>
        <time>2025-04-27T09:28:44.386Z</time>
      </trkpt>
      <trkpt lat="45.940921" lon="10.87585">
        <ele>564.555504</ele>
        <time>2025-04-27T09:28:48.132Z</time>
      </trkpt>
      <trkpt lat="45.94085" lon="10.875863">
        <ele>563.956043</ele>
        <time>2025-04-27T09:28:49.755Z</time>
      </trkpt>
      <trkpt lat="45.940828" lon="10.875831">
        <ele>563.693958</ele>
        <time>2025-04-27T09:28:50.462Z</time>
      </trkpt>
      <trkpt lat="45.940854" lon="10.875673">
        <ele>562.748302</ele>
        <time>2025-04-27T09:28:53.020Z</time>
      </trkpt>
      <trkpt lat="45.940936" lon="10.875524">
        <ele>561.641597</ele>
        <time>2025-04-27T09:28:55.950Z</time>
      </trkpt>
      <trkpt lat="45.940958" lon="10.875382">
        <ele>560.794268</ele>
        <time>2025-04-27T09:28:58.225Z</time>
      </trkpt>
      <trkpt lat="45.940935" lon="10.875004">
        <ele>558.283666</ele>
        <time>2025-04-27T09:29:04.172Z</time>
      </trkpt>
      <trkpt lat="45.940981" lon="10.87487">
        <ele>557.16673</ele>
        <time>2025-04-27T09:29:06.527Z</time>
      </trkpt>
      <trkpt lat="45.941366" lon="10.874446">
        <ele>551.954595</ele>
        <time>2025-04-27T09:29:17.606Z</time>
      </trkpt>
      <trkpt lat="45.941358" lon="10.874339">
        <ele>551.150247</ele>
        <time>2025-04-27T09:29:19.324Z</time>
      </trkpt>
      <trkpt lat="45.941318" lon="10.874323">
        <ele>550.703999</ele>
        <time>2025-04-27T09:29:20.275Z</time>
      </trkpt>
      <trkpt lat="45.941193" lon="10.874442">
        <ele>549.092748</ele>
        <time>2025-04-27T09:29:23.730Z</time>
      </trkpt>
      <trkpt lat="45.940807" lon="10.87461">
        <ele>544.758106</ele>
        <time>2025-04-27T09:29:32.969Z</time>
      </trkpt>
      <trkpt lat="45.940488" lon="10.874674">
        <ele>541.296239</ele>
        <time>2025-04-27T09:29:40.386Z</time>
      </trkpt>
      <trkpt lat="45.940189" lon="10.874795">
        <ele>537.88671</ele>
        <time>2025-04-27T09:29:47.574Z</time>
      </trkpt>
      <trkpt lat="45.940137" lon="10.874788">
        <ele>537.308443</ele>
        <time>2025-04-27T09:29:48.808Z</time>
      </trkpt>
      <trkpt lat="45.940104" lon="10.874737">
        <ele>536.772065</ele>
        <time>2025-04-27T09:29:49.922Z</time>
      </trkpt>
      <trkpt lat="45.940111" lon="10.87462">
        <ele>535.867877</ele>
        <time>2025-04-27T09:29:51.815Z</time>
      </trkpt>
      <trkpt lat="45.940319" lon="10.874488">
        <ele>533.350581</ele>
        <time>2025-04-27T09:29:57.081Z</time>
      </trkpt>
      <trkpt lat="45.94049" lon="10.874189">
        <ele>530.36985</ele>
        <time>2025-04-27T09:30:03.237Z</time>
      </trkpt>
      <trkpt lat="45.940895" lon="10.873824">
        <ele>525.077769</ele>
        <time>2025-04-27T09:30:14.027Z</time>
      </trkpt>
      <trkpt lat="45.940943" lon="10.873706">
        <ele>524.025197</ele>
        <time>2025-04-27T09:30:16.163Z</time>
      </trkpt>
      <trkpt lat="45.940941" lon="10.87358">
        <ele>523.054802</ele>
        <time>2025-04-27T09:30:18.139Z</time>
      </trkpt>
      <trkpt lat="45.940884" lon="10.873392">
        <ele>521.475689</ele>
        <time>2025-04-27T09:30:21.356Z</time>
      </trkpt>
      <trkpt lat="45.940301" lon="10.87304">
        <ele>514.192444</ele>
        <time>2025-04-27T09:30:35.637Z</time>
      </trkpt>
      <trkpt lat="45.940029" lon="10.872587">
        <ele>509.364623</ele>
        <time>2025-04-27T09:30:45.061Z</time>
      </trkpt>
      <trkpt lat="45.939981" lon="10.872574">
        <ele>508.798044</ele>
        <time>2025-04-27T09:30:46.170Z</time>
      </trkpt>
      <trkpt lat="45.939944" lon="10.872616">
        <ele>508.251244</ele>
        <time>2025-04-27T09:30:47.221Z</time>
      </trkpt>
      <trkpt lat="45.939946" lon="10.872661">
        <ele>507.887505</ele>
        <time>2025-04-27T09:30:47.924Z</time>
      </trkpt>
      <trkpt lat="45.94012" lon="10.873135">
        <ele>503.563905</ele>
        <time>2025-04-27T09:30:56.354Z</time>
      </trkpt>
      <trkpt lat="45.940098" lon="10.873325">
        <ele>502.01015</ele>
        <time>2025-04-27T09:30:59.403Z</time>
      </trkpt>
      <trkpt lat="45.940057" lon="10.873371">
        <ele>501.406929</ele>
        <time>2025-04-27T09:31:00.592Z</time>
      </trkpt>
      <trkpt lat="45.939772" lon="10.873322">
        <ele>497.919741</ele>
        <time>2025-04-27T09:31:07.167Z</time>
      </trkpt>
      <trkpt lat="45.939373" lon="10.873381">
        <ele>492.763491</ele>
        <time>2025-04-27T09:31:16.389Z</time>
      </trkpt>
      <trkpt lat="45.938982" lon="10.873601">
        <ele>487.366047</ele>
        <time>2025-04-27T09:31:25.904Z</time>
      </trkpt>
      <trkpt lat="45.938942" lon="10.873598">
        <ele>486.851142</ele>
        <time>2025-04-27T09:31:26.809Z</time>
      </trkpt>
      <trkpt lat="45.938925" lon="10.873572">
        <ele>486.532106</ele>
        <time>2025-04-27T09:31:27.356Z</time>
      </trkpt>
      <trkpt lat="45.938937" lon="10.873525">
        <ele>486.084513</ele>
        <time>2025-04-27T09:31:28.140Z</time>
      </trkpt>
      <trkpt lat="45.939239" lon="10.873264">
        <ele>481.555045</ele>
        <time>2025-04-27T09:31:35.950Z</time>
      </trkpt>
      <trkpt lat="45.939391" lon="10.873043">
        <ele>478.776313</ele>
        <time>2025-04-27T09:31:40.729Z</time>
      </trkpt>
      <trkpt lat="45.939448" lon="10.872847">
        <ele>476.877088</ele>
        <time>2025-04-27T09:31:43.971Z</time>
      </trkpt>
      <trkpt lat="45.939448" lon="10.872784">
        <ele>476.294861</ele>
        <time>2025-04-27T09:31:44.942Z</time>
      </trkpt>
      <trkpt lat="45.939373" lon="10.872592">
        <ele>473.947704</ele>
        <time>2025-04-27T09:31:48.302Z</time>
      </trkpt>
      <trkpt lat="45.938841" lon="10.872207">
        <ele>464.81959</ele>
        <time>2025-04-27T09:32:01.344Z</time>
      </trkpt>
      <trkpt lat="45.93863" lon="10.871933">
        <ele>460.462165</ele>
        <time>2025-04-27T09:32:07.551Z</time>
      </trkpt>
      <trkpt lat="45.938474" lon="10.871802">
        <ele>457.693371</ele>
        <time>2025-04-27T09:32:11.481Z</time>
      </trkpt>
      <trkpt lat="45.938003" lon="10.87154">
        <ele>449.953223</ele>
        <time>2025-04-27T09:32:22.616Z</time>
      </trkpt>
      <trkpt lat="45.937517" lon="10.871092">
        <ele>444.087719</ele>
        <time>2025-04-27T09:32:35.620Z</time>
      </trkpt>
      <trkpt lat="45.937089" lon="10.870829">
        <ele>439.702661</ele>
        <time>2025-04-27T09:32:46.357Z</time>
      </trkpt>
      <trkpt lat="45.936963" lon="10.870714">
        <ele>438.296642</ele>
        <time>2025-04-27T09:32:49.855Z</time>
      </trkpt>
      <trkpt lat="45.936695" lon="10.870355">
        <ele>434.845869</ele>
        <time>2025-04-27T09:32:58.694Z</time>
      </trkpt>
      <trkpt lat="45.936656" lon="10.870322">
        <ele>434.419542</ele>
        <time>2025-04-27T09:32:59.841Z</time>
      </trkpt>
      <trkpt lat="45.936601" lon="10.870335">
        <ele>433.894419</ele>
        <time>2025-04-27T09:33:01.169Z</time>
      </trkpt>
      <trkpt lat="45.936608" lon="10.870428">
        <ele>433.28152</ele>
        <time>2025-04-27T09:33:02.807Z</time>
      </trkpt>
      <trkpt lat="45.936749" lon="10.870653">
        <ele>431.650928</ele>
        <time>2025-04-27T09:33:08.124Z</time>
      </trkpt>
      <trkpt lat="45.936917" lon="10.871064">
        <ele>430.359666</ele>
        <time>2025-04-27T09:33:16.674Z</time>
      </trkpt>
      <trkpt lat="45.937306" lon="10.871439">
        <ele>428.535675</ele>
        <time>2025-04-27T09:33:29.252Z</time>
      </trkpt>
      <trkpt lat="45.937839" lon="10.872188">
        <ele>425.633141</ele>
        <time>2025-04-27T09:33:51.881Z</time>
      </trkpt>
      <trkpt lat="45.937909" lon="10.872352">
        <ele>425.111957</ele>
        <time>2025-04-27T09:33:55.505Z</time>
      </trkpt>
      <trkpt lat="45.937951" lon="10.872643">
        <ele>423.607229</ele>
        <time>2025-04-27T09:34:00.846Z</time>
      </trkpt>
      <trkpt lat="45.937942" lon="10.873094">
        <ele>420.931327</ele>
        <time>2025-04-27T09:34:08.680Z</time>
      </trkpt>
      <trkpt lat="45.937907" lon="10.87321">
        <ele>420.181391</ele>
        <time>2025-04-27T09:34:10.836Z</time>
      </trkpt>
      <trkpt lat="45.937859" lon="10.873214">
        <ele>419.77135</ele>
        <time>2025-04-27T09:34:11.988Z</time>
      </trkpt>
      <trkpt lat="45.937808" lon="10.872878">
        <ele>417.731678</ele>
        <time>2025-04-27T09:34:17.694Z</time>
      </trkpt>
      <trkpt lat="45.937689" lon="10.872604">
        <ele>415.815765</ele>
        <time>2025-04-27T09:34:22.950Z</time>
      </trkpt>
      <trkpt lat="45.937524" lon="10.87242">
        <ele>414.035045</ele>
        <time>2025-04-27T09:34:27.785Z</time>
      </trkpt>
      <trkpt lat="45.93742" lon="10.872404">
        <ele>413.14305</ele>
        <time>2025-04-27T09:34:30.172Z</time>
      </trkpt>
      <trkpt lat="45.937385" lon="10.872419">
        <ele>412.831588</ele>
        <time>2025-04-27T09:34:30.997Z</time>
      </trkpt>
      <trkpt lat="45.937348" lon="10.872495">
        <ele>412.281369</ele>
        <time>2025-04-27T09:34:32.471Z</time>
      </trkpt>
      <trkpt lat="45.937319" lon="10.872838">
        <ele>410.232096</ele>
        <time>2025-04-27T09:34:37.868Z</time>
      </trkpt>
      <trkpt lat="45.937252" lon="10.872967">
        <ele>409.126211</ele>
        <time>2025-04-27T09:34:40.355Z</time>
      </trkpt>
      <trkpt lat="45.936564" lon="10.873445">
        <ele>399.080835</ele>
        <time>2025-04-27T09:34:57.454Z</time>
      </trkpt>
      <trkpt lat="45.936345" lon="10.873697">
        <ele>395.393314</ele>
        <time>2025-04-27T09:35:03.678Z</time>
      </trkpt>
      <trkpt lat="45.936246" lon="10.873748">
        <ele>394.010787</ele>
        <time>2025-04-27T09:35:06.014Z</time>
      </trkpt>
      <trkpt lat="45.936153" lon="10.873749">
        <ele>392.788114</ele>
        <time>2025-04-27T09:35:08.075Z</time>
      </trkpt>
      <trkpt lat="45.936135" lon="10.873748">
        <ele>392.551297</ele>
        <time>2025-04-27T09:35:08.471Z</time>
      </trkpt>
      <trkpt lat="45.935949" lon="10.873673">
        <ele>390.01169</ele>
        <time>2025-04-27T09:35:12.774Z</time>
      </trkpt>
      <trkpt lat="45.935597" lon="10.873352">
        <ele>384.72535</ele>
        <time>2025-04-27T09:35:22.083Z</time>
      </trkpt>
      <trkpt lat="45.935434" lon="10.873116">
        <ele>382.111326</ele>
        <time>2025-04-27T09:35:27.286Z</time>
      </trkpt>
      <trkpt lat="45.935374" lon="10.872526">
        <ele>377.425081</ele>
        <time>2025-04-27T09:35:36.641Z</time>
      </trkpt>
      <trkpt lat="45.935268" lon="10.872095">
        <ele>373.832193</ele>
        <time>2025-04-27T09:35:43.793Z</time>
      </trkpt>
      <trkpt lat="45.935115" lon="10.871828">
        <ele>371.113229</ele>
        <time>2025-04-27T09:35:49.310Z</time>
      </trkpt>
      <trkpt lat="45.934898" lon="10.871523">
        <ele>367.68403</ele>
        <time>2025-04-27T09:35:56.347Z</time>
      </trkpt>
      <trkpt lat="45.934265" lon="10.871014">
        <ele>361.854222</ele>
        <time>2025-04-27T09:36:13.382Z</time>
      </trkpt>
      <trkpt lat="45.933888" lon="10.870924">
        <ele>359.21181</ele>
        <time>2025-04-27T09:36:22.507Z</time>
      </trkpt>
      <trkpt lat="45.932982" lon="10.870665">
        <ele>352.830369</ele>
        <time>2025-04-27T09:36:45.873Z</time>
      </trkpt>
      <trkpt lat="45.932908" lon="10.87065">
        <ele>352.322638</ele>
        <time>2025-04-27T09:36:47.876Z</time>
      </trkpt>
      <trkpt lat="45.93266" lon="10.870546">
        <ele>350.567511</ele>
        <time>2025-04-27T09:36:54.767Z</time>
      </trkpt>
      <trkpt lat="45.93248" lon="10.870379">
        <ele>349.112083</ele>
        <time>2025-04-27T09:37:00.556Z</time>
      </trkpt>
      <trkpt lat="45.932391" lon="10.870278">
        <ele>348.341759</ele>
        <time>2025-04-27T09:37:03.535Z</time>
      </trkpt>
      <trkpt lat="45.932204" lon="10.87005">
        <ele>346.675966</ele>
        <time>2025-04-27T09:37:09.839Z</time>
      </trkpt>
      <trkpt lat="45.932022" lon="10.869828">
        <ele>345.054416</ele>
        <time>2025-04-27T09:37:15.796Z</time>
      </trkpt>
      <trkpt lat="45.931778" lon="10.869548">
        <ele>342.933399</ele>
        <time>2025-04-27T09:37:23.331Z</time>
      </trkpt>
      <trkpt lat="45.931666" lon="10.869374">
        <ele>341.813107</ele>
        <time>2025-04-27T09:37:27.210Z</time>
      </trkpt>
      <trkpt lat="45.930948" lon="10.867771">
        <ele>324.918253</ele>
        <time>2025-04-27T09:37:56.768Z</time>
      </trkpt>
      <trkpt lat="45.930758" lon="10.867454">
        <ele>321.021527</ele>
        <time>2025-04-27T09:38:03.116Z</time>
      </trkpt>
      <trkpt lat="45.93047" lon="10.867157">
        <ele>316.33268</ele>
        <time>2025-04-27T09:38:10.975Z</time>
      </trkpt>
      <trkpt lat="45.930121" lon="10.866983">
        <ele>311.875402</ele>
        <time>2025-04-27T09:38:19.227Z</time>
      </trkpt>
      <trkpt lat="45.929942" lon="10.866929">
        <ele>309.668436</ele>
        <time>2025-04-27T09:38:23.317Z</time>
      </trkpt>
      <trkpt lat="45.929559" lon="10.866818">
        <ele>304.953946</ele>
        <time>2025-04-27T09:38:32.126Z</time>
      </trkpt>
      <trkpt lat="45.929198" lon="10.866793">
        <ele>300.592833</ele>
        <time>2025-04-27T09:38:40.448Z</time>
      </trkpt>
      <trkpt lat="45.928139" lon="10.8668">
        <ele>289.376365</ele>
        <time>2025-04-27T09:39:04.620Z</time>
      </trkpt>
      <trkpt lat="45.92794" lon="10.866753">
        <ele>287.461635</ele>
        <time>2025-04-27T09:39:09.177Z</time>
      </trkpt>
      <trkpt lat="45.927853" lon="10.866676">
        <ele>286.491639</ele>
        <time>2025-04-27T09:39:11.503Z</time>
      </trkpt>
      <trkpt lat="45.927785" lon="10.866561">
        <ele>285.494835</ele>
        <time>2025-04-27T09:39:13.936Z</time>
      </trkpt>
      <trkpt lat="45.927724" lon="10.866342">
        <ele>283.936898</ele>
        <time>2025-04-27T09:39:17.793Z</time>
      </trkpt>
      <trkpt lat="45.927718" lon="10.866215">
        <ele>283.096252</ele>
        <time>2025-04-27T09:39:19.867Z</time>
      </trkpt>
      <trkpt lat="45.927746" lon="10.866046">
        <ele>281.948944</ele>
        <time>2025-04-27T09:39:22.755Z</time>
      </trkpt>
      <trkpt lat="45.927859" lon="10.865834">
        <ele>280.185079</ele>
        <time>2025-04-27T09:39:27.208Z</time>
      </trkpt>
      <trkpt lat="45.927951" lon="10.865747">
        <ele>279.139566</ele>
        <time>2025-04-27T09:39:29.868Z</time>
      </trkpt>
      <trkpt lat="45.928205" lon="10.8656">
        <ele>276.749189</ele>
        <time>2025-04-27T09:39:36.573Z</time>
      </trkpt>
      <trkpt lat="45.928505" lon="10.865466">
        <ele>274.17562</ele>
        <time>2025-04-27T09:39:44.277Z</time>
      </trkpt>
      <trkpt lat="45.928665" lon="10.865387">
        <ele>272.789708</ele>
        <time>2025-04-27T09:39:48.440Z</time>
      </trkpt>
      <trkpt lat="45.928767" lon="10.865278">
        <ele>271.748547</ele>
        <time>2025-04-27T09:39:51.592Z</time>
      </trkpt>
      <trkpt lat="45.928875" lon="10.865091">
        <ele>270.363547</ele>
        <time>2025-04-27T09:39:55.787Z</time>
      </trkpt>
      <trkpt lat="45.928904" lon="10.864967">
        <ele>269.618104</ele>
        <time>2025-04-27T09:39:58.011Z</time>
      </trkpt>
      <trkpt lat="45.928884" lon="10.864803">
        <ele>268.669352</ele>
        <time>2025-04-27T09:40:00.814Z</time>
      </trkpt>
      <trkpt lat="45.92881" lon="10.864672">
        <ele>267.707731</ele>
        <time>2025-04-27T09:40:03.625Z</time>
      </trkpt>
      <trkpt lat="45.928525" lon="10.864231">
        <ele>264.277577</ele>
        <time>2025-04-27T09:40:13.304Z</time>
      </trkpt>
      <trkpt lat="45.928224" lon="10.863919">
        <ele>259.734715</ele>
        <time>2025-04-27T09:40:21.687Z</time>
      </trkpt>
      <trkpt lat="45.928083" lon="10.863625">
        <ele>256.238742</ele>
        <time>2025-04-27T09:40:27.245Z</time>
      </trkpt>
      <trkpt lat="45.92806" lon="10.863579">
        <ele>255.684146</ele>
        <time>2025-04-27T09:40:28.120Z</time>
      </trkpt>
      <trkpt lat="45.927687" lon="10.863037">
        <ele>248.220026</ele>
        <time>2025-04-27T09:40:39.939Z</time>
      </trkpt>
      <trkpt lat="45.927169" lon="10.862245">
        <ele>237.404694</ele>
        <time>2025-04-27T09:40:56.560Z</time>
      </trkpt>
      <trkpt lat="45.926882" lon="10.861842">
        <ele>229.536946</ele>
        <time>2025-04-27T09:41:05.255Z</time>
      </trkpt>
      <trkpt lat="45.926475" lon="10.861401">
        <ele>219.541935</ele>
        <time>2025-04-27T09:41:16.244Z</time>
      </trkpt>
      <trkpt lat="45.925947" lon="10.86099">
        <ele>207.766655</ele>
        <time>2025-04-27T09:41:29.125Z</time>
      </trkpt>
      <trkpt lat="45.925645" lon="10.860711">
        <ele>200.82836</ele>
        <time>2025-04-27T09:41:36.854Z</time>
      </trkpt>
      <trkpt lat="45.925328" lon="10.86046">
        <ele>194.089566</ele>
        <time>2025-04-27T09:41:44.679Z</time>
      </trkpt>
      <trkpt lat="45.924555" lon="10.859901">
        <ele>177.977388</ele>
        <time>2025-04-27T09:42:03.403Z</time>
      </trkpt>
      <trkpt lat="45.924385" lon="10.859844">
        <ele>174.726934</ele>
        <time>2025-04-27T09:42:07.216Z</time>
      </trkpt>
      <trkpt lat="45.924094" lon="10.859827">
        <ele>169.303878</ele>
        <time>2025-04-27T09:42:13.559Z</time>
      </trkpt>
      <trkpt lat="45.923949" lon="10.859744">
        <ele>167.028556</ele>
        <time>2025-04-27T09:42:16.930Z</time>
      </trkpt>
      <trkpt lat="45.923811" lon="10.859537">
        <ele>164.13608</ele>
        <time>2025-04-27T09:42:21.270Z</time>
      </trkpt>
      <trkpt lat="45.923592" lon="10.85895">
        <ele>157.416266</ele>
        <time>2025-04-27T09:42:31.566Z</time>
      </trkpt>
      <trkpt lat="45.923492" lon="10.858831">
        <ele>155.533574</ele>
        <time>2025-04-27T09:42:34.520Z</time>
      </trkpt>
      <trkpt lat="45.923228" lon="10.858708">
        <ele>151.508792</ele>
        <time>2025-04-27T09:42:40.732Z</time>
      </trkpt>
      <trkpt lat="45.923077" lon="10.858492">
        <ele>148.419423</ele>
        <time>2025-04-27T09:42:45.428Z</time>
      </trkpt>
      <trkpt lat="45.92291" lon="10.858251">
        <ele>144.987633</ele>
        <time>2025-04-27T09:42:50.667Z</time>
      </trkpt>
      <trkpt lat="45.922679" lon="10.85805">
        <ele>141.470144</ele>
        <time>2025-04-27T09:42:56.670Z</time>
      </trkpt>
      <trkpt lat="45.92253" lon="10.857984">
        <ele>139.639454</ele>
        <time>2025-04-27T09:43:00.177Z</time>
      </trkpt>
      <trkpt lat="45.922443" lon="10.857984">
        <ele>138.617923</ele>
        <time>2025-04-27T09:43:02.091Z</time>
      </trkpt>
      <trkpt lat="45.922022" lon="10.857953">
        <ele>133.668171</ele>
        <time>2025-04-27T09:43:11.842Z</time>
      </trkpt>
      <trkpt lat="45.921685" lon="10.857904">
        <ele>129.691016</ele>
        <time>2025-04-27T09:43:19.460Z</time>
      </trkpt>
      <trkpt lat="45.921583" lon="10.85785">
        <ele>128.414721</ele>
        <time>2025-04-27T09:43:21.862Z</time>
      </trkpt>
      <trkpt lat="45.921488" lon="10.857654">
        <ele>126.463499</ele>
        <time>2025-04-27T09:43:25.590Z</time>
      </trkpt>
      <trkpt lat="45.921398" lon="10.857305">
        <ele>123.423273</ele>
        <time>2025-04-27T09:43:31.503Z</time>
      </trkpt>
      <trkpt lat="45.920984" lon="10.856589">
        <ele>116.794722</ele>
        <time>2025-04-27T09:43:46.643Z</time>
      </trkpt>
      <trkpt lat="45.920805" lon="10.856548">
        <ele>115.000092</ele>
        <time>2025-04-27T09:43:50.889Z</time>
      </trkpt>
      <trkpt lat="45.920713" lon="10.856644">
        <ele>113.874516</ele>
        <time>2025-04-27T09:43:53.529Z</time>
      </trkpt>
      <trkpt lat="45.920633" lon="10.85724">
        <ele>109.693763</ele>
        <time>2025-04-27T09:44:03.337Z</time>
      </trkpt>
      <trkpt lat="45.920446" lon="10.857726">
        <ele>105.868441</ele>
        <time>2025-04-27T09:44:12.260Z</time>
      </trkpt>
      <trkpt lat="45.920426" lon="10.857765">
        <ele>105.534723</ele>
        <time>2025-04-27T09:44:13.029Z</time>
      </trkpt>
      <trkpt lat="45.920412" lon="10.858211">
        <ele>102.745743</ele>
        <time>2025-04-27T09:44:20.115Z</time>
      </trkpt>
      <trkpt lat="45.920398" lon="10.858343">
        <ele>101.974037</ele>
        <time>2025-04-27T09:44:22.232Z</time>
      </trkpt>
      <trkpt lat="45.920267" lon="10.858555">
        <ele>100.335221</ele>
        <time>2025-04-27T09:44:26.767Z</time>
      </trkpt>
      <trkpt lat="45.920217" lon="10.858659">
        <ele>99.604581</ele>
        <time>2025-04-27T09:44:28.821Z</time>
      </trkpt>
      <trkpt lat="45.920079" lon="10.858978">
        <ele>97.433514</ele>
        <time>2025-04-27T09:44:34.968Z</time>
      </trkpt>
      <trkpt lat="45.919907" lon="10.859291">
        <ele>95.128221</ele>
        <time>2025-04-27T09:44:41.543Z</time>
      </trkpt>
      <trkpt lat="45.919651" lon="10.859802">
        <ele>91.488765</ele>
        <time>2025-04-27T09:44:52.101Z</time>
      </trkpt>
      <trkpt lat="45.91967" lon="10.859824">
        <ele>91.286073</ele>
        <time>2025-04-27T09:44:52.921Z</time>
      </trkpt>
      <trkpt lat="45.919706" lon="10.859754">
        <ele>90.782955</ele>
        <time>2025-04-27T09:45:00.030Z</time>
      </trkpt>
      <trkpt lat="45.91967" lon="10.859824">
        <ele>90.279837</ele>
        <time>2025-04-27T09:45:07.143Z</time>
      </trkpt>
      <trkpt lat="45.919651" lon="10.859802">
        <ele>90.077145</ele>
        <time>2025-04-27T09:45:07.971Z</time>
      </trkpt>
      <trkpt lat="45.919329" lon="10.860383">
        <ele>87.575455</ele>
        <time>2025-04-27T09:45:20.898Z</time>
      </trkpt>
      <trkpt lat="45.91896" lon="10.861033">
        <ele>85.201109</ele>
        <time>2025-04-27T09:45:36.296Z</time>
      </trkpt>
      <trkpt lat="45.918797" lon="10.861312">
        <ele>84.169994</ele>
        <time>2025-04-27T09:45:43.205Z</time>
      </trkpt>
      <trkpt lat="45.918541" lon="10.861755">
        <ele>82.54011</ele>
        <time>2025-04-27T09:45:54.568Z</time>
      </trkpt>
      <trkpt lat="45.918535" lon="10.861766">
        <ele>82.50055</ele>
        <time>2025-04-27T09:45:54.874Z</time>
      </trkpt>
      <trkpt lat="45.918481" lon="10.861855">
        <ele>82.166327</ele>
        <time>2025-04-27T09:45:57.276Z</time>
      </trkpt>
      <trkpt lat="45.918611" lon="10.862056">
        <ele>81.90298</ele>
        <time>2025-04-27T09:46:02.975Z</time>
      </trkpt>
      <trkpt lat="45.918762" lon="10.862354">
        <ele>81.770986</ele>
        <time>2025-04-27T09:46:10.869Z</time>
      </trkpt>
      <trkpt lat="45.918791" lon="10.862465">
        <ele>81.728535</ele>
        <time>2025-04-27T09:46:13.514Z</time>
      </trkpt>
      <trkpt lat="45.918778" lon="10.862622">
        <ele>81.671928</ele>
        <time>2025-04-27T09:46:17.108Z</time>
      </trkpt>
      <trkpt lat="45.918717" lon="10.862844">
        <ele>81.58647</ele>
        <time>2025-04-27T09:46:22.752Z</time>
      </trkpt>
      <trkpt lat="45.918452" lon="10.863369">
        <ele>81.35424</ele>
        <time>2025-04-27T09:46:39.552Z</time>
      </trkpt>
      <trkpt lat="45.918415" lon="10.863477">
        <ele>81.311139</ele>
        <time>2025-04-27T09:46:42.885Z</time>
      </trkpt>
      <trkpt lat="45.918355" lon="10.863838">
        <ele>81.178253</ele>
        <time>2025-04-27T09:46:53.319Z</time>
      </trkpt>
      <trkpt lat="45.918341" lon="10.864714">
        <ele>81.363295</ele>
        <time>2025-04-27T09:47:19.400Z</time>
      </trkpt>
      <trkpt lat="45.918341" lon="10.864789">
        <ele>81.408012</ele>
        <time>2025-04-27T09:47:21.733Z</time>
      </trkpt>
      <trkpt lat="45.918341" lon="10.865092">
        <ele>81.58867</ele>
        <time>2025-04-27T09:47:31.274Z</time>
      </trkpt>
      <trkpt lat="45.918361" lon="10.865597">
        <ele>81.890253</ele>
        <time>2025-04-27T09:47:47.302Z</time>
      </trkpt>
      <trkpt lat="45.918367" lon="10.865729">
        <ele>81.969123</ele>
        <time>2025-04-27T09:47:51.449Z</time>
      </trkpt>
      <trkpt lat="45.918394" lon="10.866199">
        <ele>82.250305</ele>
        <time>2025-04-27T09:48:05.863Z</time>
      </trkpt>
      <trkpt lat="45.9184" lon="10.866233">
        <ele>82.271218</ele>
        <time>2025-04-27T09:48:06.922Z</time>
      </trkpt>
      <trkpt lat="45.918431" lon="10.866358">
        <ele>82.350341</ele>
        <time>2025-04-27T09:48:10.873Z</time>
      </trkpt>
      <trkpt lat="45.918485" lon="10.86653">
        <ele>82.462852</ele>
        <time>2025-04-27T09:48:16.462Z</time>
      </trkpt>
      <trkpt lat="45.918586" lon="10.866805">
        <ele>82.624973</ele>
        <time>2025-04-27T09:48:25.672Z</time>
      </trkpt>
      <trkpt lat="45.918608" lon="10.866869">
        <ele>82.649541</ele>
        <time>2025-04-27T09:48:27.816Z</time>
      </trkpt>
      <trkpt lat="45.918621" lon="10.866995">
        <ele>82.693378</ele>
        <time>2025-04-27T09:48:31.620Z</time>
      </trkpt>
      <trkpt lat="45.918607" lon="10.86703">
        <ele>82.707272</ele>
        <time>2025-04-27T09:48:32.790Z</time>
      </trkpt>
      <trkpt lat="45.918507" lon="10.867159">
        <ele>82.773742</ele>
        <time>2025-04-27T09:48:38.501Z</time>
      </trkpt>
      <trkpt lat="45.918355" lon="10.86737">
        <ele>82.878275</ele>
        <time>2025-04-27T09:48:47.402Z</time>
      </trkpt>
      <trkpt lat="45.918184" lon="10.867675">
        <ele>83.013085</ele>
        <time>2025-04-27T09:48:58.765Z</time>
      </trkpt>
      <trkpt lat="45.918003" lon="10.868039">
        <ele>83.167067</ele>
        <time>2025-04-27T09:49:11.419Z</time>
      </trkpt>
      <trkpt lat="45.917942" lon="10.868171">
        <ele>83.221604</ele>
        <time>2025-04-27T09:49:15.856Z</time>
      </trkpt>
      <trkpt lat="45.917695" lon="10.868716">
        <ele>83.445459</ele>
        <time>2025-04-27T09:49:33.795Z</time>
      </trkpt>
      <trkpt lat="45.917616" lon="10.869162">
        <ele>83.516865</ele>
        <time>2025-04-27T09:49:46.572Z</time>
      </trkpt>
      <trkpt lat="45.917251" lon="10.872507">
        <ele>83.9176</ele>
        <time>2025-04-27T09:51:17.322Z</time>
      </trkpt>
      <trkpt lat="45.917091" lon="10.873994">
        <ele>84.175021</ele>
        <time>2025-04-27T09:51:58.600Z</time>
      </trkpt>
      <trkpt lat="45.917062" lon="10.874248">
        <ele>84.272962</ele>
        <time>2025-04-27T09:52:05.977Z</time>
      </trkpt>
      <trkpt lat="45.917033" lon="10.874542">
        <ele>84.38595</ele>
        <time>2025-04-27T09:52:14.591Z</time>
      </trkpt>
      <trkpt lat="45.91697" lon="10.875093">
        <ele>84.59842</ele>
        <time>2025-04-27T09:52:31.130Z</time>
      </trkpt>
      <trkpt lat="45.916939" lon="10.875366">
        <ele>84.703673</ele>
        <time>2025-04-27T09:52:39.326Z</time>
      </trkpt>
      <trkpt lat="45.916879" lon="10.875483">
        <ele>84.75898</ele>
        <time>2025-04-27T09:52:43.548Z</time>
      </trkpt>
      <trkpt lat="45.916825" lon="10.875596">
        <ele>84.811144</ele>
        <time>2025-04-27T09:52:47.368Z</time>
      </trkpt>
      <trkpt lat="45.916431" lon="10.876458">
        <ele>85.185775</ele>
        <time>2025-04-27T09:53:16.869Z</time>
      </trkpt>
      <trkpt lat="45.916304" lon="10.876743">
        <ele>85.282622</ele>
        <time>2025-04-27T09:53:26.925Z</time>
      </trkpt>
      <trkpt lat="45.916239" lon="10.876883">
        <ele>85.330784</ele>
        <time>2025-04-27T09:53:31.865Z</time>
      </trkpt>
      <trkpt lat="45.916227" lon="10.876909">
        <ele>85.339712</ele>
        <time>2025-04-27T09:53:32.799Z</time>
      </trkpt>
      <trkpt lat="45.916089" lon="10.877207">
        <ele>85.442148</ele>
        <time>2025-04-27T09:53:43.068Z</time>
      </trkpt>
      <trkpt lat="45.916001" lon="10.877401">
        <ele>85.508418</ele>
        <time>2025-04-27T09:53:49.378Z</time>
      </trkpt>
      <trkpt lat="45.915945" lon="10.877525">
        <ele>85.550721</ele>
        <time>2025-04-27T09:53:53.368Z</time>
      </trkpt>
      <trkpt lat="45.915854" lon="10.877727">
        <ele>85.619583</ele>
        <time>2025-04-27T09:53:59.727Z</time>
      </trkpt>
      <trkpt lat="45.91579" lon="10.877875">
        <ele>85.669447</ele>
        <time>2025-04-27T09:54:04.323Z</time>
      </trkpt>
      <trkpt lat="45.915599" lon="10.878341">
        <ele>85.824214</ele>
        <time>2025-04-27T09:54:19.152Z</time>
      </trkpt>
      <trkpt lat="45.915564" lon="10.87844">
        <ele>85.855991</ele>
        <time>2025-04-27T09:54:22.324Z</time>
      </trkpt>
      <trkpt lat="45.915488" lon="10.878656">
        <ele>85.989978</ele>
        <time>2025-04-27T09:54:29.412Z</time>
      </trkpt>
      <trkpt lat="45.915442" lon="10.87868">
        <ele>86.03435</ele>
        <time>2025-04-27T09:54:31.507Z</time>
      </trkpt>
      <trkpt lat="45.915416" lon="10.878735">
        <ele>86.076296</ele>
        <time>2025-04-27T09:54:33.466Z</time>
      </trkpt>
      <trkpt lat="45.91542" lon="10.878802">
        <ele>86.118717</ele>
        <time>2025-04-27T09:54:35.428Z</time>
      </trkpt>
      <trkpt lat="45.915432" lon="10.87883">
        <ele>86.139462</ele>
        <time>2025-04-27T09:54:36.423Z</time>
      </trkpt>
      <trkpt lat="45.915367" lon="10.878949">
        <ele>86.234902</ele>
        <time>2025-04-27T09:54:40.934Z</time>
      </trkpt>
      <trkpt lat="45.915402" lon="10.878987">
        <ele>86.274673</ele>
        <time>2025-04-27T09:54:42.788Z</time>
      </trkpt>
      <trkpt lat="45.915469" lon="10.878958">
        <ele>86.338118</ele>
        <time>2025-04-27T09:54:45.760Z</time>
      </trkpt>
      <trkpt lat="45.915554" lon="10.879024">
        <ele>86.425715</ele>
        <time>2025-04-27T09:54:49.872Z</time>
      </trkpt>
      <trkpt lat="45.915971" lon="10.879488">
        <ele>86.903872</ele>
        <time>2025-04-27T09:55:12.664Z</time>
      </trkpt>
      <trkpt lat="45.916184" lon="10.87983">
        <ele>87.193428</ele>
        <time>2025-04-27T09:55:27.624Z</time>
      </trkpt>
      <trkpt lat="45.916239" lon="10.879919">
        <ele>87.26852</ele>
        <time>2025-04-27T09:55:31.571Z</time>
      </trkpt>
      <trkpt lat="45.916279" lon="10.879857">
        <ele>87.321859</ele>
        <time>2025-04-27T09:55:34.349Z</time>
      </trkpt>
      <trkpt lat="45.916321" lon="10.879928">
        <ele>87.380649</ele>
        <time>2025-04-27T09:55:37.432Z</time>
      </trkpt>
      <trkpt lat="45.916373" lon="10.880006">
        <ele>87.448796</ele>
        <time>2025-04-27T09:55:40.961Z</time>
      </trkpt>
      <trkpt lat="45.916504" lon="10.880344">
        <ele>87.735375</ele>
        <time>2025-04-27T09:55:53.451Z</time>
      </trkpt>
      <trkpt lat="45.916531" lon="10.880564">
        <ele>87.907747</ele>
        <time>2025-04-27T09:56:00.532Z</time>
      </trkpt>
      <trkpt lat="45.916518" lon="10.880703">
        <ele>88.015964</ele>
        <time>2025-04-27T09:56:04.922Z</time>
      </trkpt>
      <trkpt lat="45.916509" lon="10.880775">
        <ele>88.072408</ele>
        <time>2025-04-27T09:56:07.179Z</time>
      </trkpt>
      <trkpt lat="45.916446" lon="10.88113">
        <ele>88.355096</ele>
        <time>2025-04-27T09:56:18.580Z</time>
      </trkpt>
      <trkpt lat="45.916349" lon="10.881684">
        <ele>88.79589</ele>
        <time>2025-04-27T09:56:37.024Z</time>
      </trkpt>
      <trkpt lat="45.916332" lon="10.881911">
        <ele>88.972055</ele>
        <time>2025-04-27T09:56:44.501Z</time>
      </trkpt>
      <trkpt lat="45.916388" lon="10.882239">
        <ele>89.232648</ele>
        <time>2025-04-27T09:56:55.232Z</time>
      </trkpt>
      <trkpt lat="45.916393" lon="10.882275">
        <ele>89.260974</ele>
        <time>2025-04-27T09:56:56.371Z</time>
      </trkpt>
      <trkpt lat="45.916477" lon="10.88274">
        <ele>89.463431</ele>
        <time>2025-04-27T09:57:11.116Z</time>
      </trkpt>
      <trkpt lat="45.91651" lon="10.882762">
        <ele>89.453289</ele>
        <time>2025-04-27T09:57:12.671Z</time>
      </trkpt>
      <trkpt lat="45.916732" lon="10.882904">
        <ele>89.385543</ele>
        <time>2025-04-27T09:57:22.896Z</time>
      </trkpt>
      <trkpt lat="45.916775" lon="10.882931">
        <ele>89.372461</ele>
        <time>2025-04-27T09:57:24.790Z</time>
      </trkpt>
      <trkpt lat="45.916895" lon="10.883009">
        <ele>89.335743</ele>
        <time>2025-04-27T09:57:29.980Z</time>
      </trkpt>
      <trkpt lat="45.916869" lon="10.883124">
        <ele>89.312289</ele>
        <time>2025-04-27T09:57:33.226Z</time>
      </trkpt>
      <trkpt lat="45.916771" lon="10.88359">
        <ele>89.217863</ele>
        <time>2025-04-27T09:57:45.799Z</time>
      </trkpt>
      <trkpt lat="45.916739" lon="10.88374">
        <ele>89.187432</ele>
        <time>2025-04-27T09:57:49.682Z</time>
      </trkpt>
      <trkpt lat="45.916714" lon="10.883861">
        <ele>89.162949</ele>
        <time>2025-04-27T09:57:52.707Z</time>
      </trkpt>
      <trkpt lat="45.916692" lon="10.883966">
        <ele>89.141679</ele>
        <time>2025-04-27T09:57:55.334Z</time>
      </trkpt>
      <trkpt lat="45.916652" lon="10.884155">
        <ele>89.103362</ele>
        <time>2025-04-27T09:57:59.899Z</time>
      </trkpt>
      <trkpt lat="45.916599" lon="10.884409">
        <ele>89.051927</ele>
        <time>2025-04-27T09:58:05.747Z</time>
      </trkpt>
      <trkpt lat="45.91655" lon="10.88464">
        <ele>89.005085</ele>
        <time>2025-04-27T09:58:10.953Z</time>
      </trkpt>
      <trkpt lat="45.916548" lon="10.88465">
        <ele>89.003067</ele>
        <time>2025-04-27T09:58:11.177Z</time>
      </trkpt>
      <trkpt lat="45.916478" lon="10.884979">
        <ele>88.797601</ele>
        <time>2025-04-27T09:58:18.421Z</time>
      </trkpt>
      <trkpt lat="45.916464" lon="10.88504">
        <ele>88.756056</ele>
        <time>2025-04-27T09:58:19.762Z</time>
      </trkpt>
      <trkpt lat="45.916411" lon="10.885278">
        <ele>88.59443</ele>
        <time>2025-04-27T09:58:25.032Z</time>
      </trkpt>
      <trkpt lat="45.916364" lon="10.885483">
        <ele>88.454826</ele>
        <time>2025-04-27T09:58:29.680Z</time>
      </trkpt>
      <trkpt lat="45.916358" lon="10.88551">
        <ele>88.436494</ele>
        <time>2025-04-27T09:58:30.283Z</time>
      </trkpt>
      <trkpt lat="45.91627" lon="10.885894">
        <ele>88.175004</ele>
        <time>2025-04-27T09:58:39.277Z</time>
      </trkpt>
      <trkpt lat="45.916246" lon="10.885978">
        <ele>88.116271</ele>
        <time>2025-04-27T09:58:41.404Z</time>
      </trkpt>
      <trkpt lat="45.916228" lon="10.886102">
        <ele>88.034343</ele>
        <time>2025-04-27T09:58:44.445Z</time>
      </trkpt>
      <trkpt lat="45.916319" lon="10.886202">
        <ele>87.927852</ele>
        <time>2025-04-27T09:58:48.517Z</time>
      </trkpt>
      <trkpt lat="45.916296" lon="10.886242">
        <ele>87.894288</ele>
        <time>2025-04-27T09:58:50.220Z</time>
      </trkpt>
      <trkpt lat="45.916363" lon="10.886311">
        <ele>87.817663</ele>
        <time>2025-04-27T09:58:53.200Z</time>
      </trkpt>
      <trkpt lat="45.916796" lon="10.886707">
        <ele>87.340544</ele>
        <time>2025-04-27T09:59:12.295Z</time>
      </trkpt>
      <trkpt lat="45.917067" lon="10.88696">
        <ele>86.990196</ele>
        <time>2025-04-27T09:59:23.381Z</time>
      </trkpt>
      <trkpt lat="45.917142" lon="10.887038">
        <ele>86.888976</ele>
        <time>2025-04-27T09:59:26.424Z</time>
      </trkpt>
      <trkpt lat="45.917166" lon="10.887063">
        <ele>86.856567</ele>
        <time>2025-04-27T09:59:27.395Z</time>
      </trkpt>
      <trkpt lat="45.917465" lon="10.88734">
        <ele>86.467617</ele>
        <time>2025-04-27T09:59:38.783Z</time>
      </trkpt>
      <trkpt lat="45.917497" lon="10.887371">
        <ele>86.425423</ele>
        <time>2025-04-27T09:59:39.975Z</time>
      </trkpt>
      <trkpt lat="45.917482" lon="10.88744">
        <ele>86.370433</ele>
        <time>2025-04-27T09:59:41.567Z</time>
      </trkpt>
      <trkpt lat="45.917232" lon="10.887999">
        <ele>85.864928</ele>
        <time>2025-04-27T09:59:55.969Z</time>
      </trkpt>
      <trkpt lat="45.917204" lon="10.88815">
        <ele>85.746054</ele>
        <time>2025-04-27T09:59:59.298Z</time>
      </trkpt>
      <trkpt lat="45.917167" lon="10.8886">
        <ele>85.401363</ele>
        <time>2025-04-27T10:00:08.866Z</time>
      </trkpt>
      <trkpt lat="45.917141" lon="10.88871">
        <ele>85.374626</ele>
        <time>2025-04-27T10:00:11.535Z</time>
      </trkpt>
      <trkpt lat="45.917109" lon="10.888738">
        <ele>85.39109</ele>
        <time>2025-04-27T10:00:12.677Z</time>
      </trkpt>
      <trkpt lat="45.916847" lon="10.888856">
        <ele>85.511752</ele>
        <time>2025-04-27T10:00:21.909Z</time>
      </trkpt>
      <trkpt lat="45.916781" lon="10.888914">
        <ele>85.545749</ele>
        <time>2025-04-27T10:00:24.483Z</time>
      </trkpt>
      <trkpt lat="45.916722" lon="10.889099">
        <ele>85.607972</ele>
        <time>2025-04-27T10:00:29.777Z</time>
      </trkpt>
      <trkpt lat="45.916719" lon="10.889215">
        <ele>85.643462</ele>
        <time>2025-04-27T10:00:33.203Z</time>
      </trkpt>
      <trkpt lat="45.916481" lon="10.889181">
        <ele>85.748573</ele>
        <time>2025-04-27T10:00:43.132Z</time>
      </trkpt>
      <trkpt lat="45.91645" lon="10.889503">
        <ele>85.847961</ele>
        <time>2025-04-27T10:00:53.539Z</time>
      </trkpt>
      <trkpt lat="45.916446" lon="10.889609">
        <ele>85.880418</ele>
        <time>2025-04-27T10:00:56.719Z</time>
      </trkpt>
      <trkpt lat="45.916469" lon="10.889669">
        <ele>85.901363</ele>
        <time>2025-04-27T10:00:59.031Z</time>
      </trkpt>
      <trkpt lat="45.916507" lon="10.889721">
        <ele>85.924421</ele>
        <time>2025-04-27T10:01:01.432Z</time>
      </trkpt>
      <trkpt lat="45.916526" lon="10.889803">
        <ele>85.950846</ele>
        <time>2025-04-27T10:01:03.992Z</time>
      </trkpt>
      <trkpt lat="45.916419" lon="10.890612">
        <ele>86.444455</ele>
        <time>2025-04-27T10:01:30.911Z</time>
      </trkpt>
      <trkpt lat="45.916377" lon="10.890652">
        <ele>86.563583</ele>
        <time>2025-04-27T10:01:33.386Z</time>
      </trkpt>
      <trkpt lat="45.91592" lon="10.890702">
        <ele>87.647269</ele>
        <time>2025-04-27T10:01:56.692Z</time>
      </trkpt>
      <trkpt lat="45.915872" lon="10.890763">
        <ele>87.798761</ele>
        <time>2025-04-27T10:01:59.778Z</time>
      </trkpt>
      <trkpt lat="45.915907" lon="10.89169">
        <ele>89.32591</ele>
        <time>2025-04-27T10:02:34.535Z</time>
      </trkpt>
      <trkpt lat="45.915883" lon="10.891881">
        <ele>89.645187</ele>
        <time>2025-04-27T10:02:42.158Z</time>
      </trkpt>
      <trkpt lat="45.915759" lon="10.892289">
        <ele>90.377589</ele>
        <time>2025-04-27T10:03:00.800Z</time>
      </trkpt>
      <trkpt lat="45.91576" lon="10.892437">
        <ele>90.686638</ele>
        <time>2025-04-27T10:03:07.370Z</time>
      </trkpt>
      <trkpt lat="45.915796" lon="10.892582">
        <ele>91.015106</ele>
        <time>2025-04-27T10:03:14.165Z</time>
      </trkpt>
      <trkpt lat="45.915802" lon="10.892606">
        <ele>91.069516</ele>
        <time>2025-04-27T10:03:16.361Z</time>
      </trkpt>
      <trkpt lat="45.915678" lon="10.892671">
        <ele>91.474279</ele>
        <time>2025-04-27T10:03:24.663Z</time>
      </trkpt>
      <trkpt lat="45.915621" lon="10.892633">
        <ele>91.666964</ele>
        <time>2025-04-27T10:03:28.474Z</time>
      </trkpt>
      <trkpt lat="45.915556" lon="10.892648">
        <ele>91.868849</ele>
        <time>2025-04-27T10:03:32.619Z</time>
      </trkpt>
      <trkpt lat="45.915524" lon="10.892681">
        <ele>91.989627</ele>
        <time>2025-04-27T10:03:35.072Z</time>
      </trkpt>
      <trkpt lat="45.915493" lon="10.892792">
        <ele>92.244817</ele>
        <time>2025-04-27T10:03:40.143Z</time>
      </trkpt>
      <trkpt lat="45.915524" lon="10.892901">
        <ele>92.496052</ele>
        <time>2025-04-27T10:03:45.210Z</time>
      </trkpt>
      <trkpt lat="45.915511" lon="10.893159">
        <ele>93.047943</ele>
        <time>2025-04-27T10:03:56.240Z</time>
      </trkpt>
      <trkpt lat="45.915467" lon="10.893332">
        <ele>93.440934</ele>
        <time>2025-04-27T10:04:04.104Z</time>
      </trkpt>
      <trkpt lat="45.915383" lon="10.893496">
        <ele>93.875429</ele>
        <time>2025-04-27T10:04:12.657Z</time>
      </trkpt>
      <trkpt lat="45.915233" lon="10.893781">
        <ele>94.63788</ele>
        <time>2025-04-27T10:04:26.800Z</time>
      </trkpt>
      <trkpt lat="45.915032" lon="10.894185">
        <ele>95.697551</ele>
        <time>2025-04-27T10:04:45.674Z</time>
      </trkpt>
      <trkpt lat="45.914974" lon="10.894304">
        <ele>95.977926</ele>
        <time>2025-04-27T10:04:51.084Z</time>
      </trkpt>
      <trkpt lat="45.914966" lon="10.894315">
        <ele>96.000885</ele>
        <time>2025-04-27T10:04:51.663Z</time>
      </trkpt>
      <trkpt lat="45.914807" lon="10.894545">
        <ele>96.468703</ele>
        <time>2025-04-27T10:05:03.803Z</time>
      </trkpt>
      <trkpt lat="45.914681" lon="10.894635">
        <ele>96.760494</ele>
        <time>2025-04-27T10:05:11.187Z</time>
      </trkpt>
      <trkpt lat="45.914412" lon="10.89461">
        <ele>97.319523</ele>
        <time>2025-04-27T10:05:25.060Z</time>
      </trkpt>
      <trkpt lat="45.914262" lon="10.89467">
        <ele>97.64242</ele>
        <time>2025-04-27T10:05:33.033Z</time>
      </trkpt>
      <trkpt lat="45.914208" lon="10.894738">
        <ele>97.791307</ele>
        <time>2025-04-27T10:05:36.737Z</time>
      </trkpt>
      <trkpt lat="45.914165" lon="10.894861">
        <ele>97.989922</ele>
        <time>2025-04-27T10:05:41.513Z</time>
      </trkpt>
      <trkpt lat="45.914158" lon="10.895088">
        <ele>98.317769</ele>
        <time>2025-04-27T10:05:49.465Z</time>
      </trkpt>
      <trkpt lat="45.914189" lon="10.89522">
        <ele>98.518783</ele>
        <time>2025-04-27T10:05:54.295Z</time>
      </trkpt>
      <trkpt lat="45.914208" lon="10.895453">
        <ele>98.857267</ele>
        <time>2025-04-27T10:06:02.359Z</time>
      </trkpt>
      <trkpt lat="45.914166" lon="10.895678">
        <ele>99.193388</ele>
        <time>2025-04-27T10:06:10.368Z</time>
      </trkpt>
      <trkpt lat="45.913862" lon="10.89623">
        <ele>100.272123</ele>
        <time>2025-04-27T10:06:35.601Z</time>
      </trkpt>
      <trkpt lat="45.913302" lon="10.897018">
        <ele>102.079121</ele>
        <time>2025-04-27T10:07:18.470Z</time>
      </trkpt>
      <trkpt lat="45.913283" lon="10.897044">
        <ele>102.13961</ele>
        <time>2025-04-27T10:07:19.903Z</time>
      </trkpt>
      <trkpt lat="45.912862" lon="10.897618">
        <ele>103.477599</ele>
        <time>2025-04-27T10:07:51.016Z</time>
      </trkpt>
      <trkpt lat="45.912841" lon="10.897648">
        <ele>103.545869</ele>
        <time>2025-04-27T10:07:52.636Z</time>
      </trkpt>
      <trkpt lat="45.91263" lon="10.897949">
        <ele>104.238711</ele>
        <time>2025-04-27T10:08:08.296Z</time>
      </trkpt>
      <trkpt lat="45.912449" lon="10.898207">
        <ele>104.836387</ele>
        <time>2025-04-27T10:08:21.993Z</time>
      </trkpt>
      <trkpt lat="45.912248" lon="10.898492">
        <ele>105.498376</ele>
        <time>2025-04-27T10:08:37.258Z</time>
      </trkpt>
      <trkpt lat="45.912184" lon="10.898584">
        <ele>105.7106</ele>
        <time>2025-04-27T10:08:42.183Z</time>
      </trkpt>
      <trkpt lat="45.912161" lon="10.898618">
        <ele>105.787957</ele>
        <time>2025-04-27T10:08:43.925Z</time>
      </trkpt>
      <trkpt lat="45.911889" lon="10.899">
        <ele>106.679589</ele>
        <time>2025-04-27T10:09:03.975Z</time>
      </trkpt>
      <trkpt lat="45.911848" lon="10.899057">
        <ele>106.813329</ele>
        <time>2025-04-27T10:09:06.980Z</time>
      </trkpt>
      <trkpt lat="45.911702" lon="10.899261">
        <ele>107.290737</ele>
        <time>2025-04-27T10:09:18.086Z</time>
      </trkpt>
      <trkpt lat="45.91135" lon="10.899752">
        <ele>108.277945</ele>
        <time>2025-04-27T10:09:45.234Z</time>
      </trkpt>
      <trkpt lat="45.911299" lon="10.899823">
        <ele>108.381419</ele>
        <time>2025-04-27T10:09:49.030Z</time>
      </trkpt>
      <trkpt lat="45.911086" lon="10.900124">
        <ele>108.816741</ele>
        <time>2025-04-27T10:10:04.973Z</time>
      </trkpt>
      <trkpt lat="45.910882" lon="10.900391">
        <ele>109.218836</ele>
        <time>2025-04-27T10:10:18.509Z</time>
      </trkpt>
      <trkpt lat="45.910804" lon="10.900497">
        <ele>109.375276</ele>
        <time>2025-04-27T10:10:23.517Z</time>
      </trkpt>
      <trkpt lat="45.910674" lon="10.900631">
        <ele>109.608416</ele>
        <time>2025-04-27T10:10:30.758Z</time>
      </trkpt>
      <trkpt lat="45.910555" lon="10.900727">
        <ele>109.80729</ele>
        <time>2025-04-27T10:10:36.813Z</time>
      </trkpt>
      <trkpt lat="45.910341" lon="10.900855">
        <ele>110.145088</ele>
        <time>2025-04-27T10:10:46.832Z</time>
      </trkpt>
      <trkpt lat="45.910304" lon="10.900875">
        <ele>110.202697</ele>
        <time>2025-04-27T10:10:48.528Z</time>
      </trkpt>
      <trkpt lat="45.910038" lon="10.901017">
        <ele>110.616224</ele>
        <time>2025-04-27T10:11:00.583Z</time>
      </trkpt>
      <trkpt lat="45.909862" lon="10.90111">
        <ele>110.777665</ele>
        <time>2025-04-27T10:11:08.379Z</time>
      </trkpt>
      <trkpt lat="45.909638" lon="10.90123">
        <ele>110.974937</ele>
        <time>2025-04-27T10:11:18.207Z</time>
      </trkpt>
      <trkpt lat="45.909487" lon="10.90131">
        <ele>111.107742</ele>
        <time>2025-04-27T10:11:24.568Z</time>
      </trkpt>
      <trkpt lat="45.909152" lon="10.901487">
        <ele>111.402278</ele>
        <time>2025-04-27T10:11:37.601Z</time>
      </trkpt>
      <trkpt lat="45.908704" lon="10.901723">
        <ele>111.796026</ele>
        <time>2025-04-27T10:11:57.491Z</time>
      </trkpt>
      <trkpt lat="45.908682" lon="10.901734">
        <ele>111.815248</ele>
        <time>2025-04-27T10:11:58.569Z</time>
      </trkpt>
      <trkpt lat="45.908599" lon="10.901778">
        <ele>111.888252</ele>
        <time>2025-04-27T10:12:02.588Z</time>
      </trkpt>
      <trkpt lat="45.908547" lon="10.901806">
        <ele>111.934076</ele>
        <time>2025-04-27T10:12:05.331Z</time>
      </trkpt>
      <trkpt lat="45.90817" lon="10.902001">
        <ele>112.77149</ele>
        <time>2025-04-27T10:12:25.767Z</time>
      </trkpt>
      <trkpt lat="45.907852" lon="10.902165">
        <ele>113.999925</ele>
        <time>2025-04-27T10:12:44.842Z</time>
      </trkpt>
      <trkpt lat="45.907806" lon="10.90219">
        <ele>114.17874</ele>
        <time>2025-04-27T10:12:47.755Z</time>
      </trkpt>
      <trkpt lat="45.907704" lon="10.902244">
        <ele>114.573974</ele>
        <time>2025-04-27T10:12:54.318Z</time>
      </trkpt>
      <trkpt lat="45.907234" lon="10.902432">
        <ele>116.347844</ele>
        <time>2025-04-27T10:13:27.155Z</time>
      </trkpt>
      <trkpt lat="45.906905" lon="10.902467">
        <ele>117.547357</ele>
        <time>2025-04-27T10:13:50.892Z</time>
      </trkpt>
      <trkpt lat="45.906766" lon="10.902457">
        <ele>118.053392</ele>
        <time>2025-04-27T10:14:00.744Z</time>
      </trkpt>
      <trkpt lat="45.90675" lon="10.902455">
        <ele>118.111787</ele>
        <time>2025-04-27T10:14:01.880Z</time>
      </trkpt>
      <trkpt lat="45.906714" lon="10.902448">
        <ele>118.243875</ele>
        <time>2025-04-27T10:14:04.484Z</time>
      </trkpt>
      <trkpt lat="45.906642" lon="10.902431">
        <ele>118.509176</ele>
        <time>2025-04-27T10:14:09.452Z</time>
      </trkpt>
      <trkpt lat="45.906589" lon="10.902419">
        <ele>118.692858</ele>
        <time>2025-04-27T10:14:13.161Z</time>
      </trkpt>
      <trkpt lat="45.906404" lon="10.902351">
        <ele>119.223896</ele>
        <time>2025-04-27T10:14:26.235Z</time>
      </trkpt>
      <trkpt lat="45.905559" lon="10.901877">
        <ele>121.74647</ele>
        <time>2025-04-27T10:15:22.312Z</time>
      </trkpt>
      <trkpt lat="45.904809" lon="10.901511">
        <ele>123.63642</ele>
        <time>2025-04-27T10:16:00.310Z</time>
      </trkpt>
      <trkpt lat="45.90402" lon="10.900754">
        <ele>123.4436</ele>
        <time>2025-04-27T10:16:33.425Z</time>
      </trkpt>
      <trkpt lat="45.903194" lon="10.900279">
        <ele>123.488151</ele>
        <time>2025-04-27T10:17:02.988Z</time>
      </trkpt>
      <trkpt lat="45.902307" lon="10.900007">
        <ele>124.718233</ele>
        <time>2025-04-27T10:17:41.754Z</time>
      </trkpt>
      <trkpt lat="45.901801" lon="10.899852">
        <ele>125.419917</ele>
        <time>2025-04-27T10:18:11.044Z</time>
      </trkpt>
      <trkpt lat="45.901093" lon="10.899283">
        <ele>127.491604</ele>
        <time>2025-04-27T10:18:57.875Z</time>
      </trkpt>
      <trkpt lat="45.899656" lon="10.898755">
        <ele>131.652356</ele>
        <time>2025-04-27T10:20:26.435Z</time>
      </trkpt>
      <trkpt lat="45.898947" lon="10.897956">
        <ele>133.264795</ele>
        <time>2025-04-27T10:21:10.991Z</time>
      </trkpt>
      <trkpt lat="45.89803" lon="10.89716">
        <ele>135.400421</ele>
        <time>2025-04-27T10:21:58.619Z</time>
      </trkpt>
      <trkpt lat="45.897858" lon="10.897046">
        <ele>135.833474</ele>
        <time>2025-04-27T10:22:07.234Z</time>
      </trkpt>
      <trkpt lat="45.897323" lon="10.896832">
        <ele>137.103129</ele>
        <time>2025-04-27T10:22:35.048Z</time>
      </trkpt>
      <trkpt lat="45.897024" lon="10.896614">
        <ele>137.869687</ele>
        <time>2025-04-27T10:22:55.106Z</time>
      </trkpt>
      <trkpt lat="45.896805" lon="10.896415">
        <ele>138.462095</ele>
        <time>2025-04-27T10:23:12.431Z</time>
      </trkpt>
      <trkpt lat="45.896379" lon="10.896124">
        <ele>140.881257</ele>
        <time>2025-04-27T10:23:45.159Z</time>
      </trkpt>
      <trkpt lat="45.895441" lon="10.89568">
        <ele>146.06893</ele>
        <time>2025-04-27T10:24:52.110Z</time>
      </trkpt>
      <trkpt lat="45.894805" lon="10.895279">
        <ele>151.323962</ele>
        <time>2025-04-27T10:25:52.763Z</time>
      </trkpt>
      <trkpt lat="45.894087" lon="10.894976">
        <ele>158.839293</ele>
        <time>2025-04-27T10:27:14.899Z</time>
      </trkpt>
      <trkpt lat="45.89346" lon="10.894711">
        <ele>165.402924</ele>
        <time>2025-04-27T10:28:35.124Z</time>
      </trkpt>
      <trkpt lat="45.893279" lon="10.894598">
        <ele>166.842707</ele>
        <time>2025-04-27T10:28:57.272Z</time>
      </trkpt>
      <trkpt lat="45.893054" lon="10.894446">
        <ele>168.348733</ele>
        <time>2025-04-27T10:29:23.960Z</time>
      </trkpt>
      <trkpt lat="45.892795" lon="10.894161">
        <ele>170.324822</ele>
        <time>2025-04-27T10:29:55.031Z</time>
      </trkpt>
      <trkpt lat="45.891941" lon="10.892238">
        <ele>178.152146</ele>
        <time>2025-04-27T10:31:28.970Z</time>
      </trkpt>
      <trkpt lat="45.89153" lon="10.891528">
        <ele>179.744492</ele>
        <time>2025-04-27T10:32:16.022Z</time>
      </trkpt>
      <trkpt lat="45.891246" lon="10.891084">
        <ele>180.784284</ele>
        <time>2025-04-27T10:32:36.633Z</time>
      </trkpt>
      <trkpt lat="45.891103" lon="10.890799">
        <ele>181.33919</ele>
        <time>2025-04-27T10:32:44.168Z</time>
      </trkpt>
      <trkpt lat="45.891037" lon="10.890522">
        <ele>180.59021</ele>
        <time>2025-04-27T10:32:50.164Z</time>
      </trkpt>
      <trkpt lat="45.891084" lon="10.890249">
        <ele>179.870786</ele>
        <time>2025-04-27T10:32:55.870Z</time>
      </trkpt>
      <trkpt lat="45.891299" lon="10.889719">
        <ele>178.301493</ele>
        <time>2025-04-27T10:33:07.759Z</time>
      </trkpt>
      <trkpt lat="45.891309" lon="10.889547">
        <ele>177.859959</ele>
        <time>2025-04-27T10:33:10.988Z</time>
      </trkpt>
      <trkpt lat="45.891278" lon="10.889351">
        <ele>177.345779</ele>
        <time>2025-04-27T10:33:14.524Z</time>
      </trkpt>
      <trkpt lat="45.8912" lon="10.889117">
        <ele>176.682065</ele>
        <time>2025-04-27T10:33:18.877Z</time>
      </trkpt>
      <trkpt lat="45.890998" lon="10.888688">
        <ele>175.357077</ele>
        <time>2025-04-27T10:33:27.500Z</time>
      </trkpt>
      <trkpt lat="45.890738" lon="10.888311">
        <ele>174.408202</ele>
        <time>2025-04-27T10:33:37.238Z</time>
      </trkpt>
      <trkpt lat="45.890425" lon="10.887966">
        <ele>173.738699</ele>
        <time>2025-04-27T10:33:50.352Z</time>
      </trkpt>
      <trkpt lat="45.889968" lon="10.887572">
        <ele>172.834208</ele>
        <time>2025-04-27T10:34:09.139Z</time>
      </trkpt>
      <trkpt lat="45.888641" lon="10.886726">
        <ele>171.902102</ele>
        <time>2025-04-27T10:34:56.771Z</time>
      </trkpt>
      <trkpt lat="45.88795" lon="10.886431">
        <ele>172.081255</ele>
        <time>2025-04-27T10:35:23.237Z</time>
      </trkpt>
      <trkpt lat="45.887802" lon="10.886392">
        <ele>172.11865</ele>
        <time>2025-04-27T10:35:30.917Z</time>
      </trkpt>
      <trkpt lat="45.887638" lon="10.886371">
        <ele>172.231665</ele>
        <time>2025-04-27T10:35:40.465Z</time>
      </trkpt>
      <trkpt lat="45.886925" lon="10.886503">
        <ele>174.517495</ele>
        <time>2025-04-27T10:36:28.045Z</time>
      </trkpt>
      <trkpt lat="45.88649" lon="10.886573">
        <ele>175.909289</ele>
        <time>2025-04-27T10:36:57.104Z</time>
      </trkpt>
      <trkpt lat="45.886362" lon="10.886563">
        <ele>176.316885</ele>
        <time>2025-04-27T10:37:05.314Z</time>
      </trkpt>
      <trkpt lat="45.885946" lon="10.886437">
        <ele>177.668694</ele>
        <time>2025-04-27T10:37:29.634Z</time>
      </trkpt>
      <trkpt lat="45.885592" lon="10.886365">
        <ele>178.185863</ele>
        <time>2025-04-27T10:37:48.171Z</time>
      </trkpt>
      <trkpt lat="45.884807" lon="10.886279">
        <ele>179.026621</ele>
        <time>2025-04-27T10:38:19.587Z</time>
      </trkpt>
      <trkpt lat="45.884513" lon="10.886233">
        <ele>179.342449</ele>
        <time>2025-04-27T10:38:31.462Z</time>
      </trkpt>
      <trkpt lat="45.883879" lon="10.88608">
        <ele>180.117107</ele>
        <time>2025-04-27T10:39:00.710Z</time>
      </trkpt>
      <trkpt lat="45.883695" lon="10.886008">
        <ele>180.396897</ele>
        <time>2025-04-27T10:39:10.480Z</time>
      </trkpt>
      <trkpt lat="45.883253" lon="10.885661">
        <ele>181.135895</ele>
        <time>2025-04-27T10:39:31.951Z</time>
      </trkpt>
      <trkpt lat="45.882852" lon="10.885523">
        <ele>181.740867</ele>
        <time>2025-04-27T10:39:50.152Z</time>
      </trkpt>
      <trkpt lat="45.882362" lon="10.885455">
        <ele>182.505791</ele>
        <time>2025-04-27T10:40:14.943Z</time>
      </trkpt>
      <trkpt lat="45.882092" lon="10.885504">
        <ele>183.456046</ele>
        <time>2025-04-27T10:40:32.224Z</time>
      </trkpt>
      <trkpt lat="45.881422" lon="10.885813">
        <ele>185.913107</ele>
        <time>2025-04-27T10:41:17.772Z</time>
      </trkpt>
      <trkpt lat="45.880944" lon="10.886003">
        <ele>187.644865</ele>
        <time>2025-04-27T10:41:44.331Z</time>
      </trkpt>
      <trkpt lat="45.880556" lon="10.886181">
        <ele>189.440545</ele>
        <time>2025-04-27T10:42:08.226Z</time>
      </trkpt>
      <trkpt lat="45.880422" lon="10.886264">
        <ele>190.486845</ele>
        <time>2025-04-27T10:42:19.349Z</time>
      </trkpt>
      <trkpt lat="45.880275" lon="10.886415">
        <ele>191.782603</ele>
        <time>2025-04-27T10:42:35.796Z</time>
      </trkpt>
      <trkpt lat="45.880075" lon="10.886707">
        <ele>193.827286</ele>
        <time>2025-04-27T10:43:02.547Z</time>
      </trkpt>
      <trkpt lat="45.879967" lon="10.886982">
        <ele>195.403309</ele>
        <time>2025-04-27T10:43:20.709Z</time>
      </trkpt>
      <trkpt lat="45.879864" lon="10.887377">
        <ele>197.508732</ele>
        <time>2025-04-27T10:43:44.368Z</time>
      </trkpt>
      <trkpt lat="45.87974" lon="10.887646">
        <ele>199.119127</ele>
        <time>2025-04-27T10:44:03.153Z</time>
      </trkpt>
      <trkpt lat="45.879585" lon="10.88778">
        <ele>200.416236</ele>
        <time>2025-04-27T10:44:20.478Z</time>
      </trkpt>
      <trkpt lat="45.879474" lon="10.887802">
        <ele>201.21965</ele>
        <time>2025-04-27T10:44:32.611Z</time>
      </trkpt>
      <trkpt lat="45.879337" lon="10.887791">
        <ele>202.233545</ele>
        <time>2025-04-27T10:44:48.677Z</time>
      </trkpt>
      <trkpt lat="45.879009" lon="10.88765">
        <ele>204.812506</ele>
        <time>2025-04-27T10:45:29.781Z</time>
      </trkpt>
      <trkpt lat="45.878844" lon="10.887666">
        <ele>206.058214</ele>
        <time>2025-04-27T10:45:48.054Z</time>
      </trkpt>
      <trkpt lat="45.878648" lon="10.887839">
        <ele>207.791064</ele>
        <time>2025-04-27T10:46:08.798Z</time>
      </trkpt>
      <trkpt lat="45.878601" lon="10.887908">
        <ele>208.297292</ele>
        <time>2025-04-27T10:46:14.371Z</time>
      </trkpt>
      <trkpt lat="45.878557" lon="10.888062">
        <ele>209.170242</ele>
        <time>2025-04-27T10:46:22.544Z</time>
      </trkpt>
      <trkpt lat="45.878556" lon="10.888338">
        <ele>210.617621</ele>
        <time>2025-04-27T10:46:36.895Z</time>
      </trkpt>
      <trkpt lat="45.878524" lon="10.888341">
        <ele>210.859177</ele>
        <time>2025-04-27T10:46:39.244Z</time>
      </trkpt>
      <trkpt lat="45.878467" lon="10.888399">
        <ele>211.385351</ele>
        <time>2025-04-27T10:46:44.461Z</time>
      </trkpt>
      <trkpt lat="45.878431" lon="10.888496">
        <ele>211.961792</ele>
        <time>2025-04-27T10:46:50.461Z</time>
      </trkpt>
      <trkpt lat="45.878427" lon="10.88853">
        <ele>212.142619</ele>
        <time>2025-04-27T10:46:52.220Z</time>
      </trkpt>
      <trkpt lat="45.878329" lon="10.888614">
        <ele>213.002254</ele>
        <time>2025-04-27T10:47:01.150Z</time>
      </trkpt>
      <trkpt lat="45.878281" lon="10.888649">
        <ele>213.407738</ele>
        <time>2025-04-27T10:47:05.241Z</time>
      </trkpt>
      <trkpt lat="45.878243" lon="10.888852">
        <ele>214.510098</ele>
        <time>2025-04-27T10:47:17.278Z</time>
      </trkpt>
      <trkpt lat="45.878185" lon="10.889182">
        <ele>215.738705</ele>
        <time>2025-04-27T10:47:37.304Z</time>
      </trkpt>
      <trkpt lat="45.878074" lon="10.889873">
        <ele>217.639263</ele>
        <time>2025-04-27T10:48:14.122Z</time>
      </trkpt>
      <trkpt lat="45.878014" lon="10.890259">
        <ele>218.699227</ele>
        <time>2025-04-27T10:48:31.703Z</time>
      </trkpt>
      <trkpt lat="45.878003" lon="10.890322">
        <ele>218.873299</ele>
        <time>2025-04-27T10:48:34.491Z</time>
      </trkpt>
      <trkpt lat="45.877992" lon="10.890374">
        <ele>219.018952</ele>
        <time>2025-04-27T10:48:36.876Z</time>
      </trkpt>
      <trkpt lat="45.877942" lon="10.890638">
        <ele>219.752196</ele>
        <time>2025-04-27T10:48:48.799Z</time>
      </trkpt>
      <trkpt lat="45.877907" lon="10.890722">
        <ele>220.014558</ele>
        <time>2025-04-27T10:48:52.901Z</time>
      </trkpt>
      <trkpt lat="45.877814" lon="10.890842">
        <ele>220.495808</ele>
        <time>2025-04-27T10:49:00.280Z</time>
      </trkpt>
      <trkpt lat="45.87778" lon="10.890883">
        <ele>220.666703</ele>
        <time>2025-04-27T10:49:02.908Z</time>
      </trkpt>
      <trkpt lat="45.877723" lon="10.89101">
        <ele>221.071668</ele>
        <time>2025-04-27T10:49:08.923Z</time>
      </trkpt>
      <trkpt lat="45.877626" lon="10.891204">
        <ele>221.711795</ele>
        <time>2025-04-27T10:49:18.198Z</time>
      </trkpt>
      <trkpt lat="45.877546" lon="10.891543">
        <ele>222.151043</ele>
        <time>2025-04-27T10:49:31.732Z</time>
      </trkpt>
      <trkpt lat="45.877476" lon="10.89171">
        <ele>222.212791</ele>
        <time>2025-04-27T10:49:38.618Z</time>
      </trkpt>
      <trkpt lat="45.877451" lon="10.891982">
        <ele>222.299699</ele>
        <time>2025-04-27T10:49:47.429Z</time>
      </trkpt>
      <trkpt lat="45.877418" lon="10.89237">
        <ele>222.423518</ele>
        <time>2025-04-27T10:49:58.713Z</time>
      </trkpt>
      <trkpt lat="45.87738" lon="10.8926">
        <ele>222.498398</ele>
        <time>2025-04-27T10:50:05.076Z</time>
      </trkpt>
      <trkpt lat="45.877327" lon="10.89272">
        <ele>222.543414</ele>
        <time>2025-04-27T10:50:08.793Z</time>
      </trkpt>
      <trkpt lat="45.877308" lon="10.892938">
        <ele>222.613009</ele>
        <time>2025-04-27T10:50:14.422Z</time>
      </trkpt>
      <trkpt lat="45.877085" lon="10.893426">
        <ele>222.797916</ele>
        <time>2025-04-27T10:50:28.384Z</time>
      </trkpt>
      <trkpt lat="45.876805" lon="10.894089">
        <ele>223.145852</ele>
        <time>2025-04-27T10:50:47.709Z</time>
      </trkpt>
      <trkpt lat="45.876791" lon="10.894124">
        <ele>223.167732</ele>
        <time>2025-04-27T10:50:48.801Z</time>
      </trkpt>
      <trkpt lat="45.876643" lon="10.894435">
        <ele>223.371929</ele>
        <time>2025-04-27T10:50:59.240Z</time>
      </trkpt>
      <trkpt lat="45.876635" lon="10.894606">
        <ele>223.464829</ele>
        <time>2025-04-27T10:51:04.132Z</time>
      </trkpt>
      <trkpt lat="45.876729" lon="10.894885">
        <ele>223.63284</ele>
        <time>2025-04-27T10:51:13.278Z</time>
      </trkpt>
      <trkpt lat="45.876845" lon="10.895272">
        <ele>223.861229</ele>
        <time>2025-04-27T10:51:26.206Z</time>
      </trkpt>
      <trkpt lat="45.876859" lon="10.89539">
        <ele>223.926113</ele>
        <time>2025-04-27T10:51:30.004Z</time>
      </trkpt>
      <trkpt lat="45.876841" lon="10.895558">
        <ele>224.01825</ele>
        <time>2025-04-27T10:51:35.499Z</time>
      </trkpt>
      <trkpt lat="45.876828" lon="10.895649">
        <ele>224.068604</ele>
        <time>2025-04-27T10:51:38.546Z</time>
      </trkpt>
      <trkpt lat="45.876675" lon="10.895932">
        <ele>224.262825</ele>
        <time>2025-04-27T10:51:50.848Z</time>
      </trkpt>
      <trkpt lat="45.876532" lon="10.896282">
        <ele>224.870814</ele>
        <time>2025-04-27T10:52:06.053Z</time>
      </trkpt>
      <trkpt lat="45.876446" lon="10.896591">
        <ele>225.434287</ele>
        <time>2025-04-27T10:52:18.488Z</time>
      </trkpt>
      <trkpt lat="45.876403" lon="10.897068">
        <ele>226.248713</ele>
        <time>2025-04-27T10:52:36.416Z</time>
      </trkpt>
      <trkpt lat="45.876433" lon="10.897227">
        <ele>226.527652</ele>
        <time>2025-04-27T10:52:42.505Z</time>
      </trkpt>
      <trkpt lat="45.876438" lon="10.89761">
        <ele>227.176283</ele>
        <time>2025-04-27T10:52:56.822Z</time>
      </trkpt>
      <trkpt lat="45.876409" lon="10.897809">
        <ele>227.520543</ele>
        <time>2025-04-27T10:53:04.581Z</time>
      </trkpt>
      <trkpt lat="45.876304" lon="10.89813">
        <ele>228.121081</ele>
        <time>2025-04-27T10:53:18.407Z</time>
      </trkpt>
      <trkpt lat="45.876046" lon="10.898628">
        <ele>229.544285</ele>
        <time>2025-04-27T10:53:43.594Z</time>
      </trkpt>
      <trkpt lat="45.875977" lon="10.898817">
        <ele>230.175884</ele>
        <time>2025-04-27T10:53:52.456Z</time>
      </trkpt>
      <trkpt lat="45.875724" lon="10.899792">
        <ele>233.255385</ele>
        <time>2025-04-27T10:54:36.322Z</time>
      </trkpt>
      <trkpt lat="45.875713" lon="10.900013">
        <ele>233.911123</ele>
        <time>2025-04-27T10:54:46.977Z</time>
      </trkpt>
      <trkpt lat="45.875752" lon="10.900144">
        <ele>234.332788</ele>
        <time>2025-04-27T10:54:54.082Z</time>
      </trkpt>
      <trkpt lat="45.875933" lon="10.900577">
        <ele>235.827529</ele>
        <time>2025-04-27T10:55:21.408Z</time>
      </trkpt>
      <trkpt lat="45.87609" lon="10.900856">
        <ele>237.410214</ele>
        <time>2025-04-27T10:55:41.409Z</time>
      </trkpt>
      <trkpt lat="45.876367" lon="10.901329">
        <ele>240.915232</ele>
        <time>2025-04-27T10:56:17.412Z</time>
      </trkpt>
      <trkpt lat="45.876387" lon="10.901419">
        <ele>241.450968</ele>
        <time>2025-04-27T10:56:23.092Z</time>
      </trkpt>
      <trkpt lat="45.876369" lon="10.90159">
        <ele>242.43169</ele>
        <time>2025-04-27T10:56:33.645Z</time>
      </trkpt>
      <trkpt lat="45.87626" lon="10.901833">
        <ele>244.070931</ele>
        <time>2025-04-27T10:56:51.705Z</time>
      </trkpt>
      <trkpt lat="45.876237" lon="10.901968">
        <ele>244.859075</ele>
        <time>2025-04-27T10:57:00.754Z</time>
      </trkpt>
      <trkpt lat="45.87625" lon="10.902086">
        <ele>245.536552</ele>
        <time>2025-04-27T10:57:08.813Z</time>
      </trkpt>
      <trkpt lat="45.876311" lon="10.902245">
        <ele>246.56604</ele>
        <time>2025-04-27T10:57:21.430Z</time>
      </trkpt>
      <trkpt lat="45.876661" lon="10.902661">
        <ele>250.266339</ele>
        <time>2025-04-27T10:58:09.001Z</time>
      </trkpt>
      <trkpt lat="45.87662" lon="10.903032">
        <ele>252.259728</ele>
        <time>2025-04-27T10:58:37.827Z</time>
      </trkpt>
      <trkpt lat="45.876628" lon="10.903735">
        <ele>255.864221</ele>
        <time>2025-04-27T10:59:32.598Z</time>
      </trkpt>
      <trkpt lat="45.876598" lon="10.904076">
        <ele>257.6263</ele>
        <time>2025-04-27T10:59:56.000Z</time>
      </trkpt>
      <trkpt lat="45.876495" lon="10.904391">
        <ele>259.410428</ele>
        <time>2025-04-27T11:00:16.415Z</time>
      </trkpt>
      <trkpt lat="45.876239" lon="10.904757">
        <ele>262.070179</ele>
        <time>2025-04-27T11:00:41.198Z</time>
      </trkpt>
      <trkpt lat="45.875968" lon="10.904969">
        <ele>264.257769</ele>
        <time>2025-04-27T11:01:02.231Z</time>
      </trkpt>
      <trkpt lat="45.875712" lon="10.905067">
        <ele>264.907557</ele>
        <time>2025-04-27T11:01:18.510Z</time>
      </trkpt>
      <trkpt lat="45.875431" lon="10.90513">
        <ele>265.605087</ele>
        <time>2025-04-27T11:01:32.846Z</time>
      </trkpt>
      <trkpt lat="45.875249" lon="10.90523">
        <ele>266.08301</ele>
        <time>2025-04-27T11:01:40.974Z</time>
      </trkpt>
      <trkpt lat="45.875192" lon="10.90538">
        <ele>266.374813</ele>
        <time>2025-04-27T11:01:45.610Z</time>
      </trkpt>
      <trkpt lat="45.875145" lon="10.905608">
        <ele>266.780846</ele>
        <time>2025-04-27T11:01:52.296Z</time>
      </trkpt>
      <trkpt lat="45.875155" lon="10.905801">
        <ele>267.111318</ele>
        <time>2025-04-27T11:01:58.696Z</time>
      </trkpt>
      <trkpt lat="45.875139" lon="10.905832">
        <ele>267.177212</ele>
        <time>2025-04-27T11:01:59.893Z</time>
      </trkpt>
      <trkpt lat="45.875109" lon="10.905847">
        <ele>267.255122</ele>
        <time>2025-04-27T11:02:01.448Z</time>
      </trkpt>
      <trkpt lat="45.875081" lon="10.905817">
        <ele>267.340797</ele>
        <time>2025-04-27T11:02:03.377Z</time>
      </trkpt>
      <trkpt lat="45.875055" lon="10.905461">
        <ele>267.952029</ele>
        <time>2025-04-27T11:02:18.203Z</time>
      </trkpt>
      <trkpt lat="45.87481" lon="10.905522">
        <ele>268.561881</ele>
        <time>2025-04-27T11:02:36.030Z</time>
      </trkpt>
      <trkpt lat="45.874617" lon="10.905635">
        <ele>268.317746</ele>
        <time>2025-04-27T11:02:50.702Z</time>
      </trkpt>
      <trkpt lat="45.874347" lon="10.905906">
        <ele>267.758145</ele>
        <time>2025-04-27T11:03:06.855Z</time>
      </trkpt>
      <trkpt lat="45.874079" lon="10.906341">
        <ele>267.071093</ele>
        <time>2025-04-27T11:03:20.466Z</time>
      </trkpt>
      <trkpt lat="45.874009" lon="10.906506">
        <ele>266.842548</ele>
        <time>2025-04-27T11:03:24.418Z</time>
      </trkpt>
      <trkpt lat="45.87367" lon="10.90703">
        <ele>265.996472</ele>
        <time>2025-04-27T11:03:37.777Z</time>
      </trkpt>
      <trkpt lat="45.873433" lon="10.907201">
        <ele>265.437503</ele>
        <time>2025-04-27T11:03:44.388Z</time>
      </trkpt>
      <trkpt lat="45.873302" lon="10.907318">
        <ele>264.050792</ele>
        <time>2025-04-27T11:03:48.125Z</time>
      </trkpt>
      <trkpt lat="45.87235" lon="10.907715">
        <ele>255.139553</ele>
        <time>2025-04-27T11:04:11.402Z</time>
      </trkpt>
      <trkpt lat="45.872051" lon="10.907924">
        <ele>252.150335</ele>
        <time>2025-04-27T11:04:18.994Z</time>
      </trkpt>
      <trkpt lat="45.871889" lon="10.907955">
        <ele>250.681199</ele>
        <time>2025-04-27T11:04:22.715Z</time>
      </trkpt>
      <trkpt lat="45.871792" lon="10.90794">
        <ele>249.804197</ele>
        <time>2025-04-27T11:04:24.966Z</time>
      </trkpt>
      <trkpt lat="45.871705" lon="10.908014">
        <ele>248.891255</ele>
        <time>2025-04-27T11:04:27.272Z</time>
      </trkpt>
      <trkpt lat="45.871693" lon="10.908083">
        <ele>248.442597</ele>
        <time>2025-04-27T11:04:28.418Z</time>
      </trkpt>
      <trkpt lat="45.871729" lon="10.908227">
        <ele>247.477394</ele>
        <time>2025-04-27T11:04:30.840Z</time>
      </trkpt>
      <trkpt lat="45.871873" lon="10.908319">
        <ele>246.04943</ele>
        <time>2025-04-27T11:04:34.441Z</time>
      </trkpt>
      <trkpt lat="45.871908" lon="10.908377">
        <ele>245.565242</ele>
        <time>2025-04-27T11:04:35.662Z</time>
      </trkpt>
      <trkpt lat="45.871889" lon="10.908591">
        <ele>244.204302</ele>
        <time>2025-04-27T11:04:39.090Z</time>
      </trkpt>
      <trkpt lat="45.871823" lon="10.908606">
        <ele>243.598874</ele>
        <time>2025-04-27T11:04:40.612Z</time>
      </trkpt>
      <trkpt lat="45.871545" lon="10.908563">
        <ele>241.065513</ele>
        <time>2025-04-27T11:04:47.026Z</time>
      </trkpt>
      <trkpt lat="45.87081" lon="10.908656">
        <ele>234.380312</ele>
        <time>2025-04-27T11:05:04.423Z</time>
      </trkpt>
      <trkpt lat="45.870592" lon="10.908666">
        <ele>232.885689</ele>
        <time>2025-04-27T11:05:09.991Z</time>
      </trkpt>
      <trkpt lat="45.869717" lon="10.908564">
        <ele>230.387913</ele>
        <time>2025-04-27T11:05:33.039Z</time>
      </trkpt>
      <trkpt lat="45.869624" lon="10.90859">
        <ele>230.118339</ele>
        <time>2025-04-27T11:05:35.693Z</time>
      </trkpt>
      <trkpt lat="45.869541" lon="10.908659">
        <ele>229.845473</ele>
        <time>2025-04-27T11:05:38.473Z</time>
      </trkpt>
      <trkpt lat="45.869485" lon="10.908784">
        <ele>229.551002</ele>
        <time>2025-04-27T11:05:41.650Z</time>
      </trkpt>
      <trkpt lat="45.869526" lon="10.909513">
        <ele>228.102056</ele>
        <time>2025-04-27T11:05:59.324Z</time>
      </trkpt>
      <trkpt lat="45.869537" lon="10.909709">
        <ele>228.299646</ele>
        <time>2025-04-27T11:06:05.541Z</time>
      </trkpt>
      <trkpt lat="45.869507" lon="10.910027">
        <ele>229.016044</ele>
        <time>2025-04-27T11:06:17.121Z</time>
      </trkpt>
      <trkpt lat="45.869318" lon="10.910816">
        <ele>230.878752</ele>
        <time>2025-04-27T11:06:52.479Z</time>
      </trkpt>
      <trkpt lat="45.86926" lon="10.91107">
        <ele>231.475504</ele>
        <time>2025-04-27T11:07:06.443Z</time>
      </trkpt>
      <trkpt lat="45.869199" lon="10.911228">
        <ele>231.878821</ele>
        <time>2025-04-27T11:07:16.607Z</time>
      </trkpt>
      <trkpt lat="45.869061" lon="10.911442">
        <ele>232.529973</ele>
        <time>2025-04-27T11:07:32.920Z</time>
      </trkpt>
      <trkpt lat="45.868924" lon="10.911794">
        <ele>233.430223</ele>
        <time>2025-04-27T11:07:53.759Z</time>
      </trkpt>
      <trkpt lat="45.868891" lon="10.911898">
        <ele>233.685369</ele>
        <time>2025-04-27T11:07:58.925Z</time>
      </trkpt>
      <trkpt lat="45.86854" lon="10.912479">
        <ele>232.463024</ele>
        <time>2025-04-27T11:08:24.698Z</time>
      </trkpt>
      <trkpt lat="45.868285" lon="10.913071">
        <ele>231.243897</ele>
        <time>2025-04-27T11:08:37.781Z</time>
      </trkpt>
      <trkpt lat="45.868237" lon="10.913352">
        <ele>230.737181</ele>
        <time>2025-04-27T11:08:42.836Z</time>
      </trkpt>
      <trkpt lat="45.868286" lon="10.913868">
        <ele>229.82513</ele>
        <time>2025-04-27T11:08:51.724Z</time>
      </trkpt>
      <trkpt lat="45.868275" lon="10.914132">
        <ele>229.361952</ele>
        <time>2025-04-27T11:08:56.243Z</time>
      </trkpt>
      <trkpt lat="45.868171" lon="10.914459">
        <ele>229.475786</ele>
        <time>2025-04-27T11:09:02.523Z</time>
      </trkpt>
      <trkpt lat="45.867943" lon="10.914793">
        <ele>229.87689</ele>
        <time>2025-04-27T11:09:11.201Z</time>
      </trkpt>
      <trkpt lat="45.867829" lon="10.91488">
        <ele>230.035881</ele>
        <time>2025-04-27T11:09:15.013Z</time>
      </trkpt>
      <trkpt lat="45.867751" lon="10.914896">
        <ele>230.132918</ele>
        <time>2025-04-27T11:09:17.553Z</time>
      </trkpt>
      <trkpt lat="45.866671" lon="10.914938">
        <ele>231.484444</ele>
        <time>2025-04-27T11:10:32.429Z</time>
      </trkpt>
      <trkpt lat="45.866239" lon="10.915036">
        <ele>232.689506</ele>
        <time>2025-04-27T11:11:12.373Z</time>
      </trkpt>
      <trkpt lat="45.865627" lon="10.915392">
        <ele>234.508852</ele>
        <time>2025-04-27T11:12:03.249Z</time>
      </trkpt>
      <trkpt lat="45.864992" lon="10.916114">
        <ele>235.824852</ele>
        <time>2025-04-27T11:12:29.981Z</time>
      </trkpt>
      <trkpt lat="45.864099" lon="10.916779">
        <ele>231.089777</ele>
        <time>2025-04-27T11:12:54.335Z</time>
      </trkpt>
      <trkpt lat="45.863755" lon="10.916967">
        <ele>229.35721</ele>
        <time>2025-04-27T11:13:03.536Z</time>
      </trkpt>
      <trkpt lat="45.863492" lon="10.916992">
        <ele>228.116514</ele>
        <time>2025-04-27T11:13:10.638Z</time>
      </trkpt>
      <trkpt lat="45.863041" lon="10.916996">
        <ele>228.331745</ele>
        <time>2025-04-27T11:13:24.836Z</time>
      </trkpt>
      <trkpt lat="45.862786" lon="10.917072">
        <ele>228.581588</ele>
        <time>2025-04-27T11:13:36.602Z</time>
      </trkpt>
      <trkpt lat="45.861698" lon="10.917558">
        <ele>229.680099</ele>
        <time>2025-04-27T11:14:41.402Z</time>
      </trkpt>
      <trkpt lat="45.861231" lon="10.917899">
        <ele>230.387899</ele>
        <time>2025-04-27T11:15:07.168Z</time>
      </trkpt>
      <trkpt lat="45.860622" lon="10.918454">
        <ele>231.362366</ele>
        <time>2025-04-27T11:15:41.875Z</time>
      </trkpt>
      <trkpt lat="45.858177" lon="10.920429">
        <ele>231.717407</ele>
        <time>2025-04-27T11:17:35.896Z</time>
      </trkpt>
      <trkpt lat="45.857976" lon="10.92064">
        <ele>231.182756</ele>
        <time>2025-04-27T11:17:42.838Z</time>
      </trkpt>
      <trkpt lat="45.857933" lon="10.920758">
        <ele>230.983594</ele>
        <time>2025-04-27T11:17:45.334Z</time>
      </trkpt>
      <trkpt lat="45.857855" lon="10.920895">
        <ele>230.718966</ele>
        <time>2025-04-27T11:17:48.678Z</time>
      </trkpt>
      <trkpt lat="45.857757" lon="10.92107">
        <ele>230.383148</ele>
        <time>2025-04-27T11:17:52.902Z</time>
      </trkpt>
      <trkpt lat="45.857707" lon="10.921127">
        <ele>230.246058</ele>
        <time>2025-04-27T11:17:54.640Z</time>
      </trkpt>
      <trkpt lat="45.857683" lon="10.92114">
        <ele>230.190978</ele>
        <time>2025-04-27T11:17:55.345Z</time>
      </trkpt>
      <trkpt lat="45.857541" lon="10.9215">
        <ele>229.572256</ele>
        <time>2025-04-27T11:18:02.949Z</time>
      </trkpt>
      <trkpt lat="45.85683" lon="10.924667">
        <ele>224.582312</ele>
        <time>2025-04-27T11:19:10.347Z</time>
      </trkpt>
      <trkpt lat="45.856135" lon="10.92769">
        <ele>223.938073</ele>
        <time>2025-04-27T11:20:28.637Z</time>
      </trkpt>
      <trkpt lat="45.856035" lon="10.928177">
        <ele>224.258919</ele>
        <time>2025-04-27T11:20:45.563Z</time>
      </trkpt>
      <trkpt lat="45.855877" lon="10.928959">
        <ele>224.773461</ele>
        <time>2025-04-27T11:21:13.967Z</time>
      </trkpt>
      <trkpt lat="45.855876" lon="10.928966">
        <ele>224.777977</ele>
        <time>2025-04-27T11:21:14.227Z</time>
      </trkpt>
      <trkpt lat="45.855604" lon="10.930238">
        <ele>225.398411</ele>
        <time>2025-04-27T11:21:59.143Z</time>
      </trkpt>
      <trkpt lat="45.85553" lon="10.930458">
        <ele>225.495843</ele>
        <time>2025-04-27T11:22:05.607Z</time>
      </trkpt>
      <trkpt lat="45.855429" lon="10.930894">
        <ele>225.679086</ele>
        <time>2025-04-27T11:22:17.395Z</time>
      </trkpt>
      <trkpt lat="45.855418" lon="10.930937">
        <ele>225.697355</ele>
        <time>2025-04-27T11:22:18.529Z</time>
      </trkpt>
      <trkpt lat="45.855274" lon="10.93109">
        <ele>225.799931</ele>
        <time>2025-04-27T11:22:25.350Z</time>
      </trkpt>
      <trkpt lat="45.854945" lon="10.931516">
        <ele>226.048076</ele>
        <time>2025-04-27T11:22:42.504Z</time>
      </trkpt>
      <trkpt lat="45.854909" lon="10.931583">
        <ele>226.001893</ele>
        <time>2025-04-27T11:22:44.714Z</time>
      </trkpt>
      <trkpt lat="45.854819" lon="10.932021">
        <ele>225.752663</ele>
        <time>2025-04-27T11:22:56.231Z</time>
      </trkpt>
      <trkpt lat="45.854833" lon="10.932085">
        <ele>225.716051</ele>
        <time>2025-04-27T11:22:57.893Z</time>
      </trkpt>
      <trkpt lat="45.854902" lon="10.932383">
        <ele>225.544662</ele>
        <time>2025-04-27T11:23:05.490Z</time>
      </trkpt>
      <trkpt lat="45.854908" lon="10.932604">
        <ele>225.423957</ele>
        <time>2025-04-27T11:23:11.057Z</time>
      </trkpt>
      <trkpt lat="45.854838" lon="10.932949">
        <ele>225.227842</ele>
        <time>2025-04-27T11:23:20.164Z</time>
      </trkpt>
      <trkpt lat="45.854483" lon="10.934493">
        <ele>223.610231</ele>
        <time>2025-04-27T11:23:55.785Z</time>
      </trkpt>
      <trkpt lat="45.854475" lon="10.934532">
        <ele>223.534283</ele>
        <time>2025-04-27T11:23:56.598Z</time>
      </trkpt>
      <trkpt lat="45.854386" lon="10.934943">
        <ele>222.730265</ele>
        <time>2025-04-27T11:24:05.115Z</time>
      </trkpt>
      <trkpt lat="45.854221" lon="10.93572">
        <ele>221.212827</ele>
        <time>2025-04-27T11:24:20.764Z</time>
      </trkpt>
      <trkpt lat="45.854094" lon="10.936393">
        <ele>219.910301</ele>
        <time>2025-04-27T11:24:34.001Z</time>
      </trkpt>
      <trkpt lat="45.854069" lon="10.937339">
        <ele>217.990831</ele>
        <time>2025-04-27T11:24:52.421Z</time>
      </trkpt>
      <trkpt lat="45.854509" lon="10.938616">
        <ele>215.089549</ele>
        <time>2025-04-27T11:25:20.596Z</time>
      </trkpt>
      <trkpt lat="45.854603" lon="10.939006">
        <ele>214.269159</ele>
        <time>2025-04-27T11:25:28.696Z</time>
      </trkpt>
      <trkpt lat="45.854588" lon="10.939377">
        <ele>213.561288</ele>
        <time>2025-04-27T11:25:35.954Z</time>
      </trkpt>
      <trkpt lat="45.854543" lon="10.939665">
        <ele>212.999069</ele>
        <time>2025-04-27T11:25:41.706Z</time>
      </trkpt>
      <trkpt lat="45.854352" lon="10.940493">
        <ele>211.337635</ele>
        <time>2025-04-27T11:25:58.718Z</time>
      </trkpt>
      <trkpt lat="45.854011" lon="10.94201">
        <ele>208.831269</ele>
        <time>2025-04-27T11:26:30.844Z</time>
      </trkpt>
      <trkpt lat="45.853888" lon="10.943061">
        <ele>207.605092</ele>
        <time>2025-04-27T11:26:53.746Z</time>
      </trkpt>
      <trkpt lat="45.853854" lon="10.943585">
        <ele>206.999594</ele>
        <time>2025-04-27T11:27:05.427Z</time>
      </trkpt>
      <trkpt lat="45.853857" lon="10.94394">
        <ele>206.65214</ele>
        <time>2025-04-27T11:27:13.525Z</time>
      </trkpt>
      <trkpt lat="45.853856" lon="10.944725">
        <ele>206.461131</ele>
        <time>2025-04-27T11:27:32.134Z</time>
      </trkpt>
      <trkpt lat="45.853893" lon="10.945608">
        <ele>206.245889</ele>
        <time>2025-04-27T11:27:54.501Z</time>
      </trkpt>
      <trkpt lat="45.853921" lon="10.946146">
        <ele>206.114616</ele>
        <time>2025-04-27T11:28:09.010Z</time>
      </trkpt>
      <trkpt lat="45.854036" lon="10.947434">
        <ele>205.879727</ele>
        <time>2025-04-27T11:28:43.588Z</time>
      </trkpt>
      <trkpt lat="45.854049" lon="10.94756">
        <ele>205.859139</ele>
        <time>2025-04-27T11:28:46.858Z</time>
      </trkpt>
      <trkpt lat="45.854104" lon="10.948171">
        <ele>205.75956</ele>
        <time>2025-04-27T11:29:02.324Z</time>
      </trkpt>
      <trkpt lat="45.854099" lon="10.948435">
        <ele>205.716874</ele>
        <time>2025-04-27T11:29:08.802Z</time>
      </trkpt>
      <trkpt lat="45.853867" lon="10.950857">
        <ele>204.808062</ele>
        <time>2025-04-27T11:30:07.123Z</time>
      </trkpt>
      <trkpt lat="45.853794" lon="10.951557">
        <ele>204.498441</ele>
        <time>2025-04-27T11:30:24.041Z</time>
      </trkpt>
      <trkpt lat="45.853628" lon="10.952453">
        <ele>203.984289</ele>
        <time>2025-04-27T11:30:46.281Z</time>
      </trkpt>
      <trkpt lat="45.853556" lon="10.952654">
        <ele>203.858592</ele>
        <time>2025-04-27T11:30:51.664Z</time>
      </trkpt>
      <trkpt lat="45.853415" lon="10.952936">
        <ele>203.66554</ele>
        <time>2025-04-27T11:30:59.845Z</time>
      </trkpt>
      <trkpt lat="45.853054" lon="10.953448">
        <ele>203.260377</ele>
        <time>2025-04-27T11:31:16.658Z</time>
      </trkpt>
      <trkpt lat="45.85261" lon="10.954512">
        <ele>202.468511</ele>
        <time>2025-04-27T11:31:44.381Z</time>
      </trkpt>
      <trkpt lat="45.852539" lon="10.954909">
        <ele>202.192724</ele>
        <time>2025-04-27T11:31:53.564Z</time>
      </trkpt>
      <trkpt lat="45.852543" lon="10.955419">
        <ele>201.849549</ele>
        <time>2025-04-27T11:32:05.105Z</time>
      </trkpt>
      <trkpt lat="45.852375" lon="10.958031">
        <ele>200.669441</ele>
        <time>2025-04-27T11:33:08.147Z</time>
      </trkpt>
      <trkpt lat="45.852344" lon="10.959093">
        <ele>200.344159</ele>
        <time>2025-04-27T11:33:34.392Z</time>
      </trkpt>
      <trkpt lat="45.852299" lon="10.959969">
        <ele>200.175413</ele>
        <time>2025-04-27T11:33:56.112Z</time>
      </trkpt>
      <trkpt lat="45.852312" lon="10.960382">
        <ele>200.095991</ele>
        <time>2025-04-27T11:34:06.432Z</time>
      </trkpt>
      <trkpt lat="45.852278" lon="10.960472">
        <ele>200.076322</ele>
        <time>2025-04-27T11:34:09.042Z</time>
      </trkpt>
      <trkpt lat="45.852296" lon="10.960669">
        <ele>200.038152</ele>
        <time>2025-04-27T11:34:14.065Z</time>
      </trkpt>
      <trkpt lat="45.852236" lon="10.961345">
        <ele>199.908084</ele>
        <time>2025-04-27T11:34:31.511Z</time>
      </trkpt>
      <trkpt lat="45.852366" lon="10.963325">
        <ele>199.744542</ele>
        <time>2025-04-27T11:35:23.433Z</time>
      </trkpt>
      <trkpt lat="45.852371" lon="10.963822">
        <ele>199.703668</ele>
        <time>2025-04-27T11:35:36.415Z</time>
      </trkpt>
      <trkpt lat="45.852322" lon="10.96552">
        <ele>199.135084</ele>
        <time>2025-04-27T11:36:18.107Z</time>
      </trkpt>
      <trkpt lat="45.852374" lon="10.966538">
        <ele>198.784753</ele>
        <time>2025-04-27T11:36:42.098Z</time>
      </trkpt>
      <trkpt lat="45.852386" lon="10.966686">
        <ele>198.74917</ele>
        <time>2025-04-27T11:36:45.654Z</time>
      </trkpt>
      <trkpt lat="45.852402" lon="10.96688">
        <ele>198.702518</ele>
        <time>2025-04-27T11:36:50.257Z</time>
      </trkpt>
      <trkpt lat="45.852424" lon="10.967163">
        <ele>198.634516</ele>
        <time>2025-04-27T11:36:56.971Z</time>
      </trkpt>
      <trkpt lat="45.852446" lon="10.96744">
        <ele>198.567938</ele>
        <time>2025-04-27T11:37:03.546Z</time>
      </trkpt>
      <trkpt lat="45.852465" lon="10.96762">
        <ele>198.524461</ele>
        <time>2025-04-27T11:37:07.942Z</time>
      </trkpt>
      <trkpt lat="45.852481" lon="10.967835">
        <ele>198.472826</ele>
        <time>2025-04-27T11:37:13.147Z</time>
      </trkpt>
      <trkpt lat="45.852506" lon="10.968212">
        <ele>198.382388</ele>
        <time>2025-04-27T11:37:22.398Z</time>
      </trkpt>
      <trkpt lat="45.852508" lon="10.968341">
        <ele>198.351575</ele>
        <time>2025-04-27T11:37:25.674Z</time>
      </trkpt>
      <trkpt lat="45.852508" lon="10.968429">
        <ele>198.33056</ele>
        <time>2025-04-27T11:37:27.964Z</time>
      </trkpt>
      <trkpt lat="45.85251" lon="10.968838">
        <ele>198.232885</ele>
        <time>2025-04-27T11:37:38.972Z</time>
      </trkpt>
      <trkpt lat="45.852511" lon="10.969083">
        <ele>198.19503</ele>
        <time>2025-04-27T11:37:45.858Z</time>
      </trkpt>
      <trkpt lat="45.852512" lon="10.969332">
        <ele>198.36331</ele>
        <time>2025-04-27T11:37:52.914Z</time>
      </trkpt>
      <trkpt lat="45.852512" lon="10.969373">
        <ele>198.391018</ele>
        <time>2025-04-27T11:37:54.053Z</time>
      </trkpt>
      <trkpt lat="45.852513" lon="10.969632">
        <ele>198.566056</ele>
        <time>2025-04-27T11:38:01.210Z</time>
      </trkpt>
      <trkpt lat="45.852514" lon="10.969985">
        <ele>198.804619</ele>
        <time>2025-04-27T11:38:11.585Z</time>
      </trkpt>
      <trkpt lat="45.85249" lon="10.969986">
        <ele>198.827916</ele>
        <time>2025-04-27T11:38:12.626Z</time>
      </trkpt>
      <trkpt lat="45.852471" lon="10.969985">
        <ele>198.846364</ele>
        <time>2025-04-27T11:38:13.437Z</time>
      </trkpt>
      <trkpt lat="45.852469" lon="10.970073">
        <ele>198.905867</ele>
        <time>2025-04-27T11:38:16.182Z</time>
      </trkpt>
      <trkpt lat="45.852434" lon="10.970132">
        <ele>198.958242</ele>
        <time>2025-04-27T11:38:18.649Z</time>
      </trkpt>
      <trkpt lat="45.852431" lon="10.97039">
        <ele>199.132625</ele>
        <time>2025-04-27T11:38:26.868Z</time>
      </trkpt>
      <trkpt lat="45.852376" lon="10.970453">
        <ele>199.200894</ele>
        <time>2025-04-27T11:38:30.142Z</time>
      </trkpt>
      <trkpt lat="45.852364" lon="10.970485">
        <ele>199.225456</ele>
        <time>2025-04-27T11:38:31.326Z</time>
      </trkpt>
      <trkpt lat="45.852348" lon="10.970529">
        <ele>199.259</ele>
        <time>2025-04-27T11:38:32.933Z</time>
      </trkpt>
      <trkpt lat="45.852348" lon="10.970591">
        <ele>199.3009</ele>
        <time>2025-04-27T11:38:34.938Z</time>
      </trkpt>
      <trkpt lat="45.852" lon="10.971476">
        <ele>199.963779</ele>
        <time>2025-04-27T11:39:08.704Z</time>
      </trkpt>
      <trkpt lat="45.851637" lon="10.972409">
        <ele>200.410414</ele>
        <time>2025-04-27T11:39:43.668Z</time>
      </trkpt>
      <trkpt lat="45.85163" lon="10.972428">
        <ele>200.419397</ele>
        <time>2025-04-27T11:39:44.352Z</time>
      </trkpt>
      <trkpt lat="45.851535" lon="10.972649">
        <ele>200.527933</ele>
        <time>2025-04-27T11:39:52.284Z</time>
      </trkpt>
      <trkpt lat="45.851518" lon="10.972686">
        <ele>200.546457</ele>
        <time>2025-04-27T11:39:55.941Z</time>
      </trkpt>
      <trkpt lat="45.851578" lon="10.972732">
        <ele>200.58727</ele>
        <time>2025-04-27T11:39:59.604Z</time>
      </trkpt>
      <trkpt lat="45.851767" lon="10.972731">
        <ele>200.700675</ele>
        <time>2025-04-27T11:40:07.373Z</time>
      </trkpt>
      <trkpt lat="45.852162" lon="10.973027">
        <ele>200.968027</ele>
        <time>2025-04-27T11:40:23.414Z</time>
      </trkpt>
      <trkpt lat="45.852271" lon="10.973091">
        <ele>200.970447</ele>
        <time>2025-04-27T11:40:27.402Z</time>
      </trkpt>
      <trkpt lat="45.852395" lon="10.973121">
        <ele>200.896619</ele>
        <time>2025-04-27T11:40:31.633Z</time>
      </trkpt>
      <trkpt lat="45.853061" lon="10.973148">
        <ele>200.50545</ele>
        <time>2025-04-27T11:40:53.667Z</time>
      </trkpt>
      <trkpt lat="45.8532" lon="10.973154">
        <ele>200.423805</ele>
        <time>2025-04-27T11:40:58.329Z</time>
      </trkpt>
      <trkpt lat="45.853721" lon="10.973165">
        <ele>200.117889</ele>
        <time>2025-04-27T11:41:15.982Z</time>
      </trkpt>
      <trkpt lat="45.853826" lon="10.973194">
        <ele>200.055112</ele>
        <time>2025-04-27T11:41:19.722Z</time>
      </trkpt>
      <trkpt lat="45.853633" lon="10.973746">
        <ele>199.926073</ele>
        <time>2025-04-27T11:41:35.432Z</time>
      </trkpt>
      <trkpt lat="45.853319" lon="10.974635">
        <ele>199.864157</ele>
        <time>2025-04-27T11:42:02.224Z</time>
      </trkpt>
      <trkpt lat="45.853299" lon="10.974689">
        <ele>199.860358</ele>
        <time>2025-04-27T11:42:03.886Z</time>
      </trkpt>
      <trkpt lat="45.853248" lon="10.974831">
        <ele>199.850433</ele>
        <time>2025-04-27T11:42:08.161Z</time>
      </trkpt>
      <trkpt lat="45.853236" lon="10.974864">
        <ele>199.848121</ele>
        <time>2025-04-27T11:42:09.167Z</time>
      </trkpt>
      <trkpt lat="45.85313" lon="10.975157">
        <ele>199.827612</ele>
        <time>2025-04-27T11:42:17.897Z</time>
      </trkpt>
      <trkpt lat="45.853116" lon="10.975192">
        <ele>199.825105</ele>
        <time>2025-04-27T11:42:18.924Z</time>
      </trkpt>
      <trkpt lat="45.853099" lon="10.975241">
        <ele>199.821704</ele>
        <time>2025-04-27T11:42:20.345Z</time>
      </trkpt>
      <trkpt lat="45.853048" lon="10.975384">
        <ele>199.811725</ele>
        <time>2025-04-27T11:42:24.472Z</time>
      </trkpt>
      <trkpt lat="45.852999" lon="10.97552">
        <ele>199.802213</ele>
        <time>2025-04-27T11:42:28.380Z</time>
      </trkpt>
      <trkpt lat="45.852905" lon="10.9758">
        <ele>199.787166</ele>
        <time>2025-04-27T11:42:36.264Z</time>
      </trkpt>
      <trkpt lat="45.852844" lon="10.97597">
        <ele>199.785654</ele>
        <time>2025-04-27T11:42:41.050Z</time>
      </trkpt>
      <trkpt lat="45.852679" lon="10.976427">
        <ele>199.781585</ele>
        <time>2025-04-27T11:42:53.725Z</time>
      </trkpt>
      <trkpt lat="45.852581" lon="10.976696">
        <ele>199.779186</ele>
        <time>2025-04-27T11:43:01.487Z</time>
      </trkpt>
      <trkpt lat="45.852517" lon="10.976828">
        <ele>199.777914</ele>
        <time>2025-04-27T11:43:05.606Z</time>
      </trkpt>
      <trkpt lat="45.852464" lon="10.976933">
        <ele>199.776889</ele>
        <time>2025-04-27T11:43:08.921Z</time>
      </trkpt>
      <trkpt lat="45.852384" lon="10.977073">
        <ele>199.775458</ele>
        <time>2025-04-27T11:43:15.325Z</time>
      </trkpt>
      <trkpt lat="45.852363" lon="10.97711">
        <ele>199.775081</ele>
        <time>2025-04-27T11:43:16.960Z</time>
      </trkpt>
      <trkpt lat="45.852167" lon="10.977463">
        <ele>199.771512</ele>
        <time>2025-04-27T11:43:33.071Z</time>
      </trkpt>
      <trkpt lat="45.85214" lon="10.977509">
        <ele>199.771037</ele>
        <time>2025-04-27T11:43:35.259Z</time>
      </trkpt>
      <trkpt lat="45.851975" lon="10.977764">
        <ele>199.768285</ele>
        <time>2025-04-27T11:43:44.554Z</time>
      </trkpt>
      <trkpt lat="45.851957" lon="10.977777">
        <ele>199.768057</ele>
        <time>2025-04-27T11:43:45.299Z</time>
      </trkpt>
      <trkpt lat="45.851934" lon="10.977829">
        <ele>199.76757</ele>
        <time>2025-04-27T11:43:47.070Z</time>
      </trkpt>
      <trkpt lat="45.851941" lon="10.97789">
        <ele>199.791246</ele>
        <time>2025-04-27T11:43:48.792Z</time>
      </trkpt>
      <trkpt lat="45.851995" lon="10.977932">
        <ele>199.84798</ele>
        <time>2025-04-27T11:43:51.114Z</time>
      </trkpt>
      <trkpt lat="45.851999" lon="10.978018">
        <ele>199.903438</ele>
        <time>2025-04-27T11:43:53.650Z</time>
      </trkpt>
      <trkpt lat="45.852033" lon="10.978539">
        <ele>200.240131</ele>
        <time>2025-04-27T11:44:09.850Z</time>
      </trkpt>
      <trkpt lat="45.852064" lon="10.97869">
        <ele>200.341421</ele>
        <time>2025-04-27T11:44:14.790Z</time>
      </trkpt>
      <trkpt lat="45.852097" lon="10.97882">
        <ele>200.430448</ele>
        <time>2025-04-27T11:44:19.126Z</time>
      </trkpt>
      <trkpt lat="45.852167" lon="10.979111">
        <ele>200.628537</ele>
        <time>2025-04-27T11:44:28.917Z</time>
      </trkpt>
      <trkpt lat="45.852176" lon="10.979282">
        <ele>200.738876</ele>
        <time>2025-04-27T11:44:34.244Z</time>
      </trkpt>
      <trkpt lat="45.852184" lon="10.97943">
        <ele>200.834389</ele>
        <time>2025-04-27T11:44:38.838Z</time>
      </trkpt>
      <trkpt lat="45.85216" lon="10.979512">
        <ele>200.891619</ele>
        <time>2025-04-27T11:44:41.668Z</time>
      </trkpt>
      <trkpt lat="45.851982" lon="10.979827">
        <ele>201.152611</ele>
        <time>2025-04-27T11:44:54.817Z</time>
      </trkpt>
      <trkpt lat="45.851908" lon="10.979862">
        <ele>201.224585</ele>
        <time>2025-04-27T11:44:58.557Z</time>
      </trkpt>
      <trkpt lat="45.851866" lon="10.979823">
        <ele>201.270791</ele>
        <time>2025-04-27T11:45:00.791Z</time>
      </trkpt>
      <trkpt lat="45.851851" lon="10.979765">
        <ele>201.3106</ele>
        <time>2025-04-27T11:45:02.735Z</time>
      </trkpt>
      <trkpt lat="45.851864" lon="10.979696">
        <ele>201.356592</ele>
        <time>2025-04-27T11:45:05.125Z</time>
      </trkpt>
      <trkpt lat="45.851896" lon="10.979658">
        <ele>201.394954</ele>
        <time>2025-04-27T11:45:07.025Z</time>
      </trkpt>
      <trkpt lat="45.851937" lon="10.979651">
        <ele>201.432223</ele>
        <time>2025-04-27T11:45:08.892Z</time>
      </trkpt>
      <trkpt lat="45.851988" lon="10.979698">
        <ele>201.476495</ele>
        <time>2025-04-27T11:45:11.831Z</time>
      </trkpt>
      <trkpt lat="45.852005" lon="10.979832">
        <ele>201.545798</ele>
        <time>2025-04-27T11:45:16.318Z</time>
      </trkpt>
      <trkpt lat="45.851985" lon="10.980078">
        <ele>201.671816</ele>
        <time>2025-04-27T11:45:24.908Z</time>
      </trkpt>
      <trkpt lat="45.85198" lon="10.980131">
        <ele>201.69903</ele>
        <time>2025-04-27T11:45:26.830Z</time>
      </trkpt>
      <trkpt lat="45.851987" lon="10.980142">
        <ele>201.706611</ele>
        <time>2025-04-27T11:45:27.329Z</time>
      </trkpt>
      <trkpt lat="45.851998" lon="10.980163">
        <ele>201.71998</ele>
        <time>2025-04-27T11:45:28.200Z</time>
      </trkpt>
      <trkpt lat="45.851925" lon="10.980452">
        <ele>201.876399</ele>
        <time>2025-04-27T11:45:38.565Z</time>
      </trkpt>
      <trkpt lat="45.851826" lon="10.980581">
        <ele>201.974065</ele>
        <time>2025-04-27T11:45:44.756Z</time>
      </trkpt>
      <trkpt lat="45.851315" lon="10.981035">
        <ele>202.413054</ele>
        <time>2025-04-27T11:46:09.588Z</time>
      </trkpt>
      <trkpt lat="45.851282" lon="10.981117">
        <ele>202.461241</ele>
        <time>2025-04-27T11:46:12.193Z</time>
      </trkpt>
      <trkpt lat="45.851264" lon="10.981176">
        <ele>202.494015</ele>
        <time>2025-04-27T11:46:13.919Z</time>
      </trkpt>
      <trkpt lat="45.85127" lon="10.981287">
        <ele>202.550664</ele>
        <time>2025-04-27T11:46:16.844Z</time>
      </trkpt>
      <trkpt lat="45.851485" lon="10.981903">
        <ele>202.659307</ele>
        <time>2025-04-27T11:46:34.135Z</time>
      </trkpt>
      <trkpt lat="45.851501" lon="10.981951">
        <ele>202.645022</ele>
        <time>2025-04-27T11:46:35.492Z</time>
      </trkpt>
      <trkpt lat="45.85151" lon="10.981977">
        <ele>202.637228</ele>
        <time>2025-04-27T11:46:36.225Z</time>
      </trkpt>
      <trkpt lat="45.851537" lon="10.982057">
        <ele>202.613365</ele>
        <time>2025-04-27T11:46:38.493Z</time>
      </trkpt>
      <trkpt lat="45.85156" lon="10.982122">
        <ele>202.593794</ele>
        <time>2025-04-27T11:46:40.332Z</time>
      </trkpt>
      <trkpt lat="45.851661" lon="10.982457">
        <ele>202.495803</ele>
        <time>2025-04-27T11:46:49.848Z</time>
      </trkpt>
      <trkpt lat="45.851696" lon="10.982557">
        <ele>202.465761</ele>
        <time>2025-04-27T11:46:52.808Z</time>
      </trkpt>
      <trkpt lat="45.851789" lon="10.982813">
        <ele>202.388255</ele>
        <time>2025-04-27T11:47:00.389Z</time>
      </trkpt>
      <trkpt lat="45.851908" lon="10.98291">
        <ele>202.335516</ele>
        <time>2025-04-27T11:47:05.436Z</time>
      </trkpt>
      <trkpt lat="45.852233" lon="10.983785">
        <ele>202.069323</ele>
        <time>2025-04-27T11:47:29.251Z</time>
      </trkpt>
      <trkpt lat="45.852281" lon="10.983923">
        <ele>201.859881</ele>
        <time>2025-04-27T11:47:32.774Z</time>
      </trkpt>
      <trkpt lat="45.852319" lon="10.984029">
        <ele>201.580629</ele>
        <time>2025-04-27T11:47:35.514Z</time>
      </trkpt>
      <trkpt lat="45.852363" lon="10.984154">
        <ele>201.252562</ele>
        <time>2025-04-27T11:47:38.650Z</time>
      </trkpt>
      <trkpt lat="45.852389" lon="10.984266">
        <ele>200.976026</ele>
        <time>2025-04-27T11:47:41.274Z</time>
      </trkpt>
      <trkpt lat="45.852413" lon="10.984431">
        <ele>200.581193</ele>
        <time>2025-04-27T11:47:44.970Z</time>
      </trkpt>
      <trkpt lat="45.852525" lon="10.984751">
        <ele>199.742312</ele>
        <time>2025-04-27T11:47:52.455Z</time>
      </trkpt>
      <trkpt lat="45.852771" lon="10.985399">
        <ele>198.013625</ele>
        <time>2025-04-27T11:48:06.621Z</time>
      </trkpt>
      <trkpt lat="45.852901" lon="10.986015">
        <ele>196.505941</ele>
        <time>2025-04-27T11:48:18.067Z</time>
      </trkpt>
      <trkpt lat="45.852824" lon="10.986463">
        <ele>194.996032</ele>
        <time>2025-04-27T11:48:26.015Z</time>
      </trkpt>
      <trkpt lat="45.852802" lon="10.986838">
        <ele>193.457538</ele>
        <time>2025-04-27T11:48:32.478Z</time>
      </trkpt>
      <trkpt lat="45.852866" lon="10.987106">
        <ele>192.299298</ele>
        <time>2025-04-27T11:48:37.317Z</time>
      </trkpt>
      <trkpt lat="45.852983" lon="10.987299">
        <ele>191.253279</ele>
        <time>2025-04-27T11:48:41.641Z</time>
      </trkpt>
      <trkpt lat="45.853079" lon="10.987393">
        <ele>190.571235</ele>
        <time>2025-04-27T11:48:44.469Z</time>
      </trkpt>
      <trkpt lat="45.853309" lon="10.987543">
        <ele>189.088488</ele>
        <time>2025-04-27T11:48:50.600Z</time>
      </trkpt>
      <trkpt lat="45.853499" lon="10.987594">
        <ele>187.953949</ele>
        <time>2025-04-27T11:48:55.358Z</time>
      </trkpt>
      <trkpt lat="45.853599" lon="10.98764">
        <ele>187.337604</ele>
        <time>2025-04-27T11:48:57.954Z</time>
      </trkpt>
      <trkpt lat="45.853653" lon="10.987726">
        <ele>186.864245</ele>
        <time>2025-04-27T11:48:59.976Z</time>
      </trkpt>
      <trkpt lat="45.853568" lon="10.988194">
        <ele>185.400847</ele>
        <time>2025-04-27T11:49:08.626Z</time>
      </trkpt>
      <trkpt lat="45.853572" lon="10.988302">
        <ele>185.366964</ele>
        <time>2025-04-27T11:49:10.634Z</time>
      </trkpt>
      <trkpt lat="45.853595" lon="10.988379">
        <ele>185.340716</ele>
        <time>2025-04-27T11:49:12.242Z</time>
      </trkpt>
      <trkpt lat="45.853711" lon="10.988496">
        <ele>185.27695</ele>
        <time>2025-04-27T11:49:16.199Z</time>
      </trkpt>
      <trkpt lat="45.853826" lon="10.988487">
        <ele>185.225145</ele>
        <time>2025-04-27T11:49:19.588Z</time>
      </trkpt>
      <trkpt lat="45.854715" lon="10.988048">
        <ele>184.802274</ele>
        <time>2025-04-27T11:49:55.837Z</time>
      </trkpt>
      <trkpt lat="45.854817" lon="10.988117">
        <ele>184.751556</ele>
        <time>2025-04-27T11:50:01.823Z</time>
      </trkpt>
      <trkpt lat="45.855012" lon="10.988382">
        <ele>184.658372</ele>
        <time>2025-04-27T11:50:17.006Z</time>
      </trkpt>
      <trkpt lat="45.855022" lon="10.988391">
        <ele>184.693076</ele>
        <time>2025-04-27T11:50:17.654Z</time>
      </trkpt>
      <trkpt lat="45.855178" lon="10.988442">
        <ele>185.163537</ele>
        <time>2025-04-27T11:50:27.088Z</time>
      </trkpt>
      <trkpt lat="45.855291" lon="10.988462">
        <ele>185.498329</ele>
        <time>2025-04-27T11:50:34.254Z</time>
      </trkpt>
      <trkpt lat="45.855298" lon="10.988463">
        <ele>185.519014</ele>
        <time>2025-04-27T11:50:34.648Z</time>
      </trkpt>
      <trkpt lat="45.855416" lon="10.988507">
        <ele>185.877505</ele>
        <time>2025-04-27T11:50:42.435Z</time>
      </trkpt>
      <trkpt lat="45.855525" lon="10.988688">
        <ele>186.367542</ele>
        <time>2025-04-27T11:50:53.060Z</time>
      </trkpt>
      <trkpt lat="45.855466" lon="10.988862">
        <ele>186.763879</ele>
        <time>2025-04-27T11:51:01.638Z</time>
      </trkpt>
      <trkpt lat="45.855611" lon="10.988709">
        <ele>187.293007</ele>
        <time>2025-04-27T11:51:12.914Z</time>
      </trkpt>
      <trkpt lat="45.855796" lon="10.988904">
        <ele>187.967851</ele>
        <time>2025-04-27T11:51:27.261Z</time>
      </trkpt>
      <trkpt lat="45.856044" lon="10.989089">
        <ele>188.789644</ele>
        <time>2025-04-27T11:51:44.513Z</time>
      </trkpt>
      <trkpt lat="45.856272" lon="10.989202">
        <ele>189.498897</ele>
        <time>2025-04-27T11:51:57.042Z</time>
      </trkpt>
      <trkpt lat="45.856742" lon="10.989424">
        <ele>190.342226</ele>
        <time>2025-04-27T11:52:21.968Z</time>
      </trkpt>
      <trkpt lat="45.856831" lon="10.989469">
        <ele>190.455009</ele>
        <time>2025-04-27T11:52:26.552Z</time>
      </trkpt>
      <trkpt lat="45.857096" lon="10.989598">
        <ele>190.789467</ele>
        <time>2025-04-27T11:52:39.695Z</time>
      </trkpt>
      <trkpt lat="45.857747" lon="10.989938">
        <ele>191.61747</ele>
        <time>2025-04-27T11:53:09.565Z</time>
      </trkpt>
      <trkpt lat="45.85778" lon="10.989957">
        <ele>191.659967</ele>
        <time>2025-04-27T11:53:11.104Z</time>
      </trkpt>
      <trkpt lat="45.85779" lon="10.989963">
        <ele>191.672922</ele>
        <time>2025-04-27T11:53:11.576Z</time>
      </trkpt>
      <trkpt lat="45.857838" lon="10.989989">
        <ele>191.734242</ele>
        <time>2025-04-27T11:53:13.782Z</time>
      </trkpt>
      <trkpt lat="45.858192" lon="10.990196">
        <ele>191.992281</ele>
        <time>2025-04-27T11:53:30.263Z</time>
      </trkpt>
      <trkpt lat="45.85831" lon="10.990264">
        <ele>191.887868</ele>
        <time>2025-04-27T11:53:35.570Z</time>
      </trkpt>
      <trkpt lat="45.858478" lon="10.990362">
        <ele>191.738957</ele>
        <time>2025-04-27T11:53:42.923Z</time>
      </trkpt>
      <trkpt lat="45.858512" lon="10.990381">
        <ele>191.708997</ele>
        <time>2025-04-27T11:53:44.398Z</time>
      </trkpt>
      <trkpt lat="45.858755" lon="10.990522">
        <ele>191.49377</ele>
        <time>2025-04-27T11:53:54.905Z</time>
      </trkpt>
      <trkpt lat="45.858819" lon="10.990558">
        <ele>191.437324</ele>
        <time>2025-04-27T11:53:57.687Z</time>
      </trkpt>
      <trkpt lat="45.85896" lon="10.990639">
        <ele>191.312613</ele>
        <time>2025-04-27T11:54:03.726Z</time>
      </trkpt>
      <trkpt lat="45.859251" lon="10.990807">
        <ele>191.055055</ele>
        <time>2025-04-27T11:54:15.795Z</time>
      </trkpt>
      <trkpt lat="45.859391" lon="10.990891">
        <ele>190.930454</ele>
        <time>2025-04-27T11:54:21.043Z</time>
      </trkpt>
      <trkpt lat="45.85947" lon="10.990938">
        <ele>190.860232</ele>
        <time>2025-04-27T11:54:23.851Z</time>
      </trkpt>
      <trkpt lat="45.859635" lon="10.991038">
        <ele>190.713161</ele>
        <time>2025-04-27T11:54:29.411Z</time>
      </trkpt>
      <trkpt lat="45.859732" lon="10.991096">
        <ele>190.626875</ele>
        <time>2025-04-27T11:54:32.298Z</time>
      </trkpt>
      <trkpt lat="45.859795" lon="10.991159">
        <ele>190.333835</ele>
        <time>2025-04-27T11:54:34.310Z</time>
      </trkpt>
      <trkpt lat="45.85983" lon="10.991195">
        <ele>190.047434</ele>
        <time>2025-04-27T11:54:35.429Z</time>
      </trkpt>
      <trkpt lat="45.860167" lon="10.991511">
        <ele>187.369944</ele>
        <time>2025-04-27T11:54:45.360Z</time>
      </trkpt>
      <trkpt lat="45.860455" lon="10.991934">
        <ele>184.629368</ele>
        <time>2025-04-27T11:54:55.302Z</time>
      </trkpt>
      <trkpt lat="45.860412" lon="10.991981">
        <ele>184.269877</ele>
        <time>2025-04-27T11:54:56.603Z</time>
      </trkpt>
      <trkpt lat="45.860398" lon="10.992019">
        <ele>184.070716</ele>
        <time>2025-04-27T11:54:57.319Z</time>
      </trkpt>
      <trkpt lat="45.860414" lon="10.992161">
        <ele>183.404314</ele>
        <time>2025-04-27T11:54:59.730Z</time>
      </trkpt>
      <trkpt lat="45.860685" lon="10.992638">
        <ele>180.55243</ele>
        <time>2025-04-27T11:55:10.025Z</time>
      </trkpt>
      <trkpt lat="45.860774" lon="10.992864">
        <ele>179.349634</ele>
        <time>2025-04-27T11:55:14.306Z</time>
      </trkpt>
      <trkpt lat="45.860861" lon="10.993423">
        <ele>176.969937</ele>
        <time>2025-04-27T11:55:23.671Z</time>
      </trkpt>
      <trkpt lat="45.860909" lon="10.993585">
        <ele>176.269769</ele>
        <time>2025-04-27T11:55:26.577Z</time>
      </trkpt>
      <trkpt lat="45.861183" lon="10.994045">
        <ele>173.862429</ele>
        <time>2025-04-27T11:55:37.049Z</time>
      </trkpt>
      <trkpt lat="45.861297" lon="10.994356">
        <ele>172.464704</ele>
        <time>2025-04-27T11:55:43.405Z</time>
      </trkpt>
      <trkpt lat="45.861373" lon="10.994918">
        <ele>170.187882</ele>
        <time>2025-04-27T11:55:53.937Z</time>
      </trkpt>
      <trkpt lat="45.861409" lon="10.995035">
        <ele>169.67918</ele>
        <time>2025-04-27T11:55:56.283Z</time>
      </trkpt>
      <trkpt lat="45.861466" lon="10.995604">
        <ele>168.006827</ele>
        <time>2025-04-27T11:56:06.734Z</time>
      </trkpt>
      <trkpt lat="45.861343" lon="10.996172">
        <ele>167.143829</ele>
        <time>2025-04-27T11:56:17.926Z</time>
      </trkpt>
      <trkpt lat="45.861337" lon="10.996287">
        <ele>166.976515</ele>
        <time>2025-04-27T11:56:20.218Z</time>
      </trkpt>
      <trkpt lat="45.861508" lon="10.997519">
        <ele>165.153927</ele>
        <time>2025-04-27T11:56:47.800Z</time>
      </trkpt>
      <trkpt lat="45.861554" lon="10.99758">
        <ele>165.02348</ele>
        <time>2025-04-27T11:56:49.922Z</time>
      </trkpt>
      <trkpt lat="45.86214" lon="10.997992">
        <ele>164.972646</ele>
        <time>2025-04-27T11:57:13.715Z</time>
      </trkpt>
      <trkpt lat="45.862741" lon="10.998359">
        <ele>165.490004</ele>
        <time>2025-04-27T11:57:41.673Z</time>
      </trkpt>
      <trkpt lat="45.862727" lon="10.998401">
        <ele>165.515691</ele>
        <time>2025-04-27T11:57:43.276Z</time>
      </trkpt>
      <trkpt lat="45.862303" lon="10.999533">
        <ele>166.174652</ele>
        <time>2025-04-27T11:58:29.456Z</time>
      </trkpt>
      <trkpt lat="45.862274" lon="10.999605">
        <ele>166.208288</ele>
        <time>2025-04-27T11:58:32.417Z</time>
      </trkpt>
      <trkpt lat="45.862238" lon="10.999576">
        <ele>166.232259</ele>
        <time>2025-04-27T11:58:34.524Z</time>
      </trkpt>
      <trkpt lat="45.862181" lon="10.999705">
        <ele>166.294043</ele>
        <time>2025-04-27T11:58:39.629Z</time>
      </trkpt>
      <trkpt lat="45.862064" lon="10.999909">
        <ele>166.40092</ele>
        <time>2025-04-27T11:58:48.581Z</time>
      </trkpt>
      <trkpt lat="45.861656" lon="10.99935">
        <ele>166.728401</ele>
        <time>2025-04-27T11:59:12.266Z</time>
      </trkpt>
      <trkpt lat="45.861626" lon="10.999431">
        <ele>166.765503</ele>
        <time>2025-04-27T11:59:14.810Z</time>
      </trkpt>
      <trkpt lat="45.861657" lon="10.99947">
        <ele>166.789437</ele>
        <time>2025-04-27T11:59:16.269Z</time>
      </trkpt>
      <trkpt lat="45.861722" lon="10.99959">
        <ele>166.850918</ele>
        <time>2025-04-27T11:59:20.265Z</time>
      </trkpt>
      <trkpt lat="45.86193" lon="10.999797">
        <ele>166.997882</ele>
        <time>2025-04-27T11:59:29.035Z</time>
      </trkpt>
      <trkpt lat="45.86209" lon="10.9999">
        <ele>167.0771</ele>
        <time>2025-04-27T11:59:34.719Z</time>
      </trkpt>
      <trkpt lat="45.862305" lon="10.999894">
        <ele>167.046658</ele>
        <time>2025-04-27T11:59:41.719Z</time>
      </trkpt>
      <trkpt lat="45.862365" lon="10.999846">
        <ele>167.036935</ele>
        <time>2025-04-27T11:59:43.907Z</time>
      </trkpt>
      <trkpt lat="45.862464" lon="10.999519">
        <ele>167.001784</ele>
        <time>2025-04-27T11:59:52.216Z</time>
      </trkpt>
      <trkpt lat="45.8625" lon="10.999514">
        <ele>166.996664</ele>
        <time>2025-04-27T11:59:53.404Z</time>
      </trkpt>
      <trkpt lat="45.865226" lon="11.00184">
        <ele>167.409692</ele>
        <time>2025-04-27T12:01:57.555Z</time>
      </trkpt>
      <trkpt lat="45.865644" lon="11.002268">
        <ele>167.785232</ele>
        <time>2025-04-27T12:02:20.090Z</time>
      </trkpt>
      <trkpt lat="45.865975" lon="11.002774">
        <ele>168.138875</ele>
        <time>2025-04-27T12:02:41.602Z</time>
      </trkpt>
      <trkpt lat="45.86627" lon="11.003512">
        <ele>168.572336</ele>
        <time>2025-04-27T12:03:07.539Z</time>
      </trkpt>
      <trkpt lat="45.866412" lon="11.004168">
        <ele>168.473918</ele>
        <time>2025-04-27T12:03:27.164Z</time>
      </trkpt>
      <trkpt lat="45.866467" lon="11.004861">
        <ele>168.33676</ele>
        <time>2025-04-27T12:03:45.284Z</time>
      </trkpt>
      <trkpt lat="45.866515" lon="11.006392">
        <ele>168.006547</ele>
        <time>2025-04-27T12:04:20.347Z</time>
      </trkpt>
      <trkpt lat="45.866679" lon="11.007502">
        <ele>167.667369</ele>
        <time>2025-04-27T12:04:46.805Z</time>
      </trkpt>
      <trkpt lat="45.866779" lon="11.008008">
        <ele>167.510147</ele>
        <time>2025-04-27T12:05:00.132Z</time>
      </trkpt>
      <trkpt lat="45.866817" lon="11.008189">
        <ele>167.453639</ele>
        <time>2025-04-27T12:05:05.122Z</time>
      </trkpt>
      <trkpt lat="45.867006" lon="11.008829">
        <ele>167.307948</ele>
        <time>2025-04-27T12:05:24.394Z</time>
      </trkpt>
      <trkpt lat="45.867256" lon="11.009515">
        <ele>167.273637</ele>
        <time>2025-04-27T12:05:46.775Z</time>
      </trkpt>
      <trkpt lat="45.867571" lon="11.010167">
        <ele>167.238472</ele>
        <time>2025-04-27T12:06:07.916Z</time>
      </trkpt>
      <trkpt lat="45.867921" lon="11.010769">
        <ele>167.199572</ele>
        <time>2025-04-27T12:06:26.720Z</time>
      </trkpt>
      <trkpt lat="45.868395" lon="11.011412">
        <ele>166.858468</ele>
        <time>2025-04-27T12:06:48.323Z</time>
      </trkpt>
      <trkpt lat="45.868762" lon="11.011833">
        <ele>166.612744</ele>
        <time>2025-04-27T12:07:04.042Z</time>
      </trkpt>
      <trkpt lat="45.869342" lon="11.012343">
        <ele>166.27037</ele>
        <time>2025-04-27T12:07:28.372Z</time>
      </trkpt>
      <trkpt lat="45.869715" lon="11.012606">
        <ele>166.50992</ele>
        <time>2025-04-27T12:07:44.734Z</time>
      </trkpt>
      <trkpt lat="45.871112" lon="11.013405">
        <ele>167.386485</ele>
        <time>2025-04-27T12:08:49.260Z</time>
      </trkpt>
      <trkpt lat="45.871297" lon="11.013583">
        <ele>167.531106</ele>
        <time>2025-04-27T12:08:59.115Z</time>
      </trkpt>
      <trkpt lat="45.872123" lon="11.014109">
        <ele>168.11793</ele>
        <time>2025-04-27T12:09:38.240Z</time>
      </trkpt>
      <trkpt lat="45.873437" lon="11.015044">
        <ele>168.603715</ele>
        <time>2025-04-27T12:10:36.964Z</time>
      </trkpt>
      <trkpt lat="45.874517" lon="11.015756">
        <ele>168.689518</ele>
        <time>2025-04-27T12:11:21.270Z</time>
      </trkpt>
      <trkpt lat="45.874647" lon="11.015886">
        <ele>168.668751</ele>
        <time>2025-04-27T12:11:27.088Z</time>
      </trkpt>
      <trkpt lat="45.874701" lon="11.016023">
        <ele>168.654382</ele>
        <time>2025-04-27T12:11:31.101Z</time>
      </trkpt>
      <trkpt lat="45.874729" lon="11.016078">
        <ele>168.648163</ele>
        <time>2025-04-27T12:11:32.852Z</time>
      </trkpt>
      <trkpt lat="45.876715" lon="11.017683">
        <ele>168.290286</ele>
        <time>2025-04-27T12:12:56.254Z</time>
      </trkpt>
      <trkpt lat="45.876962" lon="11.017866">
        <ele>168.239072</ele>
        <time>2025-04-27T12:13:06.456Z</time>
      </trkpt>
      <trkpt lat="45.877136" lon="11.0179">
        <ele>168.206713</ele>
        <time>2025-04-27T12:13:12.931Z</time>
      </trkpt>
      <trkpt lat="45.877498" lon="11.018139">
        <ele>168.151845</ele>
        <time>2025-04-27T12:13:27.613Z</time>
      </trkpt>
      <trkpt lat="45.879635" lon="11.019852">
        <ele>168.46964</ele>
        <time>2025-04-27T12:14:59.005Z</time>
      </trkpt>
      <trkpt lat="45.879866" lon="11.020069">
        <ele>168.617338</ele>
        <time>2025-04-27T12:15:10.530Z</time>
      </trkpt>
      <trkpt lat="45.880411" lon="11.021095">
        <ele>169.056542</ele>
        <time>2025-04-27T12:15:51.963Z</time>
      </trkpt>
      <trkpt lat="45.880525" lon="11.021367">
        <ele>169.126399</ele>
        <time>2025-04-27T12:16:02.470Z</time>
      </trkpt>
      <trkpt lat="45.880775" lon="11.022101">
        <ele>169.306195</ele>
        <time>2025-04-27T12:16:27.288Z</time>
      </trkpt>
      <trkpt lat="45.880772" lon="11.02215">
        <ele>169.317018</ele>
        <time>2025-04-27T12:16:28.680Z</time>
      </trkpt>
      <trkpt lat="45.880762" lon="11.022224">
        <ele>169.333604</ele>
        <time>2025-04-27T12:16:30.797Z</time>
      </trkpt>
      <trkpt lat="45.880778" lon="11.022272">
        <ele>169.345314</ele>
        <time>2025-04-27T12:16:32.201Z</time>
      </trkpt>
      <trkpt lat="45.880796" lon="11.022324">
        <ele>169.358092</ele>
        <time>2025-04-27T12:16:33.789Z</time>
      </trkpt>
      <trkpt lat="45.880839" lon="11.022296">
        <ele>169.373013</ele>
        <time>2025-04-27T12:16:35.616Z</time>
      </trkpt>
      <trkpt lat="45.881085" lon="11.022135">
        <ele>169.458455</ele>
        <time>2025-04-27T12:16:45.484Z</time>
      </trkpt>
      <trkpt lat="45.881148" lon="11.022095">
        <ele>169.480225</ele>
        <time>2025-04-27T12:16:47.941Z</time>
      </trkpt>
      <trkpt lat="45.881148" lon="11.022041">
        <ele>169.492107</ele>
        <time>2025-04-27T12:16:49.214Z</time>
      </trkpt>
      <trkpt lat="45.881148" lon="11.021984">
        <ele>169.504648</ele>
        <time>2025-04-27T12:16:50.582Z</time>
      </trkpt>
      <trkpt lat="45.881115" lon="11.02194">
        <ele>169.518879</ele>
        <time>2025-04-27T12:16:52.119Z</time>
      </trkpt>
      <trkpt lat="45.881004" lon="11.021808">
        <ele>169.564424</ele>
        <time>2025-04-27T12:16:56.862Z</time>
      </trkpt>
      <trkpt lat="45.880797" lon="11.021219">
        <ele>169.047502</ele>
        <time>2025-04-27T12:17:11.102Z</time>
      </trkpt>
      <trkpt lat="45.880269" lon="11.020088">
        <ele>167.97467</ele>
        <time>2025-04-27T12:17:40.157Z</time>
      </trkpt>
      <trkpt lat="45.880262" lon="11.019986">
        <ele>167.893923</ele>
        <time>2025-04-27T12:17:42.484Z</time>
      </trkpt>
      <trkpt lat="45.88029" lon="11.019916">
        <ele>167.830319</ele>
        <time>2025-04-27T12:17:44.362Z</time>
      </trkpt>
      <trkpt lat="45.880367" lon="11.019885">
        <ele>167.739823</ele>
        <time>2025-04-27T12:17:47.058Z</time>
      </trkpt>
      <trkpt lat="45.880705" lon="11.019994">
        <ele>167.670188</ele>
        <time>2025-04-27T12:17:59.429Z</time>
      </trkpt>
      <trkpt lat="45.880935" lon="11.020002">
        <ele>167.871592</ele>
        <time>2025-04-27T12:18:08.670Z</time>
      </trkpt>
      <trkpt lat="45.881216" lon="11.019941">
        <ele>168.120375</ele>
        <time>2025-04-27T12:18:20.839Z</time>
      </trkpt>
      <trkpt lat="45.881451" lon="11.019841">
        <ele>168.334933</ele>
        <time>2025-04-27T12:18:31.962Z</time>
      </trkpt>
      <trkpt lat="45.881576" lon="11.019753">
        <ele>168.456794</ele>
        <time>2025-04-27T12:18:38.505Z</time>
      </trkpt>
      <trkpt lat="45.881914" lon="11.01944">
        <ele>168.808837</ele>
        <time>2025-04-27T12:18:57.667Z</time>
      </trkpt>
      <trkpt lat="45.882319" lon="11.019047">
        <ele>169.355399</ele>
        <time>2025-04-27T12:19:20.840Z</time>
      </trkpt>
      <trkpt lat="45.882606" lon="11.0188">
        <ele>169.910551</ele>
        <time>2025-04-27T12:19:38.317Z</time>
      </trkpt>
      <trkpt lat="45.883031" lon="11.018535">
        <ele>170.679331</ele>
        <time>2025-04-27T12:20:03.391Z</time>
      </trkpt>
      <trkpt lat="45.883316" lon="11.01846">
        <ele>171.160107</ele>
        <time>2025-04-27T12:20:19.150Z</time>
      </trkpt>
      <trkpt lat="45.88357" lon="11.0184">
        <ele>171.587235</ele>
        <time>2025-04-27T12:20:31.762Z</time>
      </trkpt>
      <trkpt lat="45.883705" lon="11.018364">
        <ele>171.81507</ele>
        <time>2025-04-27T12:20:38.272Z</time>
      </trkpt>
      <trkpt lat="45.88408" lon="11.018357">
        <ele>171.933306</ele>
        <time>2025-04-27T12:20:55.394Z</time>
      </trkpt>
      <trkpt lat="45.884412" lon="11.018296">
        <ele>171.685888</ele>
        <time>2025-04-27T12:21:09.473Z</time>
      </trkpt>
      <trkpt lat="45.884536" lon="11.018035">
        <ele>171.523287</ele>
        <time>2025-04-27T12:21:17.560Z</time>
      </trkpt>
      <trkpt lat="45.884581" lon="11.018087">
        <ele>171.480596</ele>
        <time>2025-04-27T12:21:19.684Z</time>
      </trkpt>
      <trkpt lat="45.884639" lon="11.018091">
        <ele>171.437672</ele>
        <time>2025-04-27T12:21:21.637Z</time>
      </trkpt>
      <trkpt lat="45.884687" lon="11.018045">
        <ele>171.39502</ele>
        <time>2025-04-27T12:21:23.586Z</time>
      </trkpt>
      <trkpt lat="45.884707" lon="11.017968">
        <ele>171.35273</ele>
        <time>2025-04-27T12:21:25.473Z</time>
      </trkpt>
      <trkpt lat="45.88483" lon="11.017976">
        <ele>171.261713</ele>
        <time>2025-04-27T12:21:29.497Z</time>
      </trkpt>
      <trkpt lat="45.884917" lon="11.017965">
        <ele>171.197153</ele>
        <time>2025-04-27T12:21:32.274Z</time>
      </trkpt>
      <trkpt lat="45.884971" lon="11.017869">
        <ele>171.133643</ele>
        <time>2025-04-27T12:21:34.991Z</time>
      </trkpt>
      <trkpt lat="45.885119" lon="11.017706">
        <ele>170.995788</ele>
        <time>2025-04-27T12:21:40.766Z</time>
      </trkpt>
      <trkpt lat="45.885008" lon="11.017452">
        <ele>170.841467</ele>
        <time>2025-04-27T12:21:46.815Z</time>
      </trkpt>
      <trkpt lat="45.885475" lon="11.01703">
        <ele>170.310267</ele>
        <time>2025-04-27T12:22:03.354Z</time>
      </trkpt>
      <trkpt lat="45.886244" lon="11.016357">
        <ele>169.392302</ele>
        <time>2025-04-27T12:22:32.502Z</time>
      </trkpt>
      <trkpt lat="45.886675" lon="11.016124">
        <ele>168.92786</ele>
        <time>2025-04-27T12:22:48.993Z</time>
      </trkpt>
      <trkpt lat="45.88716" lon="11.015968">
        <ele>169.391616</ele>
        <time>2025-04-27T12:23:09.332Z</time>
      </trkpt>
      <trkpt lat="45.887635" lon="11.015907">
        <ele>169.836604</ele>
        <time>2025-04-27T12:23:31.122Z</time>
      </trkpt>
      <trkpt lat="45.887972" lon="11.01607">
        <ele>170.168401</ele>
        <time>2025-04-27T12:23:47.564Z</time>
      </trkpt>
      <trkpt lat="45.888308" lon="11.016166">
        <ele>170.488061</ele>
        <time>2025-04-27T12:24:04.004Z</time>
      </trkpt>
      <trkpt lat="45.888495" lon="11.016174">
        <ele>170.649391</ele>
        <time>2025-04-27T12:24:13.034Z</time>
      </trkpt>
      <trkpt lat="45.888657" lon="11.016165">
        <ele>170.766646</ele>
        <time>2025-04-27T12:24:20.830Z</time>
      </trkpt>
      <trkpt lat="45.888977" lon="11.016147">
        <ele>170.998264</ele>
        <time>2025-04-27T12:24:35.957Z</time>
      </trkpt>
      <trkpt lat="45.889364" lon="11.016272">
        <ele>171.285151</ele>
        <time>2025-04-27T12:24:53.387Z</time>
      </trkpt>
      <trkpt lat="45.889848" lon="11.0163">
        <ele>171.635489</ele>
        <time>2025-04-27T12:25:12.912Z</time>
      </trkpt>
      <trkpt lat="45.890371" lon="11.016421">
        <ele>171.842207</ele>
        <time>2025-04-27T12:25:33.138Z</time>
      </trkpt>
      <trkpt lat="45.891264" lon="11.01696">
        <ele>171.458432</ele>
        <time>2025-04-27T12:26:07.260Z</time>
      </trkpt>
      <trkpt lat="45.892275" lon="11.017736">
        <ele>170.998547</ele>
        <time>2025-04-27T12:26:46.832Z</time>
      </trkpt>
      <trkpt lat="45.89278" lon="11.018196">
        <ele>170.754399</ele>
        <time>2025-04-27T12:27:07.722Z</time>
      </trkpt>
      <trkpt lat="45.893031" lon="11.018484">
        <ele>170.623241</ele>
        <time>2025-04-27T12:27:19.170Z</time>
      </trkpt>
      <trkpt lat="45.893217" lon="11.018757">
        <ele>170.514672</ele>
        <time>2025-04-27T12:27:28.765Z</time>
      </trkpt>
      <trkpt lat="45.89336" lon="11.019064">
        <ele>170.489707</ele>
        <time>2025-04-27T12:27:38.136Z</time>
      </trkpt>
      <trkpt lat="45.893855" lon="11.01988">
        <ele>170.696042</ele>
        <time>2025-04-27T12:28:06.692Z</time>
      </trkpt>
      <trkpt lat="45.894058" lon="11.020152">
        <ele>170.772065</ele>
        <time>2025-04-27T12:28:17.723Z</time>
      </trkpt>
      <trkpt lat="45.894599" lon="11.020776">
        <ele>170.983466</ele>
        <time>2025-04-27T12:28:46.713Z</time>
      </trkpt>
      <trkpt lat="45.895716" lon="11.022235">
        <ele>172.14199</ele>
        <time>2025-04-27T12:29:53.280Z</time>
      </trkpt>
      <trkpt lat="45.895822" lon="11.022575">
        <ele>172.331048</ele>
        <time>2025-04-27T12:30:04.143Z</time>
      </trkpt>
      <trkpt lat="45.896392" lon="11.023226">
        <ele>172.356112</ele>
        <time>2025-04-27T12:30:32.753Z</time>
      </trkpt>
      <trkpt lat="45.897263" lon="11.024291">
        <ele>172.374704</ele>
        <time>2025-04-27T12:31:14.252Z</time>
      </trkpt>
      <trkpt lat="45.897374" lon="11.024483">
        <ele>172.339064</ele>
        <time>2025-04-27T12:31:20.472Z</time>
      </trkpt>
      <trkpt lat="45.89744" lon="11.024712">
        <ele>172.303673</ele>
        <time>2025-04-27T12:31:26.667Z</time>
      </trkpt>
      <trkpt lat="45.897665" lon="11.02522">
        <ele>172.217694</ele>
        <time>2025-04-27T12:31:41.926Z</time>
      </trkpt>
      <trkpt lat="45.897929" lon="11.025706">
        <ele>172.129665</ele>
        <time>2025-04-27T12:31:57.835Z</time>
      </trkpt>
      <trkpt lat="45.89829" lon="11.02646">
        <ele>171.982332</ele>
        <time>2025-04-27T12:32:21.304Z</time>
      </trkpt>
      <trkpt lat="45.898646" lon="11.027314">
        <ele>171.743487</ele>
        <time>2025-04-27T12:32:46.379Z</time>
      </trkpt>
      <trkpt lat="45.89876" lon="11.027658">
        <ele>171.652072</ele>
        <time>2025-04-27T12:32:55.811Z</time>
      </trkpt>
      <trkpt lat="45.898863" lon="11.027829">
        <ele>171.597811</ele>
        <time>2025-04-27T12:33:01.375Z</time>
      </trkpt>
      <trkpt lat="45.90023" lon="11.029293">
        <ele>170.889427</ele>
        <time>2025-04-27T12:34:00.597Z</time>
      </trkpt>
      <trkpt lat="45.900804" lon="11.029692">
        <ele>170.602196</ele>
        <time>2025-04-27T12:34:23.176Z</time>
      </trkpt>
      <trkpt lat="45.901131" lon="11.030027">
        <ele>170.601987</ele>
        <time>2025-04-27T12:34:37.681Z</time>
      </trkpt>
      <trkpt lat="45.901331" lon="11.030186">
        <ele>170.607282</ele>
        <time>2025-04-27T12:34:46.024Z</time>
      </trkpt>
      <trkpt lat="45.902328" lon="11.030759">
        <ele>170.63216</ele>
        <time>2025-04-27T12:35:27.363Z</time>
      </trkpt>
      <trkpt lat="45.902409" lon="11.030897">
        <ele>170.640827</ele>
        <time>2025-04-27T12:35:32.446Z</time>
      </trkpt>
      <trkpt lat="45.90243" lon="11.031019">
        <ele>170.689281</ele>
        <time>2025-04-27T12:35:36.006Z</time>
      </trkpt>
      <trkpt lat="45.902548" lon="11.03181">
        <ele>171.001175</ele>
        <time>2025-04-27T12:35:59.283Z</time>
      </trkpt>
      <trkpt lat="45.902549" lon="11.032008">
        <ele>171.077515</ele>
        <time>2025-04-27T12:36:05.067Z</time>
      </trkpt>
      <trkpt lat="45.90213" lon="11.033694">
        <ele>171.749998</ele>
        <time>2025-04-27T12:36:57.655Z</time>
      </trkpt>
      <trkpt lat="45.902452" lon="11.033894">
        <ele>171.919054</ele>
        <time>2025-04-27T12:37:12.116Z</time>
      </trkpt>
      <trkpt lat="45.903237" lon="11.034211">
        <ele>172.31202</ele>
        <time>2025-04-27T12:37:45.503Z</time>
      </trkpt>
      <trkpt lat="45.904134" lon="11.034519">
        <ele>172.511608</ele>
        <time>2025-04-27T12:38:22.385Z</time>
      </trkpt>
      <trkpt lat="45.905174" lon="11.034816">
        <ele>172.538227</ele>
        <time>2025-04-27T12:39:01.940Z</time>
      </trkpt>
      <trkpt lat="45.906049" lon="11.034972">
        <ele>172.619762</ele>
        <time>2025-04-27T12:39:34.001Z</time>
      </trkpt>
      <trkpt lat="45.907712" lon="11.034816">
        <ele>173.041218</ele>
        <time>2025-04-27T12:40:40.180Z</time>
      </trkpt>
      <trkpt lat="45.907801" lon="11.034861">
        <ele>173.092158</ele>
        <time>2025-04-27T12:40:44.207Z</time>
      </trkpt>
      <trkpt lat="45.907937" lon="11.035018">
        <ele>173.186341</ele>
        <time>2025-04-27T12:40:51.633Z</time>
      </trkpt>
      <trkpt lat="45.908635" lon="11.036125">
        <ele>173.727084</ele>
        <time>2025-04-27T12:41:35.805Z</time>
      </trkpt>
      <trkpt lat="45.908855" lon="11.036566">
        <ele>173.795107</ele>
        <time>2025-04-27T12:41:51.436Z</time>
      </trkpt>
      <trkpt lat="45.909592" lon="11.036949">
        <ele>173.9363</ele>
        <time>2025-04-27T12:42:22.395Z</time>
      </trkpt>
      <trkpt lat="45.910621" lon="11.037771">
        <ele>174.06252</ele>
        <time>2025-04-27T12:43:04.700Z</time>
      </trkpt>
      <trkpt lat="45.911384" lon="11.037957">
        <ele>174.090591</ele>
        <time>2025-04-27T12:43:33.734Z</time>
      </trkpt>
      <trkpt lat="45.911599" lon="11.038066">
        <ele>174.09886</ele>
        <time>2025-04-27T12:43:43.773Z</time>
      </trkpt>
      <trkpt lat="45.911653" lon="11.038117">
        <ele>174.101203</ele>
        <time>2025-04-27T12:43:46.392Z</time>
      </trkpt>
      <trkpt lat="45.911713" lon="11.038266">
        <ele>174.105548</ele>
        <time>2025-04-27T12:43:51.497Z</time>
      </trkpt>
      <trkpt lat="45.911773" lon="11.038203">
        <ele>174.095553</ele>
        <time>2025-04-27T12:43:54.433Z</time>
      </trkpt>
      <trkpt lat="45.911863" lon="11.038182">
        <ele>174.079171</ele>
        <time>2025-04-27T12:43:58.235Z</time>
      </trkpt>
      <trkpt lat="45.912068" lon="11.038302">
        <ele>174.039402</ele>
        <time>2025-04-27T12:44:07.133Z</time>
      </trkpt>
      <trkpt lat="45.912334" lon="11.038632">
        <ele>173.976271</ele>
        <time>2025-04-27T12:44:21.159Z</time>
      </trkpt>
      <trkpt lat="45.912451" lon="11.038741">
        <ele>173.95122</ele>
        <time>2025-04-27T12:44:26.550Z</time>
      </trkpt>
      <trkpt lat="45.912529" lon="11.038747">
        <ele>173.937186</ele>
        <time>2025-04-27T12:44:29.419Z</time>
      </trkpt>
      <trkpt lat="45.913509" lon="11.039661">
        <ele>173.562894</ele>
        <time>2025-04-27T12:45:09.196Z</time>
      </trkpt>
      <trkpt lat="45.91375" lon="11.039886">
        <ele>173.358772</ele>
        <time>2025-04-27T12:45:18.494Z</time>
      </trkpt>
      <trkpt lat="45.913915" lon="11.040149">
        <ele>173.183765</ele>
        <time>2025-04-27T12:45:26.650Z</time>
      </trkpt>
      <trkpt lat="45.914022" lon="11.040179">
        <ele>173.106331</ele>
        <time>2025-04-27T12:45:32.901Z</time>
      </trkpt>
      <trkpt lat="45.914072" lon="11.040198">
        <ele>173.069597</ele>
        <time>2025-04-27T12:45:34.698Z</time>
      </trkpt>
      <trkpt lat="45.914225" lon="11.040573">
        <ele>172.854766</ele>
        <time>2025-04-27T12:45:45.058Z</time>
      </trkpt>
      <trkpt lat="45.914275" lon="11.040637">
        <ele>172.807211</ele>
        <time>2025-04-27T12:45:47.319Z</time>
      </trkpt>
      <trkpt lat="45.91547" lon="11.041768">
        <ele>172.041411</ele>
        <time>2025-04-27T12:46:37.449Z</time>
      </trkpt>
      <trkpt lat="45.915974" lon="11.042329">
        <ele>171.747372</ele>
        <time>2025-04-27T12:46:59.602Z</time>
      </trkpt>
      <trkpt lat="45.916406" lon="11.042883">
        <ele>171.614348</ele>
        <time>2025-04-27T12:47:20.007Z</time>
      </trkpt>
      <trkpt lat="45.91713" lon="11.044031">
        <ele>171.458146</ele>
        <time>2025-04-27T12:47:59.463Z</time>
      </trkpt>
      <trkpt lat="45.91896" lon="11.047982">
        <ele>172.292348</ele>
        <time>2025-04-27T12:50:09.832Z</time>
      </trkpt>
      <trkpt lat="45.919802" lon="11.049345">
        <ele>172.853731</ele>
        <time>2025-04-27T12:51:03.797Z</time>
      </trkpt>
      <trkpt lat="45.920191" lon="11.050247">
        <ele>173.207092</ele>
        <time>2025-04-27T12:51:34.313Z</time>
      </trkpt>
      <trkpt lat="45.920405" lon="11.050615">
        <ele>173.366793</ele>
        <time>2025-04-27T12:51:47.463Z</time>
      </trkpt>
      <trkpt lat="45.92109" lon="11.051294">
        <ele>173.237272</ele>
        <time>2025-04-27T12:52:18.438Z</time>
      </trkpt>
      <trkpt lat="45.922617" lon="11.053064">
        <ele>172.885849</ele>
        <time>2025-04-27T12:53:28.386Z</time>
      </trkpt>
      <trkpt lat="45.923882" lon="11.054799">
        <ele>173.020477</ele>
        <time>2025-04-27T12:54:35.206Z</time>
      </trkpt>
      <trkpt lat="45.924933" lon="11.056614">
        <ele>173.532849</ele>
        <time>2025-04-27T12:55:43.200Z</time>
      </trkpt>
      <trkpt lat="45.925043" lon="11.056875">
        <ele>173.60123</ele>
        <time>2025-04-27T12:55:51.709Z</time>
      </trkpt>
      <trkpt lat="45.925106" lon="11.057018">
        <ele>173.639159</ele>
        <time>2025-04-27T12:55:56.420Z</time>
      </trkpt>
      <trkpt lat="45.925496" lon="11.057611">
        <ele>173.822022</ele>
        <time>2025-04-27T12:56:18.467Z</time>
      </trkpt>
      <trkpt lat="45.926229" lon="11.058908">
        <ele>173.793715</ele>
        <time>2025-04-27T12:57:02.064Z</time>
      </trkpt>
      <trkpt lat="45.926552" lon="11.0597">
        <ele>173.742096</ele>
        <time>2025-04-27T12:57:25.402Z</time>
      </trkpt>
      <trkpt lat="45.926792" lon="11.060607">
        <ele>173.580929</ele>
        <time>2025-04-27T12:57:49.735Z</time>
      </trkpt>
      <trkpt lat="45.926947" lon="11.06143">
        <ele>173.410094</ele>
        <time>2025-04-27T12:58:10.876Z</time>
      </trkpt>
      <trkpt lat="45.927045" lon="11.062667">
        <ele>173.212768</ele>
        <time>2025-04-27T12:58:42.128Z</time>
      </trkpt>
      <trkpt lat="45.927057" lon="11.063361">
        <ele>173.217601</ele>
        <time>2025-04-27T12:59:00.098Z</time>
      </trkpt>
      <trkpt lat="45.927032" lon="11.063971">
        <ele>173.221854</ele>
        <time>2025-04-27T12:59:16.351Z</time>
      </trkpt>
      <trkpt lat="45.92697" lon="11.064791">
        <ele>173.227596</ele>
        <time>2025-04-27T12:59:38.780Z</time>
      </trkpt>
      <trkpt lat="45.92686" lon="11.065555">
        <ele>173.273232</ele>
        <time>2025-04-27T13:00:00.060Z</time>
      </trkpt>
      <trkpt lat="45.926696" lon="11.066325">
        <ele>173.335061</ele>
        <time>2025-04-27T13:00:21.701Z</time>
      </trkpt>
      <trkpt lat="45.925683" lon="11.070423">
        <ele>173.536277</ele>
        <time>2025-04-27T13:02:16.387Z</time>
      </trkpt>
      <trkpt lat="45.925585" lon="11.070941">
        <ele>173.585779</ele>
        <time>2025-04-27T13:02:30.593Z</time>
      </trkpt>
      <trkpt lat="45.925554" lon="11.071279">
        <ele>173.617217</ele>
        <time>2025-04-27T13:02:39.722Z</time>
      </trkpt>
      <trkpt lat="45.925432" lon="11.072117">
        <ele>173.696167</ele>
        <time>2025-04-27T13:03:03.036Z</time>
      </trkpt>
      <trkpt lat="45.925362" lon="11.072887">
        <ele>173.775261</ele>
        <time>2025-04-27T13:03:24.456Z</time>
      </trkpt>
      <trkpt lat="45.925316" lon="11.074689">
        <ele>173.969471</ele>
        <time>2025-04-27T13:04:13.503Z</time>
      </trkpt>
      <trkpt lat="45.925383" lon="11.075566">
        <ele>173.939288</ele>
        <time>2025-04-27T13:04:36.090Z</time>
      </trkpt>
      <trkpt lat="45.925478" lon="11.07644">
        <ele>173.844589</ele>
        <time>2025-04-27T13:04:58.079Z</time>
      </trkpt>
      <trkpt lat="45.925571" lon="11.076979">
        <ele>173.78514</ele>
        <time>2025-04-27T13:05:11.932Z</time>
      </trkpt>
      <trkpt lat="45.925838" lon="11.078055">
        <ele>174.030355</ele>
        <time>2025-04-27T13:05:42.160Z</time>
      </trkpt>
      <trkpt lat="45.926055" lon="11.078747">
        <ele>174.430399</ele>
        <time>2025-04-27T13:06:04.656Z</time>
      </trkpt>
      <trkpt lat="45.926271" lon="11.079321">
        <ele>174.774337</ele>
        <time>2025-04-27T13:06:25.607Z</time>
      </trkpt>
      <trkpt lat="45.926327" lon="11.079688">
        <ele>174.97235</ele>
        <time>2025-04-27T13:06:37.956Z</time>
      </trkpt>
      <trkpt lat="45.92642" lon="11.079954">
        <ele>175.090456</ele>
        <time>2025-04-27T13:06:47.614Z</time>
      </trkpt>
      <trkpt lat="45.926541" lon="11.080137">
        <ele>175.099434</ele>
        <time>2025-04-27T13:06:55.729Z</time>
      </trkpt>
      <trkpt lat="45.926651" lon="11.080303">
        <ele>175.107587</ele>
        <time>2025-04-27T13:07:02.860Z</time>
      </trkpt>
      <trkpt lat="45.926784" lon="11.080692">
        <ele>175.123001</ele>
        <time>2025-04-27T13:07:15.721Z</time>
      </trkpt>
      <trkpt lat="45.926913" lon="11.080836">
        <ele>175.13135</ele>
        <time>2025-04-27T13:07:22.285Z</time>
      </trkpt>
      <trkpt lat="45.926981" lon="11.081181">
        <ele>175.144101</ele>
        <time>2025-04-27T13:07:31.805Z</time>
      </trkpt>
      <trkpt lat="45.927047" lon="11.081258">
        <ele>175.148447</ele>
        <time>2025-04-27T13:07:34.936Z</time>
      </trkpt>
      <trkpt lat="45.92713" lon="11.081256">
        <ele>175.152691</ele>
        <time>2025-04-27T13:07:38.160Z</time>
      </trkpt>
      <trkpt lat="45.927214" lon="11.081165">
        <ele>175.158068</ele>
        <time>2025-04-27T13:07:41.810Z</time>
      </trkpt>
      <trkpt lat="45.927892" lon="11.08028">
        <ele>174.712277</ele>
        <time>2025-04-27T13:08:32.664Z</time>
      </trkpt>
      <trkpt lat="45.927958" lon="11.080191">
        <ele>174.626771</ele>
        <time>2025-04-27T13:08:35.586Z</time>
      </trkpt>
      <trkpt lat="45.928023" lon="11.080259">
        <ele>174.55081</ele>
        <time>2025-04-27T13:08:38.011Z</time>
      </trkpt>
      <trkpt lat="45.928198" lon="11.08066">
        <ele>174.239666</ele>
        <time>2025-04-27T13:08:48.495Z</time>
      </trkpt>
      <trkpt lat="45.928295" lon="11.080841">
        <ele>174.089487</ele>
        <time>2025-04-27T13:08:53.672Z</time>
      </trkpt>
      <trkpt lat="45.928637" lon="11.081349">
        <ele>173.624816</ele>
        <time>2025-04-27T13:09:10.151Z</time>
      </trkpt>
      <trkpt lat="45.932977" lon="11.085795">
        <ele>174.252373</ele>
        <time>2025-04-27T13:12:36.333Z</time>
      </trkpt>
      <trkpt lat="45.93521" lon="11.088166">
        <ele>175.428169</ele>
        <time>2025-04-27T13:14:33.430Z</time>
      </trkpt>
      <trkpt lat="45.936758" lon="11.089763">
        <ele>175.179157</ele>
        <time>2025-04-27T13:15:40.795Z</time>
      </trkpt>
      <trkpt lat="45.937172" lon="11.090321">
        <ele>174.992881</ele>
        <time>2025-04-27T13:16:00.844Z</time>
      </trkpt>
      <trkpt lat="45.937363" lon="11.090634">
        <ele>174.897816</ele>
        <time>2025-04-27T13:16:11.302Z</time>
      </trkpt>
      <trkpt lat="45.939288" lon="11.09544">
        <ele>174.87015</ele>
        <time>2025-04-27T13:18:37.892Z</time>
      </trkpt>
      <trkpt lat="45.939879" lon="11.096659">
        <ele>174.827036</ele>
        <time>2025-04-27T13:19:16.317Z</time>
      </trkpt>
      <trkpt lat="45.940194" lon="11.09715">
        <ele>174.807654</ele>
        <time>2025-04-27T13:19:33.725Z</time>
      </trkpt>
      <trkpt lat="45.940367" lon="11.09735">
        <ele>174.796757</ele>
        <time>2025-04-27T13:19:42.058Z</time>
      </trkpt>
      <trkpt lat="45.940431" lon="11.097403">
        <ele>174.792502</ele>
        <time>2025-04-27T13:19:44.803Z</time>
      </trkpt>
      <trkpt lat="45.940651" lon="11.097692">
        <ele>174.775334</ele>
        <time>2025-04-27T13:20:03.405Z</time>
      </trkpt>
      <trkpt lat="45.940745" lon="11.09782">
        <ele>174.767876</ele>
        <time>2025-04-27T13:20:08.248Z</time>
      </trkpt>
      <trkpt lat="45.940993" lon="11.09805">
        <ele>174.750874</ele>
        <time>2025-04-27T13:20:19.256Z</time>
      </trkpt>
      <trkpt lat="45.941705" lon="11.098622">
        <ele>174.703886</ele>
        <time>2025-04-27T13:20:49.516Z</time>
      </trkpt>
      <trkpt lat="45.942295" lon="11.098971">
        <ele>174.822631</ele>
        <time>2025-04-27T13:21:13.151Z</time>
      </trkpt>
      <trkpt lat="45.945619" lon="11.100471">
        <ele>176.419375</ele>
        <time>2025-04-27T13:23:34.333Z</time>
      </trkpt>
      <trkpt lat="45.945349" lon="11.101619">
        <ele>177.405784</ele>
        <time>2025-04-27T13:24:17.585Z</time>
      </trkpt>
      <trkpt lat="45.945436" lon="11.101706">
        <ele>177.529823</ele>
        <time>2025-04-27T13:24:22.845Z</time>
      </trkpt>
      <trkpt lat="45.945981" lon="11.101962">
        <ele>178.006225</ele>
        <time>2025-04-27T13:24:50.122Z</time>
      </trkpt>
      <trkpt lat="45.950763" lon="11.104062">
        <ele>177.687522</ele>
        <time>2025-04-27T13:27:53.436Z</time>
      </trkpt>
      <trkpt lat="45.951246" lon="11.104304">
        <ele>177.640465</ele>
        <time>2025-04-27T13:28:12.102Z</time>
      </trkpt>
      <trkpt lat="45.951629" lon="11.104577">
        <ele>177.62807</ele>
        <time>2025-04-27T13:28:27.758Z</time>
      </trkpt>
      <trkpt lat="45.952339" lon="11.105228">
        <ele>177.603656</ele>
        <time>2025-04-27T13:28:59.337Z</time>
      </trkpt>
      <trkpt lat="45.954743" lon="11.107916">
        <ele>178.687394</ele>
        <time>2025-04-27T13:31:00.209Z</time>
      </trkpt>
      <trkpt lat="45.955195" lon="11.108339">
        <ele>179.038664</ele>
        <time>2025-04-27T13:31:23.103Z</time>
      </trkpt>
      <trkpt lat="45.955653" lon="11.108712">
        <ele>179.757701</ele>
        <time>2025-04-27T13:31:47.380Z</time>
      </trkpt>
      <trkpt lat="45.956299" lon="11.109083">
        <ele>181.203508</ele>
        <time>2025-04-27T13:32:23.807Z</time>
      </trkpt>
      <trkpt lat="45.956763" lon="11.109297">
        <ele>182.216315</ele>
        <time>2025-04-27T13:32:51.364Z</time>
      </trkpt>
      <trkpt lat="45.957514" lon="11.109461">
        <ele>183.241566</ele>
        <time>2025-04-27T13:33:32.722Z</time>
      </trkpt>
      <trkpt lat="45.958609" lon="11.10957">
        <ele>184.031496</ele>
        <time>2025-04-27T13:34:20.040Z</time>
      </trkpt>
      <trkpt lat="45.959156" lon="11.109539">
        <ele>183.804939</ele>
        <time>2025-04-27T13:34:37.452Z</time>
      </trkpt>
      <trkpt lat="45.959919" lon="11.109372">
        <ele>182.473512</ele>
        <time>2025-04-27T13:35:00.495Z</time>
      </trkpt>
      <trkpt lat="45.961184" lon="11.108981">
        <ele>180.536592</ele>
        <time>2025-04-27T13:35:38.949Z</time>
      </trkpt>
      <trkpt lat="45.963473" lon="11.108628">
        <ele>178.470479</ele>
        <time>2025-04-27T13:36:56.449Z</time>
      </trkpt>
      <trkpt lat="45.964845" lon="11.108354">
        <ele>177.905257</ele>
        <time>2025-04-27T13:37:46.101Z</time>
      </trkpt>
      <trkpt lat="45.96563" lon="11.108331">
        <ele>177.748077</ele>
        <time>2025-04-27T13:38:14.905Z</time>
      </trkpt>
      <trkpt lat="45.966396" lon="11.108361">
        <ele>177.704634</ele>
        <time>2025-04-27T13:38:43.550Z</time>
      </trkpt>
      <trkpt lat="45.973676" lon="11.109412">
        <ele>178.412605</ele>
        <time>2025-04-27T13:43:25.261Z</time>
      </trkpt>
      <trkpt lat="45.974622" lon="11.109543">
        <ele>178.379709</ele>
        <time>2025-04-27T13:44:01.128Z</time>
      </trkpt>
      <trkpt lat="45.976759" lon="11.109814">
        <ele>178.285782</ele>
        <time>2025-04-27T13:45:20.661Z</time>
      </trkpt>
      <trkpt lat="45.980687" lon="11.110445">
        <ele>179.208175</ele>
        <time>2025-04-27T13:47:57.349Z</time>
      </trkpt>
      <trkpt lat="45.981983" lon="11.111002">
        <ele>179.315166</ele>
        <time>2025-04-27T13:48:48.529Z</time>
      </trkpt>
      <trkpt lat="45.983073" lon="11.111695">
        <ele>179.455142</ele>
        <time>2025-04-27T13:49:33.959Z</time>
      </trkpt>
      <trkpt lat="45.984786" lon="11.113265">
        <ele>179.795002</ele>
        <time>2025-04-27T13:50:53.468Z</time>
      </trkpt>
      <trkpt lat="45.984866" lon="11.113356">
        <ele>179.814615</ele>
        <time>2025-04-27T13:50:57.408Z</time>
      </trkpt>
      <trkpt lat="45.984994" lon="11.113577">
        <ele>179.853066</ele>
        <time>2025-04-27T13:51:05.190Z</time>
      </trkpt>
      <trkpt lat="45.985388" lon="11.113842">
        <ele>179.949432</ele>
        <time>2025-04-27T13:51:22.099Z</time>
      </trkpt>
      <trkpt lat="45.988431" lon="11.116734">
        <ele>180.798214</ele>
        <time>2025-04-27T13:53:46.266Z</time>
      </trkpt>
      <trkpt lat="45.989697" lon="11.117906">
        <ele>180.838947</ele>
        <time>2025-04-27T13:54:43.066Z</time>
      </trkpt>
      <trkpt lat="45.990338" lon="11.118437">
        <ele>180.721348</ele>
        <time>2025-04-27T13:55:09.811Z</time>
      </trkpt>
      <trkpt lat="45.990999" lon="11.118928">
        <ele>180.603074</ele>
        <time>2025-04-27T13:55:36.703Z</time>
      </trkpt>
      <trkpt lat="45.991533" lon="11.119271">
        <ele>180.608931</ele>
        <time>2025-04-27T13:55:58.793Z</time>
      </trkpt>
      <trkpt lat="45.994661" lon="11.12117">
        <ele>181.338196</ele>
        <time>2025-04-27T13:58:13.164Z</time>
      </trkpt>
      <trkpt lat="45.995515" lon="11.121601">
        <ele>181.197578</ele>
        <time>2025-04-27T13:58:47.595Z</time>
      </trkpt>
      <trkpt lat="45.995838" lon="11.121732">
        <ele>181.145435</ele>
        <time>2025-04-27T13:58:59.651Z</time>
      </trkpt>
      <trkpt lat="45.99656" lon="11.121956">
        <ele>180.975909</ele>
        <time>2025-04-27T13:59:25.162Z</time>
      </trkpt>
      <trkpt lat="45.997287" lon="11.122109">
        <ele>180.706116</ele>
        <time>2025-04-27T13:59:50.361Z</time>
      </trkpt>
      <trkpt lat="45.999938" lon="11.122492">
        <ele>180.292499</ele>
        <time>2025-04-27T14:01:28.809Z</time>
      </trkpt>
      <trkpt lat="46.005015" lon="11.123197">
        <ele>181.527879</ele>
        <time>2025-04-27T14:04:50.738Z</time>
      </trkpt>
      <trkpt lat="46.005478" lon="11.123289">
        <ele>181.655048</ele>
        <time>2025-04-27T14:05:09.271Z</time>
      </trkpt>
      <trkpt lat="46.006" lon="11.123526">
        <ele>181.80363</ele>
        <time>2025-04-27T14:05:30.847Z</time>
      </trkpt>
      <trkpt lat="46.006319" lon="11.123629">
        <ele>181.892377</ele>
        <time>2025-04-27T14:05:43.629Z</time>
      </trkpt>
      <trkpt lat="46.006826" lon="11.123703">
        <ele>182.030714</ele>
        <time>2025-04-27T14:06:03.494Z</time>
      </trkpt>
      <trkpt lat="46.007075" lon="11.123606">
        <ele>182.11938</ele>
        <time>2025-04-27T14:06:13.431Z</time>
      </trkpt>
      <trkpt lat="46.008108" lon="11.123594">
        <ele>182.654889</ele>
        <time>2025-04-27T14:06:56.384Z</time>
      </trkpt>
      <trkpt lat="46.008302" lon="11.123802">
        <ele>182.780277</ele>
        <time>2025-04-27T14:07:06.895Z</time>
      </trkpt>
      <trkpt lat="46.009302" lon="11.124296">
        <ele>182.749334</ele>
        <time>2025-04-27T14:07:50.841Z</time>
      </trkpt>
      <trkpt lat="46.009435" lon="11.124352">
        <ele>182.689423</ele>
        <time>2025-04-27T14:07:55.680Z</time>
      </trkpt>
      <trkpt lat="46.009574" lon="11.124398">
        <ele>182.627759</ele>
        <time>2025-04-27T14:08:00.550Z</time>
      </trkpt>
      <trkpt lat="46.009694" lon="11.124396">
        <ele>182.575874</ele>
        <time>2025-04-27T14:08:04.608Z</time>
      </trkpt>
      <trkpt lat="46.009832" lon="11.124307">
        <ele>182.510497</ele>
        <time>2025-04-27T14:08:09.628Z</time>
      </trkpt>
      <trkpt lat="46.010109" lon="11.124025">
        <ele>182.363823</ele>
        <time>2025-04-27T14:08:20.610Z</time>
      </trkpt>
      <trkpt lat="46.010336" lon="11.123738">
        <ele>182.232867</ele>
        <time>2025-04-27T14:08:30.285Z</time>
      </trkpt>
      <trkpt lat="46.010754" lon="11.123662">
        <ele>182.015403</ele>
        <time>2025-04-27T14:08:43.730Z</time>
      </trkpt>
      <trkpt lat="46.010885" lon="11.12361">
        <ele>181.945265</ele>
        <time>2025-04-27T14:08:48.074Z</time>
      </trkpt>
      <trkpt lat="46.01244" lon="11.123621">
        <ele>181.366176</ele>
        <time>2025-04-27T14:09:44.544Z</time>
      </trkpt>
      <trkpt lat="46.01417" lon="11.123621">
        <ele>181.727618</ele>
        <time>2025-04-27T14:10:53.615Z</time>
      </trkpt>
      <trkpt lat="46.015115" lon="11.123619">
        <ele>182.045627</ele>
        <time>2025-04-27T14:11:31.482Z</time>
      </trkpt>
      <trkpt lat="46.015479" lon="11.123714">
        <ele>182.170115</ele>
        <time>2025-04-27T14:11:46.256Z</time>
      </trkpt>
      <trkpt lat="46.016277" lon="11.123726">
        <ele>182.329189</ele>
        <time>2025-04-27T14:12:17.999Z</time>
      </trkpt>
      <trkpt lat="46.028845" lon="11.123734">
        <ele>184.169629</ele>
        <time>2025-04-27T14:20:23.787Z</time>
      </trkpt>
      <trkpt lat="46.029098" lon="11.123681">
        <ele>184.238842</ele>
        <time>2025-04-27T14:20:33.888Z</time>
      </trkpt>
      <trkpt lat="46.029831" lon="11.123836">
        <ele>184.439407</ele>
        <time>2025-04-27T14:21:03.543Z</time>
      </trkpt>
      <trkpt lat="46.030313" lon="11.123976">
        <ele>184.611356</ele>
        <time>2025-04-27T14:21:23.427Z</time>
      </trkpt>
      <trkpt lat="46.031873" lon="11.124519">
        <ele>185.314752</ele>
        <time>2025-04-27T14:22:29.026Z</time>
      </trkpt>
      <trkpt lat="46.032446" lon="11.124636">
        <ele>185.544728</ele>
        <time>2025-04-27T14:22:52.855Z</time>
      </trkpt>
      <trkpt lat="46.032654" lon="11.124642">
        <ele>185.6274</ele>
        <time>2025-04-27T14:23:01.406Z</time>
      </trkpt>
      <trkpt lat="46.033271" lon="11.124608">
        <ele>185.872765</ele>
        <time>2025-04-27T14:23:26.303Z</time>
      </trkpt>
      <trkpt lat="46.033608" lon="11.124521">
        <ele>186.008817</ele>
        <time>2025-04-27T14:23:39.804Z</time>
      </trkpt>
      <trkpt lat="46.033943" lon="11.124433">
        <ele>186.026128</ele>
        <time>2025-04-27T14:23:53.036Z</time>
      </trkpt>
      <trkpt lat="46.034635" lon="11.124558">
        <ele>186.050187</ele>
        <time>2025-04-27T14:24:20.269Z</time>
      </trkpt>
      <trkpt lat="46.034764" lon="11.124587">
        <ele>186.054692</ele>
        <time>2025-04-27T14:24:25.185Z</time>
      </trkpt>
      <trkpt lat="46.035142" lon="11.124659">
        <ele>186.067845</ele>
        <time>2025-04-27T14:24:39.215Z</time>
      </trkpt>
      <trkpt lat="46.03522" lon="11.124647">
        <ele>186.070551</ele>
        <time>2025-04-27T14:24:42.081Z</time>
      </trkpt>
      <trkpt lat="46.035246" lon="11.124604">
        <ele>186.071917</ele>
        <time>2025-04-27T14:24:43.480Z</time>
      </trkpt>
      <trkpt lat="46.035334" lon="11.124605">
        <ele>186.074953</ele>
        <time>2025-04-27T14:24:46.692Z</time>
      </trkpt>
      <trkpt lat="46.036609" lon="11.124662">
        <ele>186.047722</ele>
        <time>2025-04-27T14:25:33.008Z</time>
      </trkpt>
      <trkpt lat="46.036814" lon="11.124602">
        <ele>186.042698</ele>
        <time>2025-04-27T14:25:41.027Z</time>
      </trkpt>
      <trkpt lat="46.036903" lon="11.124609">
        <ele>186.040558</ele>
        <time>2025-04-27T14:25:44.551Z</time>
      </trkpt>
      <trkpt lat="46.037204" lon="11.124669">
        <ele>186.048109</ele>
        <time>2025-04-27T14:25:56.527Z</time>
      </trkpt>
      <trkpt lat="46.037517" lon="11.12459">
        <ele>186.265017</ele>
        <time>2025-04-27T14:26:09.667Z</time>
      </trkpt>
      <trkpt lat="46.037956" lon="11.124483">
        <ele>186.568936</ele>
        <time>2025-04-27T14:26:29.229Z</time>
      </trkpt>
      <trkpt lat="46.038" lon="11.124363">
        <ele>186.633242</ele>
        <time>2025-04-27T14:26:33.412Z</time>
      </trkpt>
      <trkpt lat="46.038023" lon="11.124355">
        <ele>186.649393</ele>
        <time>2025-04-27T14:26:34.448Z</time>
      </trkpt>
      <trkpt lat="46.038059" lon="11.12435">
        <ele>186.674081</ele>
        <time>2025-04-27T14:26:36.034Z</time>
      </trkpt>
      <trkpt lat="46.038096" lon="11.124345">
        <ele>186.699448</ele>
        <time>2025-04-27T14:26:37.667Z</time>
      </trkpt>
      <trkpt lat="46.038125" lon="11.124429">
        <ele>186.743901</ele>
        <time>2025-04-27T14:26:40.512Z</time>
      </trkpt>
      <trkpt lat="46.038198" lon="11.124441">
        <ele>186.794054</ele>
        <time>2025-04-27T14:26:43.699Z</time>
      </trkpt>
      <trkpt lat="46.038512" lon="11.124381">
        <ele>187.010267</ele>
        <time>2025-04-27T14:26:57.216Z</time>
      </trkpt>
      <trkpt lat="46.038657" lon="11.124347">
        <ele>187.110547</ele>
        <time>2025-04-27T14:27:03.404Z</time>
      </trkpt>
      <trkpt lat="46.039347" lon="11.12417">
        <ele>187.611155</ele>
        <time>2025-04-27T14:27:32.903Z</time>
      </trkpt>
      <trkpt lat="46.039523" lon="11.124125">
        <ele>187.741445</ele>
        <time>2025-04-27T14:27:40.575Z</time>
      </trkpt>
      <trkpt lat="46.039943" lon="11.124016">
        <ele>188.052508</ele>
        <time>2025-04-27T14:27:58.608Z</time>
      </trkpt>
      <trkpt lat="46.040327" lon="11.123923">
        <ele>188.33633</ele>
        <time>2025-04-27T14:28:15.349Z</time>
      </trkpt>
      <trkpt lat="46.040623" lon="11.123841">
        <ele>188.556035</ele>
        <time>2025-04-27T14:28:28.148Z</time>
      </trkpt>
      <trkpt lat="46.040787" lon="11.123798">
        <ele>188.662582</ele>
        <time>2025-04-27T14:28:35.519Z</time>
      </trkpt>
      <trkpt lat="46.041293" lon="11.123672">
        <ele>188.983562</ele>
        <time>2025-04-27T14:28:58.117Z</time>
      </trkpt>
      <trkpt lat="46.041359" lon="11.123658">
        <ele>189.025262</ele>
        <time>2025-04-27T14:29:01.002Z</time>
      </trkpt>
      <trkpt lat="46.041457" lon="11.123632">
        <ele>189.08755</ele>
        <time>2025-04-27T14:29:05.294Z</time>
      </trkpt>
      <trkpt lat="46.041837" lon="11.123533">
        <ele>189.328933</ele>
        <time>2025-04-27T14:29:21.732Z</time>
      </trkpt>
      <trkpt lat="46.042173" lon="11.123312">
        <ele>189.559814</ele>
        <time>2025-04-27T14:29:36.716Z</time>
      </trkpt>
      <trkpt lat="46.042567" lon="11.123131">
        <ele>189.773807</ele>
        <time>2025-04-27T14:29:52.763Z</time>
      </trkpt>
      <trkpt lat="46.043418" lon="11.122653">
        <ele>190.135588</ele>
        <time>2025-04-27T14:30:28.070Z</time>
      </trkpt>
      <trkpt lat="46.044634" lon="11.121697">
        <ele>191.02242</ele>
        <time>2025-04-27T14:31:27.423Z</time>
      </trkpt>
      <trkpt lat="46.044822" lon="11.121588">
        <ele>191.201375</ele>
        <time>2025-04-27T14:31:36.484Z</time>
      </trkpt>
      <trkpt lat="46.044913" lon="11.12151">
        <ele>191.294881</ele>
        <time>2025-04-27T14:31:41.213Z</time>
      </trkpt>
      <trkpt lat="46.044963" lon="11.121426">
        <ele>191.362707</ele>
        <time>2025-04-27T14:31:44.680Z</time>
      </trkpt>
      <trkpt lat="46.045411" lon="11.121076">
        <ele>191.812742</ele>
        <time>2025-04-27T14:32:07.538Z</time>
      </trkpt>
      <trkpt lat="46.045727" lon="11.120824">
        <ele>192.044156</ele>
        <time>2025-04-27T14:32:23.615Z</time>
      </trkpt>
      <trkpt lat="46.046062" lon="11.120572">
        <ele>192.160083</ele>
        <time>2025-04-27T14:32:39.959Z</time>
      </trkpt>
      <trkpt lat="46.047274" lon="11.119629">
        <ele>192.533473</ele>
        <time>2025-04-27T14:33:33.093Z</time>
      </trkpt>
      <trkpt lat="46.047332" lon="11.119626">
        <ele>192.525008</ele>
        <time>2025-04-27T14:33:35.154Z</time>
      </trkpt>
      <trkpt lat="46.047351" lon="11.119684">
        <ele>192.518515</ele>
        <time>2025-04-27T14:33:36.680Z</time>
      </trkpt>
      <trkpt lat="46.04737" lon="11.119741">
        <ele>192.512113</ele>
        <time>2025-04-27T14:33:38.130Z</time>
      </trkpt>
      <trkpt lat="46.047665" lon="11.119584">
        <ele>192.46624</ele>
        <time>2025-04-27T14:33:48.860Z</time>
      </trkpt>
      <trkpt lat="46.047854" lon="11.119547">
        <ele>192.438418</ele>
        <time>2025-04-27T14:33:55.481Z</time>
      </trkpt>
      <trkpt lat="46.048392" lon="11.119555">
        <ele>192.359937</ele>
        <time>2025-04-27T14:34:14.344Z</time>
      </trkpt>
      <trkpt lat="46.048443" lon="11.119563">
        <ele>192.352454</ele>
        <time>2025-04-27T14:34:16.172Z</time>
      </trkpt>
      <trkpt lat="46.048499" lon="11.119572">
        <ele>192.344235</ele>
        <time>2025-04-27T14:34:18.250Z</time>
      </trkpt>
      <trkpt lat="46.048504" lon="11.119573">
        <ele>192.343498</ele>
        <time>2025-04-27T14:34:18.454Z</time>
      </trkpt>
      <trkpt lat="46.048695" lon="11.11963">
        <ele>192.315046</ele>
        <time>2025-04-27T14:34:25.893Z</time>
      </trkpt>
      <trkpt lat="46.048727" lon="11.119588">
        <ele>192.308732</ele>
        <time>2025-04-27T14:34:27.554Z</time>
      </trkpt>
      <trkpt lat="46.049234" lon="11.119795">
        <ele>192.907737</ele>
        <time>2025-04-27T14:34:49.196Z</time>
      </trkpt>
      <trkpt lat="46.04973" lon="11.120013">
        <ele>193.760209</ele>
        <time>2025-04-27T14:35:15.225Z</time>
      </trkpt>
      <trkpt lat="46.050074" lon="11.12034">
        <ele>194.437696</ele>
        <time>2025-04-27T14:35:37.095Z</time>
      </trkpt>
      <trkpt lat="46.0502" lon="11.120423">
        <ele>194.665449</ele>
        <time>2025-04-27T14:35:44.476Z</time>
      </trkpt>
      <trkpt lat="46.050386" lon="11.120522">
        <ele>194.991412</ele>
        <time>2025-04-27T14:35:55.107Z</time>
      </trkpt>
      <trkpt lat="46.050508" lon="11.120572">
        <ele>195.199924</ele>
        <time>2025-04-27T14:36:01.798Z</time>
      </trkpt>
      <trkpt lat="46.050813" lon="11.120585">
        <ele>195.570451</ele>
        <time>2025-04-27T14:36:17.814Z</time>
      </trkpt>
      <trkpt lat="46.051094" lon="11.120643">
        <ele>195.903477</ele>
        <time>2025-04-27T14:36:32.429Z</time>
      </trkpt>
      <trkpt lat="46.051307" lon="11.120752">
        <ele>196.168654</ele>
        <time>2025-04-27T14:36:43.984Z</time>
      </trkpt>
      <trkpt lat="46.051583" lon="11.120919">
        <ele>196.51984</ele>
        <time>2025-04-27T14:36:57.688Z</time>
      </trkpt>
      <trkpt lat="46.052412" lon="11.121487">
        <ele>197.421518</ele>
        <time>2025-04-27T14:37:33.266Z</time>
      </trkpt>
      <trkpt lat="46.052493" lon="11.121524">
        <ele>197.449281</ele>
        <time>2025-04-27T14:37:36.422Z</time>
      </trkpt>
      <trkpt lat="46.052557" lon="11.121578">
        <ele>197.473514</ele>
        <time>2025-04-27T14:37:39.195Z</time>
      </trkpt>
      <trkpt lat="46.05258" lon="11.121554">
        <ele>197.482792</ele>
        <time>2025-04-27T14:37:40.256Z</time>
      </trkpt>
      <trkpt lat="46.052664" lon="11.121332">
        <ele>197.540127</ele>
        <time>2025-04-27T14:37:46.812Z</time>
      </trkpt>
      <trkpt lat="46.052684" lon="11.121276">
        <ele>197.554408</ele>
        <time>2025-04-27T14:37:48.478Z</time>
      </trkpt>
      <trkpt lat="46.052732" lon="11.121307">
        <ele>197.571594</ele>
        <time>2025-04-27T14:37:50.462Z</time>
      </trkpt>
      <trkpt lat="46.052785" lon="11.121342">
        <ele>197.590643</ele>
        <time>2025-04-27T14:37:52.647Z</time>
      </trkpt>
      <trkpt lat="46.052771" lon="11.121379">
        <ele>197.600199</ele>
        <time>2025-04-27T14:37:53.764Z</time>
      </trkpt>
      <trkpt lat="46.054312" lon="11.122533">
        <ele>198.651085</ele>
        <time>2025-04-27T14:39:26.007Z</time>
      </trkpt>
      <trkpt lat="46.054351" lon="11.122618">
        <ele>198.723598</ele>
        <time>2025-04-27T14:39:29.941Z</time>
      </trkpt>
      <trkpt lat="46.054766" lon="11.123001">
        <ele>199.228953</ele>
        <time>2025-04-27T14:39:58.156Z</time>
      </trkpt>
      <trkpt lat="46.054935" lon="11.123105">
        <ele>199.417394</ele>
        <time>2025-04-27T14:40:08.998Z</time>
      </trkpt>
      <trkpt lat="46.055006" lon="11.123169">
        <ele>199.503272</ele>
        <time>2025-04-27T14:40:13.974Z</time>
      </trkpt>
      <trkpt lat="46.055156" lon="11.123328">
        <ele>199.694221</ele>
        <time>2025-04-27T14:40:25.228Z</time>
      </trkpt>
      <trkpt lat="46.055173" lon="11.123386">
        <ele>199.739025</ele>
        <time>2025-04-27T14:40:27.888Z</time>
      </trkpt>
      <trkpt lat="46.056181" lon="11.124318">
        <ele>201.883141</ele>
        <time>2025-04-27T14:41:42.938Z</time>
      </trkpt>
      <trkpt lat="46.056209" lon="11.124319">
        <ele>201.934135</ele>
        <time>2025-04-27T14:41:44.763Z</time>
      </trkpt>
      <trkpt lat="46.056231" lon="11.124316">
        <ele>201.974368</ele>
        <time>2025-04-27T14:41:46.176Z</time>
      </trkpt>
      <trkpt lat="46.056312" lon="11.124352">
        <ele>202.128695</ele>
        <time>2025-04-27T14:41:51.654Z</time>
      </trkpt>
      <trkpt lat="46.056516" lon="11.124307">
        <ele>202.504434</ele>
        <time>2025-04-27T14:42:04.631Z</time>
      </trkpt>
      <trkpt lat="46.056698" lon="11.124458">
        <ele>202.886788</ele>
        <time>2025-04-27T14:42:17.446Z</time>
      </trkpt>
      <trkpt lat="46.056801" lon="11.124482">
        <ele>203.075668</ele>
        <time>2025-04-27T14:42:23.759Z</time>
      </trkpt>
      <trkpt lat="46.057056" lon="11.124673">
        <ele>203.563757</ele>
        <time>2025-04-27T14:42:41.246Z</time>
      </trkpt>
      <trkpt lat="46.057206" lon="11.124885">
        <ele>203.920585</ele>
        <time>2025-04-27T14:42:54.010Z</time>
      </trkpt>
      <trkpt lat="46.057343" lon="11.12494">
        <ele>204.16212</ele>
        <time>2025-04-27T14:43:02.687Z</time>
      </trkpt>
      <trkpt lat="46.057438" lon="11.124986">
        <ele>204.332328</ele>
        <time>2025-04-27T14:43:08.838Z</time>
      </trkpt>
      <trkpt lat="46.057623" lon="11.125202">
        <ele>204.736708</ele>
        <time>2025-04-27T14:43:23.513Z</time>
      </trkpt>
      <trkpt lat="46.057696" lon="11.125288">
        <ele>204.896845</ele>
        <time>2025-04-27T14:43:29.229Z</time>
      </trkpt>
      <trkpt lat="46.057773" lon="11.125453">
        <ele>205.131187</ele>
        <time>2025-04-27T14:43:37.570Z</time>
      </trkpt>
      <trkpt lat="46.057874" lon="11.125541">
        <ele>205.331637</ele>
        <time>2025-04-27T14:43:44.721Z</time>
      </trkpt>
      <trkpt lat="46.057964" lon="11.125671">
        <ele>205.548056</ele>
        <time>2025-04-27T14:43:52.421Z</time>
      </trkpt>
      <trkpt lat="46.058064" lon="11.125729">
        <ele>205.731131</ele>
        <time>2025-04-27T14:43:58.968Z</time>
      </trkpt>
      <trkpt lat="46.058422" lon="11.126133">
        <ele>206.464382</ele>
        <time>2025-04-27T14:44:26.895Z</time>
      </trkpt>
      <trkpt lat="46.058521" lon="11.12639">
        <ele>206.775982</ele>
        <time>2025-04-27T14:44:39.563Z</time>
      </trkpt>
      <trkpt lat="46.058708" lon="11.126635">
        <ele>207.162064</ele>
        <time>2025-04-27T14:44:55.219Z</time>
      </trkpt>
      <trkpt lat="46.058891" lon="11.126885">
        <ele>207.547273</ele>
        <time>2025-04-27T14:45:07.521Z</time>
      </trkpt>
      <trkpt lat="46.058826" lon="11.12696">
        <ele>207.674476</ele>
        <time>2025-04-27T14:45:11.644Z</time>
      </trkpt>
      <trkpt lat="46.058862" lon="11.127017">
        <ele>207.75618</ele>
        <time>2025-04-27T14:45:14.189Z</time>
      </trkpt>
      <trkpt lat="46.058901" lon="11.12708">
        <ele>207.845676</ele>
        <time>2025-04-27T14:45:17.058Z</time>
      </trkpt>
      <trkpt lat="46.058972" lon="11.12711">
        <ele>207.958705</ele>
        <time>2025-04-27T14:45:20.627Z</time>
      </trkpt>
      <trkpt lat="46.059001" lon="11.127087">
        <ele>208.009272</ele>
        <time>2025-04-27T14:45:22.165Z</time>
      </trkpt>
      <trkpt lat="46.059024" lon="11.127132">
        <ele>208.068518</ele>
        <time>2025-04-27T14:45:24.095Z</time>
      </trkpt>
      <trkpt lat="46.059073" lon="11.127144">
        <ele>208.144445</ele>
        <time>2025-04-27T14:45:26.486Z</time>
      </trkpt>
      <trkpt lat="46.059785" lon="11.128218">
        <ele>209.450358</ele>
        <time>2025-04-27T14:46:13.857Z</time>
      </trkpt>
      <trkpt lat="46.05983" lon="11.128279">
        <ele>209.515114</ele>
        <time>2025-04-27T14:46:16.620Z</time>
      </trkpt>
      <trkpt lat="46.06068" lon="11.129521">
        <ele>210.794928</ele>
        <time>2025-04-27T14:47:09.809Z</time>
      </trkpt>
      <trkpt lat="46.060974" lon="11.129956">
        <ele>211.373459</ele>
        <time>2025-04-27T14:47:29.095Z</time>
      </trkpt>
      <trkpt lat="46.061001" lon="11.129995">
        <ele>211.425946</ele>
        <time>2025-04-27T14:47:30.867Z</time>
      </trkpt>
      <trkpt lat="46.061042" lon="11.130054">
        <ele>211.505498</ele>
        <time>2025-04-27T14:47:33.643Z</time>
      </trkpt>
      <trkpt lat="46.061123" lon="11.130172">
        <ele>211.663633</ele>
        <time>2025-04-27T14:47:39.050Z</time>
      </trkpt>
      <trkpt lat="46.061618" lon="11.130894">
        <ele>212.630614</ele>
        <time>2025-04-27T14:48:13.500Z</time>
      </trkpt>
      <trkpt lat="46.062399" lon="11.132029">
        <ele>214.103805</ele>
        <time>2025-04-27T14:49:05.147Z</time>
      </trkpt>
      <trkpt lat="46.062486" lon="11.132115">
        <ele>214.240965</ele>
        <time>2025-04-27T14:49:10.003Z</time>
      </trkpt>
      <trkpt lat="46.062563" lon="11.132204">
        <ele>214.369293</ele>
        <time>2025-04-27T14:49:14.491Z</time>
      </trkpt>
      <trkpt lat="46.062589" lon="11.13229">
        <ele>214.453919</ele>
        <time>2025-04-27T14:49:17.588Z</time>
      </trkpt>
      <trkpt lat="46.062606" lon="11.132304">
        <ele>214.479374</ele>
        <time>2025-04-27T14:49:18.467Z</time>
      </trkpt>
      <trkpt lat="46.06266" lon="11.13242">
        <ele>214.605388</ele>
        <time>2025-04-27T14:49:22.987Z</time>
      </trkpt>
      <trkpt lat="46.062746" lon="11.132537">
        <ele>214.759146</ele>
        <time>2025-04-27T14:49:28.424Z</time>
      </trkpt>
      <trkpt lat="46.06345" lon="11.13357">
        <ele>216.217003</ele>
        <time>2025-04-27T14:50:14.716Z</time>
      </trkpt>
      <trkpt lat="46.064341" lon="11.134818">
        <ele>218.313701</ele>
        <time>2025-04-27T14:51:15.157Z</time>
      </trkpt>
      <trkpt lat="46.064964" lon="11.135726">
        <ele>222.199233</ele>
        <time>2025-04-27T14:52:04.611Z</time>
      </trkpt>
      <trkpt lat="46.065125" lon="11.135498">
        <ele>223.328093</ele>
        <time>2025-04-27T14:52:19.376Z</time>
      </trkpt>
      <trkpt lat="46.065149" lon="11.135444">
        <ele>223.550625</ele>
        <time>2025-04-27T14:52:22.610Z</time>
      </trkpt>
      <trkpt lat="46.065179" lon="11.135497">
        <ele>223.787977</ele>
        <time>2025-04-27T14:52:26.087Z</time>
      </trkpt>
      <trkpt lat="46.065238" lon="11.135603">
        <ele>224.259536</ele>
        <time>2025-04-27T14:52:33.029Z</time>
      </trkpt>
      <trkpt lat="46.065457" lon="11.135741">
        <ele>225.454926</ele>
        <time>2025-04-27T14:52:52.002Z</time>
      </trkpt>
      <trkpt lat="46.065711" lon="11.135802">
        <ele>226.742766</ele>
        <time>2025-04-27T14:53:14.474Z</time>
      </trkpt>
      <trkpt lat="46.065952" lon="11.136037">
        <ele>228.812245</ele>
        <time>2025-04-27T14:53:41.911Z</time>
      </trkpt>
      <trkpt lat="46.066292" lon="11.136236">
        <ele>232.492925</ele>
        <time>2025-04-27T14:54:21.780Z</time>
      </trkpt>
      <trkpt lat="46.066307" lon="11.136245">
        <ele>232.655892</ele>
        <time>2025-04-27T14:54:25.268Z</time>
      </trkpt>
      <trkpt lat="46.066328" lon="11.136258">
        <ele>232.885129</ele>
        <time>2025-04-27T14:54:27.986Z</time>
      </trkpt>
      <trkpt lat="46.066343" lon="11.136185">
        <ele>233.414953</ele>
        <time>2025-04-27T14:54:34.241Z</time>
      </trkpt>
      <trkpt lat="46.066431" lon="11.136299">
        <ele>234.601731</ele>
        <time>2025-04-27T14:54:47.355Z</time>
      </trkpt>
      <trkpt lat="46.066516" lon="11.136337">
        <ele>235.494355</ele>
        <time>2025-04-27T14:54:57.295Z</time>
      </trkpt>
      <trkpt lat="46.06666" lon="11.136357">
        <ele>236.945371</ele>
        <time>2025-04-27T14:55:13.912Z</time>
      </trkpt>
      <trkpt lat="46.06775" lon="11.136215">
        <ele>245.627601</ele>
        <time>2025-04-27T14:57:15.243Z</time>
      </trkpt>
      <trkpt lat="46.067971" lon="11.136216">
        <ele>245.627601</ele>
        <time>2025-04-27T14:57:36.546Z</time>
      </trkpt>
      <trkpt lat="46.068663" lon="11.136345">
        <ele>245.627601</ele>
        <time>2025-04-27T14:58:37.925Z</time>
      </trkpt>
      <trkpt lat="46.068812" lon="11.136376">
        <ele>245.627601</ele>
        <time>2025-04-27T14:58:49.494Z</time>
      </trkpt>
      <trkpt lat="46.069009" lon="11.136417">
        <ele>245.627601</ele>
        <time>2025-04-27T14:59:03.716Z</time>
      </trkpt>
      <trkpt lat="46.069115" lon="11.136438">
        <ele>245.627601</ele>
        <time>2025-04-27T14:59:11.155Z</time>
      </trkpt>
      <trkpt lat="46.069175" lon="11.136451">
        <ele>245.627601</ele>
        <time>2025-04-27T14:59:15.208Z</time>
      </trkpt>
      <trkpt lat="46.069184" lon="11.136453">
        <ele>245.627601</ele>
        <time>2025-04-27T14:59:15.760Z</time>
      </trkpt>
      <trkpt lat="46.069587" lon="11.136542">
        <ele>245.627601</ele>
        <time>2025-04-27T14:59:41.459Z</time>
      </trkpt>
      <trkpt lat="46.06959" lon="11.136487">
        <ele>245.627601</ele>
        <time>2025-04-27T14:59:44.086Z</time>
      </trkpt>
      <trkpt lat="46.069601" lon="11.136286">
        <ele>245.627601</ele>
        <time>2025-04-27T14:59:53.674Z</time>
      </trkpt>
      <trkpt lat="46.069629" lon="11.135804">
        <ele>260</ele>
        <time>2025-04-27T14:59:53.674Z</time>
      </trkpt>
    </trkseg>
  </trk>
</gpx>
